DATAFLOW,REF_AREA,FREQ,MEASURE,UNIT_MEASURE,ACTIVITY,ADJUSTMENT,TRANSFORMATION,TIME_HORIZ,METHODOLOGY,TIME_PERIOD,OBS_VALUE,OBS_STATUS,UNIT_MULT,DECIMALS,BASE_PER
OECD.SDD.STES:DSD_STES@DF_CLI(4.1),USA,M,LI,IX,_Z,AA,IX,_Z,H,2024-08,99.37421,A,0,2,
OECD.SDD.STES:DSD_STES@DF_CLI(4.1),USA,M,LI,IX,_Z,AA,IX,_Z,H,2024-07,99.31796,A,0,2,
OECD.SDD.STES:DSD_STES@DF_CLI(4.1),FRA,M,LI,IX,_Z,AA,IX,_Z,H,2024-02,99.3931,A,0,2,
OECD.SDD.STES:DSD_STES@DF_CLI(4.1),FRA,M,LI,IX,_Z,AA,IX,_Z,H,2024-01,99.4361,A,0,2,
OECD.SDD.STES:DSD_STES@DF_CLI(4.1),USA,M,LI,IX,_Z,AA,IX,_Z,H,2024-12,99.75657,A,0,2,
OECD.SDD.STES:DSD_STES@DF_CLI(4.1),USA,M,LI,IX,_Z,AA,IX,_Z,H,2024-11,99.6934,A,0,2,
OECD.SDD.STES:DSD_STES@DF_CLI(4.1),FRA,M,LI,IX,_Z,AA,IX,_Z,H,2023-10,99.43249,A,0,2,
OECD.SDD.STES:DSD_STES@DF_CLI(4.1),FRA,M,LI,IX,_Z,AA,IX,_Z,H,2025-01,99.21031,A,0,2,
OECD.SDD.STES:DSD_STES@DF_CLI(4.1),FRA,M,LI,IX,_Z,AA,IX,_Z,H,2024-12,99.11281,A,0,2,
OECD.SDD.STES:DSD_STES@DF_CLI(4.1),FRA,M,LI,IX,_Z,AA,IX,_Z,H,2024-11,99.01608,A,0,2,
OECD.SDD.STES:DSD_STES@DF_CLI(4.1),FRA,M,LI,IX,_Z,AA,IX,_Z,H,2024-10,98.9468,A,0,2,
OECD.SDD.STES:DSD_STES@DF_CLI(4.1),FRA,M,LI,IX,_Z,AA,IX,_Z,H,2024-09,98.91753,A,0,2,
OECD.SDD.STES:DSD_STES@DF_CLI(4.1),FRA,M,LI,IX,_Z,AA,IX,_Z,H,2024-08,98.90833,A,0,2,
OECD.SDD.STES:DSD_STES@DF_CLI(4.1),FRA,M,LI,IX,_Z,AA,IX,_Z,H,2024-07,98.93005,A,0,2,
OECD.SDD.STES:DSD_STES@DF_CLI(4.1),FRA,M,LI,IX,_Z,AA,IX,_Z,H,2024-06,99.0002,A,0,2,
OECD.SDD.STES:DSD_STES@DF_CLI(4.1),FRA,M,LI,IX,_Z,AA,IX,_Z,H,2008-01,101.8701,A,0,2,
OECD.SDD.STES:DSD_STES@DF_CLI(4.1),FRA,M,LI,IX,_Z,AA,IX,_Z,H,2007-12,102.1611,A,0,2,
OECD.SDD.STES:DSD_STES@DF_CLI(4.1),FRA,M,LI,IX,_Z,AA,IX,_Z,H,2026-01,100.4758,A,0,2,
OECD.SDD.STES:DSD_STES@DF_CLI(4.1),FRA,M,LI,IX,_Z,AA,IX,_Z,H,2025-12,100.4306,A,0,2,
OECD.SDD.STES:DSD_STES@DF_CLI(4.1),FRA,M,LI,IX,_Z,AA,IX,_Z,H,2025-11,100.3241,A,0,2,
OECD.SDD.STES:DSD_STES@DF_CLI(4.1),FRA,M,LI,IX,_Z,AA,IX,_Z,H,2025-10,100.1583,A,0,2,
OECD.SDD.STES:DSD_STES@DF_CLI(4.1),FRA,M,LI,IX,_Z,AA,IX,_Z,H,2021-08,101.2743,A,0,2,
OECD.SDD.STES:DSD_STES@DF_CLI(4.1),FRA,M,LI,IX,_Z,AA,IX,_Z,H,2021-07,101.1185,A,0,2,
OECD.SDD.STES:DSD_STES@DF_CLI(4.1),FRA,M,LI,IX,_Z,AA,IX,_Z,H,2021-06,100.8813,A,0,2,
OECD.SDD.STES:DSD_STES@DF_CLI(4.1),FRA,M,LI,IX,_Z,AA,IX,_Z,H,2021-05,100.4459,A,0,2,
OECD.SDD.STES:DSD_STES@DF_CLI(4.1),FRA,M,LI,IX,_Z,AA,IX,_Z,H,2021-04,99.91261,A,0,2,
OECD.SDD.STES:DSD_STES@DF_CLI(4.1),FRA,M,LI,IX,_Z,AA,IX,_Z,H,2021-03,99.46099,A,0,2,
OECD.SDD.STES:DSD_STES@DF_CLI(4.1),FRA,M,LI,IX,_Z,AA,IX,_Z,H,2021-02,99.00438,A,0,2,
OECD.SDD.STES:DSD_STES@DF_CLI(4.1),FRA,M,LI,IX,_Z,AA,IX,_Z,H,2021-01,98.80193,A,0,2,
OECD.SDD.STES:DSD_STES@DF_CLI(4.1),FRA,M,LI,IX,_Z,AA,IX,_Z,H,2020-12,98.53587,A,0,2,
OECD.SDD.STES:DSD_STES@DF_CLI(4.1),FRA,M,LI,IX,_Z,AA,IX,_Z,H,2020-11,98.49812,A,0,2,
OECD.SDD.STES:DSD_STES@DF_CLI(4.1),FRA,M,LI,IX,_Z,AA,IX,_Z,H,2020-10,98.40218,A,0,2,
OECD.SDD.STES:DSD_STES@DF_CLI(4.1),FRA,M,LI,IX,_Z,AA,IX,_Z,H,2020-09,98.22094,A,0,2,
OECD.SDD.STES:DSD_STES@DF_CLI(4.1),FRA,M,LI,IX,_Z,AA,IX,_Z,H,2020-08,98.1447,A,0,2,
OECD.SDD.STES:DSD_STES@DF_CLI(4.1),FRA,M,LI,IX,_Z,AA,IX,_Z,H,2025-09,99.94333,A,0,2,
OECD.SDD.STES:DSD_STES@DF_CLI(4.1),FRA,M,LI,IX,_Z,AA,IX,_Z,H,2025-08,99.73135,A,0,2,
OECD.SDD.STES:DSD_STES@DF_CLI(4.1),FRA,M,LI,IX,_Z,AA,IX,_Z,H,2025-07,99.55773,A,0,2,
OECD.SDD.STES:DSD_STES@DF_CLI(4.1),FRA,M,LI,IX,_Z,AA,IX,_Z,H,2025-06,99.4378,A,0,2,
OECD.SDD.STES:DSD_STES@DF_CLI(4.1),FRA,M,LI,IX,_Z,AA,IX,_Z,H,2023-12,99.45382,A,0,2,
OECD.SDD.STES:DSD_STES@DF_CLI(4.1),FRA,M,LI,IX,_Z,AA,IX,_Z,H,2023-11,99.44677,A,0,2,
OECD.SDD.STES:DSD_STES@DF_CLI(4.1),FRA,M,LI,IX,_Z,AA,IX,_Z,H,2013-12,99.31403,A,0,2,
OECD.SDD.STES:DSD_STES@DF_CLI(4.1),FRA,M,LI,IX,_Z,AA,IX,_Z,H,2013-11,99.31456,A,0,2,
OECD.SDD.STES:DSD_STES@DF_CLI(4.1),FRA,M,LI,IX,_Z,AA,IX,_Z,H,2013-10,99.2784,A,0,2,
OECD.SDD.STES:DSD_STES@DF_CLI(4.1),FRA,M,LI,IX,_Z,AA,IX,_Z,H,2013-09,99.18416,A,0,2,
OECD.SDD.STES:DSD_STES@DF_CLI(4.1),FRA,M,LI,IX,_Z,AA,IX,_Z,H,2013-08,99.04231,A,0,2,
OECD.SDD.STES:DSD_STES@DF_CLI(4.1),FRA,M,LI,IX,_Z,AA,IX,_Z,H,2013-07,98.87985,A,0,2,
OECD.SDD.STES:DSD_STES@DF_CLI(4.1),FRA,M,LI,IX,_Z,AA,IX,_Z,H,2013-06,98.73761,A,0,2,
OECD.SDD.STES:DSD_STES@DF_CLI(4.1),FRA,M,LI,IX,_Z,AA,IX,_Z,H,2013-05,98.64754,A,0,2,
OECD.SDD.STES:DSD_STES@DF_CLI(4.1),FRA,M,LI,IX,_Z,AA,IX,_Z,H,2013-04,98.61514,A,0,2,
OECD.SDD.STES:DSD_STES@DF_CLI(4.1),FRA,M,LI,IX,_Z,AA,IX,_Z,H,2013-03,98.63136,A,0,2,
OECD.SDD.STES:DSD_STES@DF_CLI(4.1),FRA,M,LI,IX,_Z,AA,IX,_Z,H,2013-02,98.67843,A,0,2,
OECD.SDD.STES:DSD_STES@DF_CLI(4.1),FRA,M,LI,IX,_Z,AA,IX,_Z,H,2013-01,98.74169,A,0,2,
OECD.SDD.STES:DSD_STES@DF_CLI(4.1),FRA,M,LI,IX,_Z,AA,IX,_Z,H,2012-12,98.83511,A,0,2,
OECD.SDD.STES:DSD_STES@DF_CLI(4.1),FRA,M,LI,IX,_Z,AA,IX,_Z,H,2012-11,98.94601,A,0,2,
OECD.SDD.STES:DSD_STES@DF_CLI(4.1),FRA,M,LI,IX,_Z,AA,IX,_Z,H,2012-10,99.08374,A,0,2,
OECD.SDD.STES:DSD_STES@DF_CLI(4.1),FRA,M,LI,IX,_Z,AA,IX,_Z,H,2012-09,99.25693,A,0,2,
OECD.SDD.STES:DSD_STES@DF_CLI(4.1),FRA,M,LI,IX,_Z,AA,IX,_Z,H,2012-08,99.44937,A,0,2,
OECD.SDD.STES:DSD_STES@DF_CLI(4.1),FRA,M,LI,IX,_Z,AA,IX,_Z,H,2012-07,99.63676,A,0,2,
OECD.SDD.STES:DSD_STES@DF_CLI(4.1),FRA,M,LI,IX,_Z,AA,IX,_Z,H,2012-06,99.80717,A,0,2,
OECD.SDD.STES:DSD_STES@DF_CLI(4.1),FRA,M,LI,IX,_Z,AA,IX,_Z,H,2012-05,99.93614,A,0,2,
OECD.SDD.STES:DSD_STES@DF_CLI(4.1),FRA,M,LI,IX,_Z,AA,IX,_Z,H,2012-04,100.0096,A,0,2,
OECD.SDD.STES:DSD_STES@DF_CLI(4.1),FRA,M,LI,IX,_Z,AA,IX,_Z,H,2012-03,100.038,A,0,2,
OECD.SDD.STES:DSD_STES@DF_CLI(4.1),FRA,M,LI,IX,_Z,AA,IX,_Z,H,2012-02,100.0399,A,0,2,
OECD.SDD.STES:DSD_STES@DF_CLI(4.1),FRA,M,LI,IX,_Z,AA,IX,_Z,H,2012-01,100.0632,A,0,2,
OECD.SDD.STES:DSD_STES@DF_CLI(4.1),FRA,M,LI,IX,_Z,AA,IX,_Z,H,2011-12,100.1462,A,0,2,
OECD.SDD.STES:DSD_STES@DF_CLI(4.1),FRA,M,LI,IX,_Z,AA,IX,_Z,H,2011-11,100.2987,A,0,2,
OECD.SDD.STES:DSD_STES@DF_CLI(4.1),FRA,M,LI,IX,_Z,AA,IX,_Z,H,2011-10,100.5079,A,0,2,
OECD.SDD.STES:DSD_STES@DF_CLI(4.1),FRA,M,LI,IX,_Z,AA,IX,_Z,H,2011-09,100.7593,A,0,2,
OECD.SDD.STES:DSD_STES@DF_CLI(4.1),FRA,M,LI,IX,_Z,AA,IX,_Z,H,2011-08,101.0455,A,0,2,
OECD.SDD.STES:DSD_STES@DF_CLI(4.1),FRA,M,LI,IX,_Z,AA,IX,_Z,H,2011-07,101.3365,A,0,2,
OECD.SDD.STES:DSD_STES@DF_CLI(4.1),FRA,M,LI,IX,_Z,AA,IX,_Z,H,2011-06,101.5895,A,0,2,
OECD.SDD.STES:DSD_STES@DF_CLI(4.1),FRA,M,LI,IX,_Z,AA,IX,_Z,H,2011-05,101.8023,A,0,2,
OECD.SDD.STES:DSD_STES@DF_CLI(4.1),FRA,M,LI,IX,_Z,AA,IX,_Z,H,2011-04,101.9692,A,0,2,
OECD.SDD.STES:DSD_STES@DF_CLI(4.1),FRA,M,LI,IX,_Z,AA,IX,_Z,H,2011-03,102.0831,A,0,2,
OECD.SDD.STES:DSD_STES@DF_CLI(4.1),FRA,M,LI,IX,_Z,AA,IX,_Z,H,2011-02,102.1082,A,0,2,
OECD.SDD.STES:DSD_STES@DF_CLI(4.1),FRA,M,LI,IX,_Z,AA,IX,_Z,H,2011-01,102.024,A,0,2,
OECD.SDD.STES:DSD_STES@DF_CLI(4.1),FRA,M,LI,IX,_Z,AA,IX,_Z,H,2010-12,101.8258,A,0,2,
OECD.SDD.STES:DSD_STES@DF_CLI(4.1),FRA,M,LI,IX,_Z,AA,IX,_Z,H,2010-11,101.5403,A,0,2,
OECD.SDD.STES:DSD_STES@DF_CLI(4.1),FRA,M,LI,IX,_Z,AA,IX,_Z,H,2010-10,101.188,A,0,2,
OECD.SDD.STES:DSD_STES@DF_CLI(4.1),FRA,M,LI,IX,_Z,AA,IX,_Z,H,2010-09,100.8117,A,0,2,
OECD.SDD.STES:DSD_STES@DF_CLI(4.1),FRA,M,LI,IX,_Z,AA,IX,_Z,H,2010-08,100.4509,A,0,2,
OECD.SDD.STES:DSD_STES@DF_CLI(4.1),FRA,M,LI,IX,_Z,AA,IX,_Z,H,2010-07,100.147,A,0,2,
OECD.SDD.STES:DSD_STES@DF_CLI(4.1),FRA,M,LI,IX,_Z,AA,IX,_Z,H,2010-06,99.93126,A,0,2,
OECD.SDD.STES:DSD_STES@DF_CLI(4.1),FRA,M,LI,IX,_Z,AA,IX,_Z,H,2010-05,99.81793,A,0,2,
OECD.SDD.STES:DSD_STES@DF_CLI(4.1),FRA,M,LI,IX,_Z,AA,IX,_Z,H,2026-09,100.6636,A,0,2,
OECD.SDD.STES:DSD_STES@DF_CLI(4.1),FRA,M,LI,IX,_Z,AA,IX,_Z,H,2024-05,99.10352,A,0,2,
OECD.SDD.STES:DSD_STES@DF_CLI(4.1),FRA,M,LI,IX,_Z,AA,IX,_Z,H,2024-04,99.21788,A,0,2,
OECD.SDD.STES:DSD_STES@DF_CLI(4.1),FRA,M,LI,IX,_Z,AA,IX,_Z,H,2024-03,99.32236,A,0,2,
OECD.SDD.STES:DSD_STES@DF_CLI(4.1),FRA,M,LI,IX,_Z,AA,IX,_Z,H,2002-04,99.35476,A,0,2,
OECD.SDD.STES:DSD_STES@DF_CLI(4.1),FRA,M,LI,IX,_Z,AA,IX,_Z,H,2002-03,99.34106,A,0,2,
OECD.SDD.STES:DSD_STES@DF_CLI(4.1),FRA,M,LI,IX,_Z,AA,IX,_Z,H,2002-02,99.26626,A,0,2,
OECD.SDD.STES:DSD_STES@DF_CLI(4.1),FRA,M,LI,IX,_Z,AA,IX,_Z,H,2002-01,99.16515,A,0,2,
OECD.SDD.STES:DSD_STES@DF_CLI(4.1),FRA,M,LI,IX,_Z,AA,IX,_Z,H,2001-12,99.06956,A,0,2,
OECD.SDD.STES:DSD_STES@DF_CLI(4.1),FRA,M,LI,IX,_Z,AA,IX,_Z,H,2001-11,99.03288,A,0,2,
OECD.SDD.STES:DSD_STES@DF_CLI(4.1),FRA,M,LI,IX,_Z,AA,IX,_Z,H,2001-10,99.11436,A,0,2,
OECD.SDD.STES:DSD_STES@DF_CLI(4.1),FRA,M,LI,IX,_Z,AA,IX,_Z,H,2001-09,99.3317,A,0,2,
OECD.SDD.STES:DSD_STES@DF_CLI(4.1),FRA,M,LI,IX,_Z,AA,IX,_Z,H,2001-08,99.67099,A,0,2,
OECD.SDD.STES:DSD_STES@DF_CLI(4.1),FRA,M,LI,IX,_Z,AA,IX,_Z,H,2001-07,100.0813,A,0,2,
OECD.SDD.STES:DSD_STES@DF_CLI(4.1),FRA,M,LI,IX,_Z,AA,IX,_Z,H,2001-06,100.5152,A,0,2,
OECD.SDD.STES:DSD_STES@DF_CLI(4.1),FRA,M,LI,IX,_Z,AA,IX,_Z,H,2001-05,100.9329,A,0,2,
OECD.SDD.STES:DSD_STES@DF_CLI(4.1),FRA,M,LI,IX,_Z,AA,IX,_Z,H,2001-04,101.3199,A,0,2,
OECD.SDD.STES:DSD_STES@DF_CLI(4.1),FRA,M,LI,IX,_Z,AA,IX,_Z,H,2001-03,101.676,A,0,2,
OECD.SDD.STES:DSD_STES@DF_CLI(4.1),FRA,M,LI,IX,_Z,AA,IX,_Z,H,2001-02,102.0012,A,0,2,
OECD.SDD.STES:DSD_STES@DF_CLI(4.1),FRA,M,LI,IX,_Z,AA,IX,_Z,H,2001-01,102.2803,A,0,2,
OECD.SDD.STES:DSD_STES@DF_CLI(4.1),FRA,M,LI,IX,_Z,AA,IX,_Z,H,2000-12,102.5087,A,0,2,
OECD.SDD.STES:DSD_STES@DF_CLI(4.1),FRA,M,LI,IX,_Z,AA,IX,_Z,H,2000-11,102.6879,A,0,2,
OECD.SDD.STES:DSD_STES@DF_CLI(4.1),FRA,M,LI,IX,_Z,AA,IX,_Z,H,2000-10,102.8172,A,0,2,
OECD.SDD.STES:DSD_STES@DF_CLI(4.1),FRA,M,LI,IX,_Z,AA,IX,_Z,H,2000-09,102.9021,A,0,2,
OECD.SDD.STES:DSD_STES@DF_CLI(4.1),FRA,M,LI,IX,_Z,AA,IX,_Z,H,2000-08,102.9523,A,0,2,
OECD.SDD.STES:DSD_STES@DF_CLI(4.1),FRA,M,LI,IX,_Z,AA,IX,_Z,H,2000-07,102.9759,A,0,2,
OECD.SDD.STES:DSD_STES@DF_CLI(4.1),FRA,M,LI,IX,_Z,AA,IX,_Z,H,2000-06,102.9636,A,0,2,
OECD.SDD.STES:DSD_STES@DF_CLI(4.1),FRA,M,LI,IX,_Z,AA,IX,_Z,H,2000-05,102.9108,A,0,2,
OECD.SDD.STES:DSD_STES@DF_CLI(4.1),FRA,M,LI,IX,_Z,AA,IX,_Z,H,2000-04,102.8247,A,0,2,
OECD.SDD.STES:DSD_STES@DF_CLI(4.1),FRA,M,LI,IX,_Z,AA,IX,_Z,H,2000-03,102.7008,A,0,2,
OECD.SDD.STES:DSD_STES@DF_CLI(4.1),FRA,M,LI,IX,_Z,AA,IX,_Z,H,2000-02,102.542,A,0,2,
OECD.SDD.STES:DSD_STES@DF_CLI(4.1),FRA,M,LI,IX,_Z,AA,IX,_Z,H,2000-01,102.3639,A,0,2,
OECD.SDD.STES:DSD_STES@DF_CLI(4.1),FRA,M,LI,IX,_Z,AA,IX,_Z,H,2020-07,97.84486,A,0,2,
OECD.SDD.STES:DSD_STES@DF_CLI(4.1),FRA,M,LI,IX,_Z,AA,IX,_Z,H,2020-06,97.95084,A,0,2,
OECD.SDD.STES:DSD_STES@DF_CLI(4.1),FRA,M,LI,IX,_Z,AA,IX,_Z,H,2020-05,93.63323,A,0,2,
OECD.SDD.STES:DSD_STES@DF_CLI(4.1),FRA,M,LI,IX,_Z,AA,IX,_Z,H,2020-04,88.37077,A,0,2,
OECD.SDD.STES:DSD_STES@DF_CLI(4.1),FRA,M,LI,IX,_Z,AA,IX,_Z,H,2020-03,95.94818,A,0,2,
OECD.SDD.STES:DSD_STES@DF_CLI(4.1),FRA,M,LI,IX,_Z,AA,IX,_Z,H,2020-02,100.0325,A,0,2,
OECD.SDD.STES:DSD_STES@DF_CLI(4.1),FRA,M,LI,IX,_Z,AA,IX,_Z,H,2020-01,100.0212,A,0,2,
OECD.SDD.STES:DSD_STES@DF_CLI(4.1),FRA,M,LI,IX,_Z,AA,IX,_Z,H,2019-12,100.0452,A,0,2,
OECD.SDD.STES:DSD_STES@DF_CLI(4.1),FRA,M,LI,IX,_Z,AA,IX,_Z,H,2019-11,100.0807,A,0,2,
OECD.SDD.STES:DSD_STES@DF_CLI(4.1),FRA,M,LI,IX,_Z,AA,IX,_Z,H,2019-10,100.1053,A,0,2,
OECD.SDD.STES:DSD_STES@DF_CLI(4.1),FRA,M,LI,IX,_Z,AA,IX,_Z,H,2019-09,100.1157,A,0,2,
OECD.SDD.STES:DSD_STES@DF_CLI(4.1),FRA,M,LI,IX,_Z,AA,IX,_Z,H,2019-08,100.0993,A,0,2,
OECD.SDD.STES:DSD_STES@DF_CLI(4.1),FRA,M,LI,IX,_Z,AA,IX,_Z,H,2019-07,100.0363,A,0,2,
OECD.SDD.STES:DSD_STES@DF_CLI(4.1),FRA,M,LI,IX,_Z,AA,IX,_Z,H,2019-06,99.94845,A,0,2,
OECD.SDD.STES:DSD_STES@DF_CLI(4.1),FRA,M,LI,IX,_Z,AA,IX,_Z,H,2019-05,99.85342,A,0,2,
OECD.SDD.STES:DSD_STES@DF_CLI(4.1),FRA,M,LI,IX,_Z,AA,IX,_Z,H,2019-04,99.74406,A,0,2,
OECD.SDD.STES:DSD_STES@DF_CLI(4.1),FRA,M,LI,IX,_Z,AA,IX,_Z,H,2019-03,99.62345,A,0,2,
OECD.SDD.STES:DSD_STES@DF_CLI(4.1),FRA,M,LI,IX,_Z,AA,IX,_Z,H,2019-02,99.49638,A,0,2,
OECD.SDD.STES:DSD_STES@DF_CLI(4.1),FRA,M,LI,IX,_Z,AA,IX,_Z,H,2019-01,99.39532,A,0,2,
OECD.SDD.STES:DSD_STES@DF_CLI(4.1),FRA,M,LI,IX,_Z,AA,IX,_Z,H,2018-12,99.3652,A,0,2,
OECD.SDD.STES:DSD_STES@DF_CLI(4.1),FRA,M,LI,IX,_Z,AA,IX,_Z,H,2018-11,99.44501,A,0,2,
OECD.SDD.STES:DSD_STES@DF_CLI(4.1),FRA,M,LI,IX,_Z,AA,IX,_Z,H,2018-10,99.61326,A,0,2,
OECD.SDD.STES:DSD_STES@DF_CLI(4.1),FRA,M,LI,IX,_Z,AA,IX,_Z,H,2018-09,99.8502,A,0,2,
OECD.SDD.STES:DSD_STES@DF_CLI(4.1),FRA,M,LI,IX,_Z,AA,IX,_Z,H,2018-08,100.1407,A,0,2,
OECD.SDD.STES:DSD_STES@DF_CLI(4.1),FRA,M,LI,IX,_Z,AA,IX,_Z,H,2018-07,100.4334,A,0,2,
OECD.SDD.STES:DSD_STES@DF_CLI(4.1),FRA,M,LI,IX,_Z,AA,IX,_Z,H,2018-06,100.6833,A,0,2,
OECD.SDD.STES:DSD_STES@DF_CLI(4.1),FRA,M,LI,IX,_Z,AA,IX,_Z,H,2018-05,100.8836,A,0,2,
OECD.SDD.STES:DSD_STES@DF_CLI(4.1),FRA,M,LI,IX,_Z,AA,IX,_Z,H,2018-04,101.0436,A,0,2,
OECD.SDD.STES:DSD_STES@DF_CLI(4.1),FRA,M,LI,IX,_Z,AA,IX,_Z,H,2018-03,101.1748,A,0,2,
OECD.SDD.STES:DSD_STES@DF_CLI(4.1),FRA,M,LI,IX,_Z,AA,IX,_Z,H,2018-02,101.2906,A,0,2,
OECD.SDD.STES:DSD_STES@DF_CLI(4.1),FRA,M,LI,IX,_Z,AA,IX,_Z,H,2018-01,101.3841,A,0,2,
OECD.SDD.STES:DSD_STES@DF_CLI(4.1),FRA,M,LI,IX,_Z,AA,IX,_Z,H,2017-12,101.435,A,0,2,
OECD.SDD.STES:DSD_STES@DF_CLI(4.1),FRA,M,LI,IX,_Z,AA,IX,_Z,H,2017-11,101.4407,A,0,2,
OECD.SDD.STES:DSD_STES@DF_CLI(4.1),FRA,M,LI,IX,_Z,AA,IX,_Z,H,2017-10,101.4136,A,0,2,
OECD.SDD.STES:DSD_STES@DF_CLI(4.1),FRA,M,LI,IX,_Z,AA,IX,_Z,H,2017-09,101.3654,A,0,2,
OECD.SDD.STES:DSD_STES@DF_CLI(4.1),FRA,M,LI,IX,_Z,AA,IX,_Z,H,2017-08,101.3068,A,0,2,
OECD.SDD.STES:DSD_STES@DF_CLI(4.1),FRA,M,LI,IX,_Z,AA,IX,_Z,H,2017-07,101.2486,A,0,2,
OECD.SDD.STES:DSD_STES@DF_CLI(4.1),FRA,M,LI,IX,_Z,AA,IX,_Z,H,2017-06,101.1833,A,0,2,
OECD.SDD.STES:DSD_STES@DF_CLI(4.1),FRA,M,LI,IX,_Z,AA,IX,_Z,H,2017-05,101.0989,A,0,2,
OECD.SDD.STES:DSD_STES@DF_CLI(4.1),FRA,M,LI,IX,_Z,AA,IX,_Z,H,2017-04,100.9937,A,0,2,
OECD.SDD.STES:DSD_STES@DF_CLI(4.1),FRA,M,LI,IX,_Z,AA,IX,_Z,H,2017-03,100.8738,A,0,2,
OECD.SDD.STES:DSD_STES@DF_CLI(4.1),FRA,M,LI,IX,_Z,AA,IX,_Z,H,2017-02,100.7424,A,0,2,
OECD.SDD.STES:DSD_STES@DF_CLI(4.1),FRA,M,LI,IX,_Z,AA,IX,_Z,H,2017-01,100.5929,A,0,2,
OECD.SDD.STES:DSD_STES@DF_CLI(4.1),FRA,M,LI,IX,_Z,AA,IX,_Z,H,2016-12,100.422,A,0,2,
OECD.SDD.STES:DSD_STES@DF_CLI(4.1),FRA,M,LI,IX,_Z,AA,IX,_Z,H,2016-11,100.2409,A,0,2,
OECD.SDD.STES:DSD_STES@DF_CLI(4.1),FRA,M,LI,IX,_Z,AA,IX,_Z,H,2016-10,100.0642,A,0,2,
OECD.SDD.STES:DSD_STES@DF_CLI(4.1),FRA,M,LI,IX,_Z,AA,IX,_Z,H,2016-09,99.90911,A,0,2,
OECD.SDD.STES:DSD_STES@DF_CLI(4.1),FRA,M,LI,IX,_Z,AA,IX,_Z,H,2016-08,99.79306,A,0,2,
OECD.SDD.STES:DSD_STES@DF_CLI(4.1),FRA,M,LI,IX,_Z,AA,IX,_Z,H,2016-07,99.741,A,0,2,
OECD.SDD.STES:DSD_STES@DF_CLI(4.1),FRA,M,LI,IX,_Z,AA,IX,_Z,H,2016-06,99.75842,A,0,2,
OECD.SDD.STES:DSD_STES@DF_CLI(4.1),FRA,M,LI,IX,_Z,AA,IX,_Z,H,2016-05,99.82983,A,0,2,
OECD.SDD.STES:DSD_STES@DF_CLI(4.1),FRA,M,LI,IX,_Z,AA,IX,_Z,H,2016-04,99.92551,A,0,2,
OECD.SDD.STES:DSD_STES@DF_CLI(4.1),FRA,M,LI,IX,_Z,AA,IX,_Z,H,2016-03,100.02,A,0,2,
OECD.SDD.STES:DSD_STES@DF_CLI(4.1),FRA,M,LI,IX,_Z,AA,IX,_Z,H,2016-02,100.095,A,0,2,
OECD.SDD.STES:DSD_STES@DF_CLI(4.1),FRA,M,LI,IX,_Z,AA,IX,_Z,H,2016-01,100.1365,A,0,2,
OECD.SDD.STES:DSD_STES@DF_CLI(4.1),FRA,M,LI,IX,_Z,AA,IX,_Z,H,2015-12,100.1425,A,0,2,
OECD.SDD.STES:DSD_STES@DF_CLI(4.1),FRA,M,LI,IX,_Z,AA,IX,_Z,H,2015-11,100.1224,A,0,2,
OECD.SDD.STES:DSD_STES@DF_CLI(4.1),FRA,M,LI,IX,_Z,AA,IX,_Z,H,2015-10,100.0837,A,0,2,
OECD.SDD.STES:DSD_STES@DF_CLI(4.1),FRA,M,LI,IX,_Z,AA,IX,_Z,H,2015-09,100.0267,A,0,2,
OECD.SDD.STES:DSD_STES@DF_CLI(4.1),FRA,M,LI,IX,_Z,AA,IX,_Z,H,2015-08,99.95455,A,0,2,
OECD.SDD.STES:DSD_STES@DF_CLI(4.1),FRA,M,LI,IX,_Z,AA,IX,_Z,H,2015-07,99.87737,A,0,2,
OECD.SDD.STES:DSD_STES@DF_CLI(4.1),FRA,M,LI,IX,_Z,AA,IX,_Z,H,2015-06,99.80267,A,0,2,
OECD.SDD.STES:DSD_STES@DF_CLI(4.1),FRA,M,LI,IX,_Z,AA,IX,_Z,H,2015-05,99.72729,A,0,2,
OECD.SDD.STES:DSD_STES@DF_CLI(4.1),FRA,M,LI,IX,_Z,AA,IX,_Z,H,2015-04,99.64364,A,0,2,
OECD.SDD.STES:DSD_STES@DF_CLI(4.1),FRA,M,LI,IX,_Z,AA,IX,_Z,H,2015-03,99.52551,A,0,2,
OECD.SDD.STES:DSD_STES@DF_CLI(4.1),FRA,M,LI,IX,_Z,AA,IX,_Z,H,2015-02,99.36658,A,0,2,
OECD.SDD.STES:DSD_STES@DF_CLI(4.1),FRA,M,LI,IX,_Z,AA,IX,_Z,H,2025-05,99.37051,A,0,2,
OECD.SDD.STES:DSD_STES@DF_CLI(4.1),FRA,M,LI,IX,_Z,AA,IX,_Z,H,2025-04,99.34447,A,0,2,
OECD.SDD.STES:DSD_STES@DF_CLI(4.1),FRA,M,LI,IX,_Z,AA,IX,_Z,H,2025-03,99.32478,A,0,2,
OECD.SDD.STES:DSD_STES@DF_CLI(4.1),FRA,M,LI,IX,_Z,AA,IX,_Z,H,2025-02,99.29004,A,0,2,
OECD.SDD.STES:DSD_STES@DF_CLI(4.1),FRA,M,LI,IX,_Z,AA,IX,_Z,H,2014-01,99.28234,A,0,2,
OECD.SDD.STES:DSD_STES@DF_CLI(4.1),FRA,M,LI,IX,_Z,AA,IX,_Z,H,2007-10,102.5838,A,0,2,
OECD.SDD.STES:DSD_STES@DF_CLI(4.1),FRA,M,LI,IX,_Z,AA,IX,_Z,H,2007-09,102.7323,A,0,2,
OECD.SDD.STES:DSD_STES@DF_CLI(4.1),FRA,M,LI,IX,_Z,AA,IX,_Z,H,2007-08,102.8456,A,0,2,
OECD.SDD.STES:DSD_STES@DF_CLI(4.1),FRA,M,LI,IX,_Z,AA,IX,_Z,H,2007-07,102.9122,A,0,2,
OECD.SDD.STES:DSD_STES@DF_CLI(4.1),FRA,M,LI,IX,_Z,AA,IX,_Z,H,2007-06,102.914,A,0,2,
OECD.SDD.STES:DSD_STES@DF_CLI(4.1),FRA,M,LI,IX,_Z,AA,IX,_Z,H,2007-05,102.8586,A,0,2,
OECD.SDD.STES:DSD_STES@DF_CLI(4.1),FRA,M,LI,IX,_Z,AA,IX,_Z,H,2007-04,102.7642,A,0,2,
OECD.SDD.STES:DSD_STES@DF_CLI(4.1),FRA,M,LI,IX,_Z,AA,IX,_Z,H,2007-03,102.6527,A,0,2,
OECD.SDD.STES:DSD_STES@DF_CLI(4.1),FRA,M,LI,IX,_Z,AA,IX,_Z,H,2007-02,102.5316,A,0,2,
OECD.SDD.STES:DSD_STES@DF_CLI(4.1),FRA,M,LI,IX,_Z,AA,IX,_Z,H,2007-01,102.3867,A,0,2,
OECD.SDD.STES:DSD_STES@DF_CLI(4.1),FRA,M,LI,IX,_Z,AA,IX,_Z,H,2006-12,102.2152,A,0,2,
OECD.SDD.STES:DSD_STES@DF_CLI(4.1),FRA,M,LI,IX,_Z,AA,IX,_Z,H,2006-11,102.0305,A,0,2,
OECD.SDD.STES:DSD_STES@DF_CLI(4.1),FRA,M,LI,IX,_Z,AA,IX,_Z,H,2006-10,101.842,A,0,2,
OECD.SDD.STES:DSD_STES@DF_CLI(4.1),FRA,M,LI,IX,_Z,AA,IX,_Z,H,2006-09,101.6659,A,0,2,
OECD.SDD.STES:DSD_STES@DF_CLI(4.1),FRA,M,LI,IX,_Z,AA,IX,_Z,H,2006-08,101.5239,A,0,2,
OECD.SDD.STES:DSD_STES@DF_CLI(4.1),FRA,M,LI,IX,_Z,AA,IX,_Z,H,2006-07,101.4143,A,0,2,
OECD.SDD.STES:DSD_STES@DF_CLI(4.1),FRA,M,LI,IX,_Z,AA,IX,_Z,H,2006-06,101.3439,A,0,2,
OECD.SDD.STES:DSD_STES@DF_CLI(4.1),FRA,M,LI,IX,_Z,AA,IX,_Z,H,2006-05,101.3,A,0,2,
OECD.SDD.STES:DSD_STES@DF_CLI(4.1),FRA,M,LI,IX,_Z,AA,IX,_Z,H,2006-04,101.2568,A,0,2,
OECD.SDD.STES:DSD_STES@DF_CLI(4.1),FRA,M,LI,IX,_Z,AA,IX,_Z,H,2006-03,101.1798,A,0,2,
OECD.SDD.STES:DSD_STES@DF_CLI(4.1),FRA,M,LI,IX,_Z,AA,IX,_Z,H,2006-02,101.0615,A,0,2,
OECD.SDD.STES:DSD_STES@DF_CLI(4.1),FRA,M,LI,IX,_Z,AA,IX,_Z,H,2006-01,100.889,A,0,2,
OECD.SDD.STES:DSD_STES@DF_CLI(4.1),FRA,M,LI,IX,_Z,AA,IX,_Z,H,2005-12,100.6764,A,0,2,
OECD.SDD.STES:DSD_STES@DF_CLI(4.1),FRA,M,LI,IX,_Z,AA,IX,_Z,H,2005-11,100.4461,A,0,2,
OECD.SDD.STES:DSD_STES@DF_CLI(4.1),FRA,M,LI,IX,_Z,AA,IX,_Z,H,2005-10,100.2345,A,0,2,
OECD.SDD.STES:DSD_STES@DF_CLI(4.1),FRA,M,LI,IX,_Z,AA,IX,_Z,H,2005-09,100.066,A,0,2,
OECD.SDD.STES:DSD_STES@DF_CLI(4.1),FRA,M,LI,IX,_Z,AA,IX,_Z,H,2005-08,99.92218,A,0,2,
OECD.SDD.STES:DSD_STES@DF_CLI(4.1),FRA,M,LI,IX,_Z,AA,IX,_Z,H,2005-07,99.80399,A,0,2,
OECD.SDD.STES:DSD_STES@DF_CLI(4.1),FRA,M,LI,IX,_Z,AA,IX,_Z,H,2005-06,99.72408,A,0,2,
OECD.SDD.STES:DSD_STES@DF_CLI(4.1),FRA,M,LI,IX,_Z,AA,IX,_Z,H,2005-05,99.68671,A,0,2,
OECD.SDD.STES:DSD_STES@DF_CLI(4.1),FRA,M,LI,IX,_Z,AA,IX,_Z,H,2005-04,99.70325,A,0,2,
OECD.SDD.STES:DSD_STES@DF_CLI(4.1),FRA,M,LI,IX,_Z,AA,IX,_Z,H,2005-03,99.75894,A,0,2,
OECD.SDD.STES:DSD_STES@DF_CLI(4.1),FRA,M,LI,IX,_Z,AA,IX,_Z,H,2005-02,99.82379,A,0,2,
OECD.SDD.STES:DSD_STES@DF_CLI(4.1),FRA,M,LI,IX,_Z,AA,IX,_Z,H,2005-01,99.87871,A,0,2,
OECD.SDD.STES:DSD_STES@DF_CLI(4.1),FRA,M,LI,IX,_Z,AA,IX,_Z,H,2004-12,99.90848,A,0,2,
OECD.SDD.STES:DSD_STES@DF_CLI(4.1),FRA,M,LI,IX,_Z,AA,IX,_Z,H,2004-11,99.89919,A,0,2,
OECD.SDD.STES:DSD_STES@DF_CLI(4.1),FRA,M,LI,IX,_Z,AA,IX,_Z,H,2004-10,99.85316,A,0,2,
OECD.SDD.STES:DSD_STES@DF_CLI(4.1),FRA,M,LI,IX,_Z,AA,IX,_Z,H,2004-09,99.78466,A,0,2,
OECD.SDD.STES:DSD_STES@DF_CLI(4.1),FRA,M,LI,IX,_Z,AA,IX,_Z,H,2004-08,99.70325,A,0,2,
OECD.SDD.STES:DSD_STES@DF_CLI(4.1),FRA,M,LI,IX,_Z,AA,IX,_Z,H,2004-07,99.6177,A,0,2,
OECD.SDD.STES:DSD_STES@DF_CLI(4.1),FRA,M,LI,IX,_Z,AA,IX,_Z,H,2004-06,99.5266,A,0,2,
OECD.SDD.STES:DSD_STES@DF_CLI(4.1),FRA,M,LI,IX,_Z,AA,IX,_Z,H,2004-05,99.43155,A,0,2,
OECD.SDD.STES:DSD_STES@DF_CLI(4.1),FRA,M,LI,IX,_Z,AA,IX,_Z,H,2004-04,99.3277,A,0,2,
OECD.SDD.STES:DSD_STES@DF_CLI(4.1),FRA,M,LI,IX,_Z,AA,IX,_Z,H,2004-03,99.21423,A,0,2,
OECD.SDD.STES:DSD_STES@DF_CLI(4.1),FRA,M,LI,IX,_Z,AA,IX,_Z,H,2004-02,99.07735,A,0,2,
OECD.SDD.STES:DSD_STES@DF_CLI(4.1),FRA,M,LI,IX,_Z,AA,IX,_Z,H,2004-01,98.91213,A,0,2,
OECD.SDD.STES:DSD_STES@DF_CLI(4.1),FRA,M,LI,IX,_Z,AA,IX,_Z,H,2023-09,99.41848,A,0,2,
OECD.SDD.STES:DSD_STES@DF_CLI(4.1),FRA,M,LI,IX,_Z,AA,IX,_Z,H,2023-08,99.39756,A,0,2,
OECD.SDD.STES:DSD_STES@DF_CLI(4.1),FRA,M,LI,IX,_Z,AA,IX,_Z,H,2023-07,99.36512,A,0,2,
OECD.SDD.STES:DSD_STES@DF_CLI(4.1),FRA,M,LI,IX,_Z,AA,IX,_Z,H,2023-06,99.33106,A,0,2,
OECD.SDD.STES:DSD_STES@DF_CLI(4.1),FRA,M,LI,IX,_Z,AA,IX,_Z,H,2023-05,99.31089,A,0,2,
OECD.SDD.STES:DSD_STES@DF_CLI(4.1),FRA,M,LI,IX,_Z,AA,IX,_Z,H,2023-04,99.3041,A,0,2,
OECD.SDD.STES:DSD_STES@DF_CLI(4.1),FRA,M,LI,IX,_Z,AA,IX,_Z,H,2023-03,99.31136,A,0,2,
OECD.SDD.STES:DSD_STES@DF_CLI(4.1),FRA,M,LI,IX,_Z,AA,IX,_Z,H,2023-02,99.33138,A,0,2,
OECD.SDD.STES:DSD_STES@DF_CLI(4.1),FRA,M,LI,IX,_Z,AA,IX,_Z,H,2023-01,99.36526,A,0,2,
OECD.SDD.STES:DSD_STES@DF_CLI(4.1),FRA,M,LI,IX,_Z,AA,IX,_Z,H,2022-12,99.41309,A,0,2,
OECD.SDD.STES:DSD_STES@DF_CLI(4.1),FRA,M,LI,IX,_Z,AA,IX,_Z,H,2022-11,99.47205,A,0,2,
OECD.SDD.STES:DSD_STES@DF_CLI(4.1),FRA,M,LI,IX,_Z,AA,IX,_Z,H,2022-10,99.52952,A,0,2,
OECD.SDD.STES:DSD_STES@DF_CLI(4.1),FRA,M,LI,IX,_Z,AA,IX,_Z,H,2022-09,99.60343,A,0,2,
OECD.SDD.STES:DSD_STES@DF_CLI(4.1),FRA,M,LI,IX,_Z,AA,IX,_Z,H,2022-08,99.71063,A,0,2,
OECD.SDD.STES:DSD_STES@DF_CLI(4.1),FRA,M,LI,IX,_Z,AA,IX,_Z,H,2022-07,99.83952,A,0,2,
OECD.SDD.STES:DSD_STES@DF_CLI(4.1),FRA,M,LI,IX,_Z,AA,IX,_Z,H,2022-06,100.0011,A,0,2,
OECD.SDD.STES:DSD_STES@DF_CLI(4.1),FRA,M,LI,IX,_Z,AA,IX,_Z,H,2022-05,100.2066,A,0,2,
OECD.SDD.STES:DSD_STES@DF_CLI(4.1),FRA,M,LI,IX,_Z,AA,IX,_Z,H,2022-04,100.4534,A,0,2,
OECD.SDD.STES:DSD_STES@DF_CLI(4.1),FRA,M,LI,IX,_Z,AA,IX,_Z,H,2022-03,100.7287,A,0,2,
OECD.SDD.STES:DSD_STES@DF_CLI(4.1),FRA,M,LI,IX,_Z,AA,IX,_Z,H,2022-02,101.0043,A,0,2,
OECD.SDD.STES:DSD_STES@DF_CLI(4.1),FRA,M,LI,IX,_Z,AA,IX,_Z,H,2022-01,101.2189,A,0,2,
OECD.SDD.STES:DSD_STES@DF_CLI(4.1),FRA,M,LI,IX,_Z,AA,IX,_Z,H,2021-12,101.3515,A,0,2,
OECD.SDD.STES:DSD_STES@DF_CLI(4.1),FRA,M,LI,IX,_Z,AA,IX,_Z,H,2021-11,101.4105,A,0,2,
OECD.SDD.STES:DSD_STES@DF_CLI(4.1),FRA,M,LI,IX,_Z,AA,IX,_Z,H,2021-10,101.4084,A,0,2,
OECD.SDD.STES:DSD_STES@DF_CLI(4.1),FRA,M,LI,IX,_Z,AA,IX,_Z,H,2021-09,101.3648,A,0,2,
OECD.SDD.STES:DSD_STES@DF_CLI(4.1),FRA,M,LI,IX,_Z,AA,IX,_Z,H,2010-04,99.78423,A,0,2,
OECD.SDD.STES:DSD_STES@DF_CLI(4.1),FRA,M,LI,IX,_Z,AA,IX,_Z,H,2010-03,99.79259,A,0,2,
OECD.SDD.STES:DSD_STES@DF_CLI(4.1),FRA,M,LI,IX,_Z,AA,IX,_Z,H,2010-02,99.80954,A,0,2,
OECD.SDD.STES:DSD_STES@DF_CLI(4.1),FRA,M,LI,IX,_Z,AA,IX,_Z,H,2010-01,99.8034,A,0,2,
OECD.SDD.STES:DSD_STES@DF_CLI(4.1),FRA,M,LI,IX,_Z,AA,IX,_Z,H,2009-12,99.71998,A,0,2,
OECD.SDD.STES:DSD_STES@DF_CLI(4.1),FRA,M,LI,IX,_Z,AA,IX,_Z,H,2009-11,99.51044,A,0,2,
OECD.SDD.STES:DSD_STES@DF_CLI(4.1),FRA,M,LI,IX,_Z,AA,IX,_Z,H,2009-10,99.14259,A,0,2,
OECD.SDD.STES:DSD_STES@DF_CLI(4.1),FRA,M,LI,IX,_Z,AA,IX,_Z,H,2009-09,98.64598,A,0,2,
OECD.SDD.STES:DSD_STES@DF_CLI(4.1),FRA,M,LI,IX,_Z,AA,IX,_Z,H,2009-08,98.07522,A,0,2,
OECD.SDD.STES:DSD_STES@DF_CLI(4.1),FRA,M,LI,IX,_Z,AA,IX,_Z,H,2009-07,97.49691,A,0,2,
OECD.SDD.STES:DSD_STES@DF_CLI(4.1),FRA,M,LI,IX,_Z,AA,IX,_Z,H,2009-06,96.94009,A,0,2,
OECD.SDD.STES:DSD_STES@DF_CLI(4.1),FRA,M,LI,IX,_Z,AA,IX,_Z,H,2009-05,96.41589,A,0,2,
OECD.SDD.STES:DSD_STES@DF_CLI(4.1),FRA,M,LI,IX,_Z,AA,IX,_Z,H,2009-04,95.94679,A,0,2,
OECD.SDD.STES:DSD_STES@DF_CLI(4.1),FRA,M,LI,IX,_Z,AA,IX,_Z,H,2009-03,95.6031,A,0,2,
OECD.SDD.STES:DSD_STES@DF_CLI(4.1),FRA,M,LI,IX,_Z,AA,IX,_Z,H,2009-02,95.4628,A,0,2,
OECD.SDD.STES:DSD_STES@DF_CLI(4.1),FRA,M,LI,IX,_Z,AA,IX,_Z,H,2009-01,95.55502,A,0,2,
OECD.SDD.STES:DSD_STES@DF_CLI(4.1),FRA,M,LI,IX,_Z,AA,IX,_Z,H,2008-12,95.87164,A,0,2,
OECD.SDD.STES:DSD_STES@DF_CLI(4.1),FRA,M,LI,IX,_Z,AA,IX,_Z,H,2008-11,96.39409,A,0,2,
OECD.SDD.STES:DSD_STES@DF_CLI(4.1),FRA,M,LI,IX,_Z,AA,IX,_Z,H,2008-10,97.05972,A,0,2,
OECD.SDD.STES:DSD_STES@DF_CLI(4.1),FRA,M,LI,IX,_Z,AA,IX,_Z,H,2008-09,97.7965,A,0,2,
OECD.SDD.STES:DSD_STES@DF_CLI(4.1),FRA,M,LI,IX,_Z,AA,IX,_Z,H,2008-08,98.5176,A,0,2,
OECD.SDD.STES:DSD_STES@DF_CLI(4.1),FRA,M,LI,IX,_Z,AA,IX,_Z,H,2008-07,99.18269,A,0,2,
OECD.SDD.STES:DSD_STES@DF_CLI(4.1),FRA,M,LI,IX,_Z,AA,IX,_Z,H,2008-06,99.78613,A,0,2,
OECD.SDD.STES:DSD_STES@DF_CLI(4.1),FRA,M,LI,IX,_Z,AA,IX,_Z,H,2008-05,100.3228,A,0,2,
OECD.SDD.STES:DSD_STES@DF_CLI(4.1),FRA,M,LI,IX,_Z,AA,IX,_Z,H,2008-04,100.7887,A,0,2,
OECD.SDD.STES:DSD_STES@DF_CLI(4.1),FRA,M,LI,IX,_Z,AA,IX,_Z,H,2008-03,101.189,A,0,2,
OECD.SDD.STES:DSD_STES@DF_CLI(4.1),FRA,M,LI,IX,_Z,AA,IX,_Z,H,2008-02,101.5465,A,0,2,
OECD.SDD.STES:DSD_STES@DF_CLI(4.1),FRA,M,LI,IX,_Z,AA,IX,_Z,H,2003-12,98.71037,A,0,2,
OECD.SDD.STES:DSD_STES@DF_CLI(4.1),FRA,M,LI,IX,_Z,AA,IX,_Z,H,2026-08,100.5899,A,0,2,
OECD.SDD.STES:DSD_STES@DF_CLI(4.1),FRA,M,LI,IX,_Z,AA,IX,_Z,H,2026-07,100.5116,A,0,2,
OECD.SDD.STES:DSD_STES@DF_CLI(4.1),FRA,M,LI,IX,_Z,AA,IX,_Z,H,2026-06,100.443,A,0,2,
OECD.SDD.STES:DSD_STES@DF_CLI(4.1),FRA,M,LI,IX,_Z,AA,IX,_Z,H,2026-05,100.3996,A,0,2,
OECD.SDD.STES:DSD_STES@DF_CLI(4.1),FRA,M,LI,IX,_Z,AA,IX,_Z,H,2026-04,100.3904,A,0,2,
OECD.SDD.STES:DSD_STES@DF_CLI(4.1),FRA,M,LI,IX,_Z,AA,IX,_Z,H,2026-03,100.4207,A,0,2,
OECD.SDD.STES:DSD_STES@DF_CLI(4.1),FRA,M,LI,IX,_Z,AA,IX,_Z,H,2026-02,100.4622,A,0,2,
OECD.SDD.STES:DSD_STES@DF_CLI(4.1),FRA,M,LI,IX,_Z,AA,IX,_Z,H,2002-06,99.14002,A,0,2,
OECD.SDD.STES:DSD_STES@DF_CLI(4.1),FRA,M,LI,IX,_Z,AA,IX,_Z,H,2002-05,99.2882,A,0,2,
OECD.SDD.STES:DSD_STES@DF_CLI(4.1),DEU,M,LI,IX,_Z,AA,IX,_Z,H,2005-11,100.545,A,0,2,
OECD.SDD.STES:DSD_STES@DF_CLI(4.1),DEU,M,LI,IX,_Z,AA,IX,_Z,H,2024-02,99.06078,A,0,2,
OECD.SDD.STES:DSD_STES@DF_CLI(4.1),DEU,M,LI,IX,_Z,AA,IX,_Z,H,2024-01,98.93107,A,0,2,
OECD.SDD.STES:DSD_STES@DF_CLI(4.1),DEU,M,LI,IX,_Z,AA,IX,_Z,H,2023-12,98.82317,A,0,2,
OECD.SDD.STES:DSD_STES@DF_CLI(4.1),DEU,M,LI,IX,_Z,AA,IX,_Z,H,2000-02,101.5633,A,0,2,
OECD.SDD.STES:DSD_STES@DF_CLI(4.1),DEU,M,LI,IX,_Z,AA,IX,_Z,H,2000-01,101.3826,A,0,2,
OECD.SDD.STES:DSD_STES@DF_CLI(4.1),DEU,M,LI,IX,_Z,AA,IX,_Z,H,2025-01,99.35961,A,0,2,
OECD.SDD.STES:DSD_STES@DF_CLI(4.1),DEU,M,LI,IX,_Z,AA,IX,_Z,H,2024-12,99.28226,A,0,2,
OECD.SDD.STES:DSD_STES@DF_CLI(4.1),DEU,M,LI,IX,_Z,AA,IX,_Z,H,2024-11,99.26411,A,0,2,
OECD.SDD.STES:DSD_STES@DF_CLI(4.1),DEU,M,LI,IX,_Z,AA,IX,_Z,H,2024-10,99.28905,A,0,2,
OECD.SDD.STES:DSD_STES@DF_CLI(4.1),DEU,M,LI,IX,_Z,AA,IX,_Z,H,2024-09,99.33354,A,0,2,
OECD.SDD.STES:DSD_STES@DF_CLI(4.1),DEU,M,LI,IX,_Z,AA,IX,_Z,H,2024-08,99.38879,A,0,2,
OECD.SDD.STES:DSD_STES@DF_CLI(4.1),DEU,M,LI,IX,_Z,AA,IX,_Z,H,2024-07,99.44096,A,0,2,
OECD.SDD.STES:DSD_STES@DF_CLI(4.1),DEU,M,LI,IX,_Z,AA,IX,_Z,H,2024-06,99.45972,A,0,2,
OECD.SDD.STES:DSD_STES@DF_CLI(4.1),DEU,M,LI,IX,_Z,AA,IX,_Z,H,2024-05,99.4264,A,0,2,
OECD.SDD.STES:DSD_STES@DF_CLI(4.1),DEU,M,LI,IX,_Z,AA,IX,_Z,H,2024-04,99.33441,A,0,2,
OECD.SDD.STES:DSD_STES@DF_CLI(4.1),DEU,M,LI,IX,_Z,AA,IX,_Z,H,2024-03,99.20293,A,0,2,
OECD.SDD.STES:DSD_STES@DF_CLI(4.1),DEU,M,LI,IX,_Z,AA,IX,_Z,H,2010-01,100.4086,A,0,2,
OECD.SDD.STES:DSD_STES@DF_CLI(4.1),DEU,M,LI,IX,_Z,AA,IX,_Z,H,2009-12,100.0789,A,0,2,
OECD.SDD.STES:DSD_STES@DF_CLI(4.1),DEU,M,LI,IX,_Z,AA,IX,_Z,H,2009-11,99.70728,A,0,2,
OECD.SDD.STES:DSD_STES@DF_CLI(4.1),DEU,M,LI,IX,_Z,AA,IX,_Z,H,2009-10,99.25333,A,0,2,
OECD.SDD.STES:DSD_STES@DF_CLI(4.1),DEU,M,LI,IX,_Z,AA,IX,_Z,H,2009-09,98.69084,A,0,2,
OECD.SDD.STES:DSD_STES@DF_CLI(4.1),DEU,M,LI,IX,_Z,AA,IX,_Z,H,2026-09,101.0066,A,0,2,
OECD.SDD.STES:DSD_STES@DF_CLI(4.1),DEU,M,LI,IX,_Z,AA,IX,_Z,H,2026-08,100.9034,A,0,2,
OECD.SDD.STES:DSD_STES@DF_CLI(4.1),DEU,M,LI,IX,_Z,AA,IX,_Z,H,2026-07,100.7948,A,0,2,
OECD.SDD.STES:DSD_STES@DF_CLI(4.1),DEU,M,LI,IX,_Z,AA,IX,_Z,H,2026-06,100.6908,A,0,2,
OECD.SDD.STES:DSD_STES@DF_CLI(4.1),DEU,M,LI,IX,_Z,AA,IX,_Z,H,2026-05,100.6222,A,0,2,
OECD.SDD.STES:DSD_STES@DF_CLI(4.1),DEU,M,LI,IX,_Z,AA,IX,_Z,H,2026-04,100.6041,A,0,2,
OECD.SDD.STES:DSD_STES@DF_CLI(4.1),DEU,M,LI,IX,_Z,AA,IX,_Z,H,2026-03,100.6254,A,0,2,
OECD.SDD.STES:DSD_STES@DF_CLI(4.1),DEU,M,LI,IX,_Z,AA,IX,_Z,H,2026-02,100.6528,A,0,2,
OECD.SDD.STES:DSD_STES@DF_CLI(4.1),DEU,M,LI,IX,_Z,AA,IX,_Z,H,2026-01,100.6686,A,0,2,
OECD.SDD.STES:DSD_STES@DF_CLI(4.1),DEU,M,LI,IX,_Z,AA,IX,_Z,H,2025-12,100.6674,A,0,2,
OECD.SDD.STES:DSD_STES@DF_CLI(4.1),DEU,M,LI,IX,_Z,AA,IX,_Z,H,2025-11,100.6398,A,0,2,
OECD.SDD.STES:DSD_STES@DF_CLI(4.1),DEU,M,LI,IX,_Z,AA,IX,_Z,H,2025-10,100.5773,A,0,2,
OECD.SDD.STES:DSD_STES@DF_CLI(4.1),DEU,M,LI,IX,_Z,AA,IX,_Z,H,2025-09,100.4837,A,0,2,
OECD.SDD.STES:DSD_STES@DF_CLI(4.1),DEU,M,LI,IX,_Z,AA,IX,_Z,H,2025-08,100.3779,A,0,2,
OECD.SDD.STES:DSD_STES@DF_CLI(4.1),DEU,M,LI,IX,_Z,AA,IX,_Z,H,2025-07,100.2659,A,0,2,
OECD.SDD.STES:DSD_STES@DF_CLI(4.1),DEU,M,LI,IX,_Z,AA,IX,_Z,H,2025-06,100.1431,A,0,2,
OECD.SDD.STES:DSD_STES@DF_CLI(4.1),DEU,M,LI,IX,_Z,AA,IX,_Z,H,2025-05,99.99879,A,0,2,
OECD.SDD.STES:DSD_STES@DF_CLI(4.1),DEU,M,LI,IX,_Z,AA,IX,_Z,H,2025-04,99.82967,A,0,2,
OECD.SDD.STES:DSD_STES@DF_CLI(4.1),DEU,M,LI,IX,_Z,AA,IX,_Z,H,2025-03,99.65254,A,0,2,
OECD.SDD.STES:DSD_STES@DF_CLI(4.1),DEU,M,LI,IX,_Z,AA,IX,_Z,H,2025-02,99.48942,A,0,2,
OECD.SDD.STES:DSD_STES@DF_CLI(4.1),DEU,M,LI,IX,_Z,AA,IX,_Z,H,2014-06,100.2009,A,0,2,
OECD.SDD.STES:DSD_STES@DF_CLI(4.1),DEU,M,LI,IX,_Z,AA,IX,_Z,H,2014-05,100.3956,A,0,2,
OECD.SDD.STES:DSD_STES@DF_CLI(4.1),DEU,M,LI,IX,_Z,AA,IX,_Z,H,2014-04,100.569,A,0,2,
OECD.SDD.STES:DSD_STES@DF_CLI(4.1),DEU,M,LI,IX,_Z,AA,IX,_Z,H,2014-03,100.7035,A,0,2,
OECD.SDD.STES:DSD_STES@DF_CLI(4.1),DEU,M,LI,IX,_Z,AA,IX,_Z,H,2014-02,100.7933,A,0,2,
OECD.SDD.STES:DSD_STES@DF_CLI(4.1),DEU,M,LI,IX,_Z,AA,IX,_Z,H,2014-01,100.8304,A,0,2,
OECD.SDD.STES:DSD_STES@DF_CLI(4.1),DEU,M,LI,IX,_Z,AA,IX,_Z,H,2013-12,100.8159,A,0,2,
OECD.SDD.STES:DSD_STES@DF_CLI(4.1),DEU,M,LI,IX,_Z,AA,IX,_Z,H,2013-11,100.7599,A,0,2,
OECD.SDD.STES:DSD_STES@DF_CLI(4.1),DEU,M,LI,IX,_Z,AA,IX,_Z,H,2013-10,100.6584,A,0,2,
OECD.SDD.STES:DSD_STES@DF_CLI(4.1),DEU,M,LI,IX,_Z,AA,IX,_Z,H,2013-09,100.5169,A,0,2,
OECD.SDD.STES:DSD_STES@DF_CLI(4.1),DEU,M,LI,IX,_Z,AA,IX,_Z,H,2013-08,100.3359,A,0,2,
OECD.SDD.STES:DSD_STES@DF_CLI(4.1),DEU,M,LI,IX,_Z,AA,IX,_Z,H,2013-07,100.1371,A,0,2,
OECD.SDD.STES:DSD_STES@DF_CLI(4.1),DEU,M,LI,IX,_Z,AA,IX,_Z,H,2013-06,99.94868,A,0,2,
OECD.SDD.STES:DSD_STES@DF_CLI(4.1),DEU,M,LI,IX,_Z,AA,IX,_Z,H,2013-05,99.77696,A,0,2,
OECD.SDD.STES:DSD_STES@DF_CLI(4.1),DEU,M,LI,IX,_Z,AA,IX,_Z,H,2013-04,99.62859,A,0,2,
OECD.SDD.STES:DSD_STES@DF_CLI(4.1),DEU,M,LI,IX,_Z,AA,IX,_Z,H,2013-03,99.49694,A,0,2,
OECD.SDD.STES:DSD_STES@DF_CLI(4.1),DEU,M,LI,IX,_Z,AA,IX,_Z,H,2013-02,99.35383,A,0,2,
OECD.SDD.STES:DSD_STES@DF_CLI(4.1),DEU,M,LI,IX,_Z,AA,IX,_Z,H,2013-01,99.1843,A,0,2,
OECD.SDD.STES:DSD_STES@DF_CLI(4.1),DEU,M,LI,IX,_Z,AA,IX,_Z,H,2012-12,99.01675,A,0,2,
OECD.SDD.STES:DSD_STES@DF_CLI(4.1),DEU,M,LI,IX,_Z,AA,IX,_Z,H,2012-11,98.88379,A,0,2,
OECD.SDD.STES:DSD_STES@DF_CLI(4.1),DEU,M,LI,IX,_Z,AA,IX,_Z,H,2012-10,98.81611,A,0,2,
OECD.SDD.STES:DSD_STES@DF_CLI(4.1),DEU,M,LI,IX,_Z,AA,IX,_Z,H,2012-09,98.83711,A,0,2,
OECD.SDD.STES:DSD_STES@DF_CLI(4.1),DEU,M,LI,IX,_Z,AA,IX,_Z,H,2012-08,98.94109,A,0,2,
OECD.SDD.STES:DSD_STES@DF_CLI(4.1),DEU,M,LI,IX,_Z,AA,IX,_Z,H,2012-07,99.10954,A,0,2,
OECD.SDD.STES:DSD_STES@DF_CLI(4.1),DEU,M,LI,IX,_Z,AA,IX,_Z,H,2012-06,99.31396,A,0,2,
OECD.SDD.STES:DSD_STES@DF_CLI(4.1),DEU,M,LI,IX,_Z,AA,IX,_Z,H,2012-05,99.5173,A,0,2,
OECD.SDD.STES:DSD_STES@DF_CLI(4.1),DEU,M,LI,IX,_Z,AA,IX,_Z,H,2012-04,99.68204,A,0,2,
OECD.SDD.STES:DSD_STES@DF_CLI(4.1),DEU,M,LI,IX,_Z,AA,IX,_Z,H,2012-03,99.79086,A,0,2,
OECD.SDD.STES:DSD_STES@DF_CLI(4.1),DEU,M,LI,IX,_Z,AA,IX,_Z,H,2012-02,99.84428,A,0,2,
OECD.SDD.STES:DSD_STES@DF_CLI(4.1),DEU,M,LI,IX,_Z,AA,IX,_Z,H,2012-01,99.86676,A,0,2,
OECD.SDD.STES:DSD_STES@DF_CLI(4.1),DEU,M,LI,IX,_Z,AA,IX,_Z,H,2011-12,99.89733,A,0,2,
OECD.SDD.STES:DSD_STES@DF_CLI(4.1),DEU,M,LI,IX,_Z,AA,IX,_Z,H,2011-11,99.97797,A,0,2,
OECD.SDD.STES:DSD_STES@DF_CLI(4.1),DEU,M,LI,IX,_Z,AA,IX,_Z,H,2011-10,100.1543,A,0,2,
OECD.SDD.STES:DSD_STES@DF_CLI(4.1),DEU,M,LI,IX,_Z,AA,IX,_Z,H,2011-09,100.4311,A,0,2,
OECD.SDD.STES:DSD_STES@DF_CLI(4.1),DEU,M,LI,IX,_Z,AA,IX,_Z,H,2011-08,100.7998,A,0,2,
OECD.SDD.STES:DSD_STES@DF_CLI(4.1),DEU,M,LI,IX,_Z,AA,IX,_Z,H,2011-07,101.2207,A,0,2,
OECD.SDD.STES:DSD_STES@DF_CLI(4.1),DEU,M,LI,IX,_Z,AA,IX,_Z,H,2011-06,101.6365,A,0,2,
OECD.SDD.STES:DSD_STES@DF_CLI(4.1),DEU,M,LI,IX,_Z,AA,IX,_Z,H,2011-05,102.0057,A,0,2,
OECD.SDD.STES:DSD_STES@DF_CLI(4.1),DEU,M,LI,IX,_Z,AA,IX,_Z,H,2011-04,102.3105,A,0,2,
OECD.SDD.STES:DSD_STES@DF_CLI(4.1),DEU,M,LI,IX,_Z,AA,IX,_Z,H,2011-03,102.5436,A,0,2,
OECD.SDD.STES:DSD_STES@DF_CLI(4.1),DEU,M,LI,IX,_Z,AA,IX,_Z,H,2011-02,102.6956,A,0,2,
OECD.SDD.STES:DSD_STES@DF_CLI(4.1),DEU,M,LI,IX,_Z,AA,IX,_Z,H,2011-01,102.7656,A,0,2,
OECD.SDD.STES:DSD_STES@DF_CLI(4.1),DEU,M,LI,IX,_Z,AA,IX,_Z,H,2010-12,102.7598,A,0,2,
OECD.SDD.STES:DSD_STES@DF_CLI(4.1),DEU,M,LI,IX,_Z,AA,IX,_Z,H,2010-11,102.6931,A,0,2,
OECD.SDD.STES:DSD_STES@DF_CLI(4.1),DEU,M,LI,IX,_Z,AA,IX,_Z,H,2010-10,102.5765,A,0,2,
OECD.SDD.STES:DSD_STES@DF_CLI(4.1),DEU,M,LI,IX,_Z,AA,IX,_Z,H,2010-09,102.4218,A,0,2,
OECD.SDD.STES:DSD_STES@DF_CLI(4.1),DEU,M,LI,IX,_Z,AA,IX,_Z,H,2010-08,102.2385,A,0,2,
OECD.SDD.STES:DSD_STES@DF_CLI(4.1),DEU,M,LI,IX,_Z,AA,IX,_Z,H,2010-07,102.0316,A,0,2,
OECD.SDD.STES:DSD_STES@DF_CLI(4.1),DEU,M,LI,IX,_Z,AA,IX,_Z,H,2010-06,101.8096,A,0,2,
OECD.SDD.STES:DSD_STES@DF_CLI(4.1),DEU,M,LI,IX,_Z,AA,IX,_Z,H,2010-05,101.579,A,0,2,
OECD.SDD.STES:DSD_STES@DF_CLI(4.1),DEU,M,LI,IX,_Z,AA,IX,_Z,H,2010-04,101.3242,A,0,2,
OECD.SDD.STES:DSD_STES@DF_CLI(4.1),DEU,M,LI,IX,_Z,AA,IX,_Z,H,2010-03,101.032,A,0,2,
OECD.SDD.STES:DSD_STES@DF_CLI(4.1),DEU,M,LI,IX,_Z,AA,IX,_Z,H,2010-02,100.7224,A,0,2,
OECD.SDD.STES:DSD_STES@DF_CLI(4.1),FRA,M,LI,IX,_Z,AA,IX,_Z,H,2015-01,99.18443,A,0,2,
OECD.SDD.STES:DSD_STES@DF_CLI(4.1),FRA,M,LI,IX,_Z,AA,IX,_Z,H,2014-12,98.99993,A,0,2,
OECD.SDD.STES:DSD_STES@DF_CLI(4.1),FRA,M,LI,IX,_Z,AA,IX,_Z,H,2014-11,98.84044,A,0,2,
OECD.SDD.STES:DSD_STES@DF_CLI(4.1),FRA,M,LI,IX,_Z,AA,IX,_Z,H,2014-10,98.72095,A,0,2,
OECD.SDD.STES:DSD_STES@DF_CLI(4.1),FRA,M,LI,IX,_Z,AA,IX,_Z,H,2014-09,98.65456,A,0,2,
OECD.SDD.STES:DSD_STES@DF_CLI(4.1),FRA,M,LI,IX,_Z,AA,IX,_Z,H,2014-08,98.64878,A,0,2,
OECD.SDD.STES:DSD_STES@DF_CLI(4.1),FRA,M,LI,IX,_Z,AA,IX,_Z,H,2014-07,98.70473,A,0,2,
OECD.SDD.STES:DSD_STES@DF_CLI(4.1),FRA,M,LI,IX,_Z,AA,IX,_Z,H,2014-06,98.80487,A,0,2,
OECD.SDD.STES:DSD_STES@DF_CLI(4.1),FRA,M,LI,IX,_Z,AA,IX,_Z,H,2014-05,98.93247,A,0,2,
OECD.SDD.STES:DSD_STES@DF_CLI(4.1),FRA,M,LI,IX,_Z,AA,IX,_Z,H,2014-04,99.06386,A,0,2,
OECD.SDD.STES:DSD_STES@DF_CLI(4.1),FRA,M,LI,IX,_Z,AA,IX,_Z,H,2014-03,99.16713,A,0,2,
OECD.SDD.STES:DSD_STES@DF_CLI(4.1),FRA,M,LI,IX,_Z,AA,IX,_Z,H,2014-02,99.23378,A,0,2,
OECD.SDD.STES:DSD_STES@DF_CLI(4.1),FRA,M,LI,IX,_Z,AA,IX,_Z,H,2007-11,102.3938,A,0,2,
OECD.SDD.STES:DSD_STES@DF_CLI(4.1),DEU,M,LI,IX,_Z,AA,IX,_Z,H,2008-07,99.05965,A,0,2,
OECD.SDD.STES:DSD_STES@DF_CLI(4.1),DEU,M,LI,IX,_Z,AA,IX,_Z,H,2008-06,99.76421,A,0,2,
OECD.SDD.STES:DSD_STES@DF_CLI(4.1),DEU,M,LI,IX,_Z,AA,IX,_Z,H,2008-05,100.3336,A,0,2,
OECD.SDD.STES:DSD_STES@DF_CLI(4.1),DEU,M,LI,IX,_Z,AA,IX,_Z,H,2008-04,100.7683,A,0,2,
OECD.SDD.STES:DSD_STES@DF_CLI(4.1),DEU,M,LI,IX,_Z,AA,IX,_Z,H,2008-03,101.095,A,0,2,
OECD.SDD.STES:DSD_STES@DF_CLI(4.1),DEU,M,LI,IX,_Z,AA,IX,_Z,H,2008-02,101.3293,A,0,2,
OECD.SDD.STES:DSD_STES@DF_CLI(4.1),DEU,M,LI,IX,_Z,AA,IX,_Z,H,2008-01,101.4924,A,0,2,
OECD.SDD.STES:DSD_STES@DF_CLI(4.1),DEU,M,LI,IX,_Z,AA,IX,_Z,H,2007-12,101.6137,A,0,2,
OECD.SDD.STES:DSD_STES@DF_CLI(4.1),DEU,M,LI,IX,_Z,AA,IX,_Z,H,2007-11,101.7139,A,0,2,
OECD.SDD.STES:DSD_STES@DF_CLI(4.1),DEU,M,LI,IX,_Z,AA,IX,_Z,H,2007-10,101.8018,A,0,2,
OECD.SDD.STES:DSD_STES@DF_CLI(4.1),DEU,M,LI,IX,_Z,AA,IX,_Z,H,2007-09,101.8869,A,0,2,
OECD.SDD.STES:DSD_STES@DF_CLI(4.1),DEU,M,LI,IX,_Z,AA,IX,_Z,H,2007-08,101.9814,A,0,2,
OECD.SDD.STES:DSD_STES@DF_CLI(4.1),DEU,M,LI,IX,_Z,AA,IX,_Z,H,2007-07,102.0712,A,0,2,
OECD.SDD.STES:DSD_STES@DF_CLI(4.1),DEU,M,LI,IX,_Z,AA,IX,_Z,H,2007-06,102.1331,A,0,2,
OECD.SDD.STES:DSD_STES@DF_CLI(4.1),DEU,M,LI,IX,_Z,AA,IX,_Z,H,2007-05,102.146,A,0,2,
OECD.SDD.STES:DSD_STES@DF_CLI(4.1),DEU,M,LI,IX,_Z,AA,IX,_Z,H,2007-04,102.1171,A,0,2,
OECD.SDD.STES:DSD_STES@DF_CLI(4.1),DEU,M,LI,IX,_Z,AA,IX,_Z,H,2007-03,102.0651,A,0,2,
OECD.SDD.STES:DSD_STES@DF_CLI(4.1),DEU,M,LI,IX,_Z,AA,IX,_Z,H,2007-02,101.9965,A,0,2,
OECD.SDD.STES:DSD_STES@DF_CLI(4.1),DEU,M,LI,IX,_Z,AA,IX,_Z,H,2007-01,101.9181,A,0,2,
OECD.SDD.STES:DSD_STES@DF_CLI(4.1),DEU,M,LI,IX,_Z,AA,IX,_Z,H,2006-12,101.8302,A,0,2,
OECD.SDD.STES:DSD_STES@DF_CLI(4.1),DEU,M,LI,IX,_Z,AA,IX,_Z,H,2006-11,101.7374,A,0,2,
OECD.SDD.STES:DSD_STES@DF_CLI(4.1),DEU,M,LI,IX,_Z,AA,IX,_Z,H,2006-10,101.6496,A,0,2,
OECD.SDD.STES:DSD_STES@DF_CLI(4.1),DEU,M,LI,IX,_Z,AA,IX,_Z,H,2006-09,101.5899,A,0,2,
OECD.SDD.STES:DSD_STES@DF_CLI(4.1),DEU,M,LI,IX,_Z,AA,IX,_Z,H,2006-08,101.561,A,0,2,
OECD.SDD.STES:DSD_STES@DF_CLI(4.1),DEU,M,LI,IX,_Z,AA,IX,_Z,H,2006-07,101.5571,A,0,2,
OECD.SDD.STES:DSD_STES@DF_CLI(4.1),DEU,M,LI,IX,_Z,AA,IX,_Z,H,2006-06,101.5603,A,0,2,
OECD.SDD.STES:DSD_STES@DF_CLI(4.1),DEU,M,LI,IX,_Z,AA,IX,_Z,H,2006-05,101.545,A,0,2,
OECD.SDD.STES:DSD_STES@DF_CLI(4.1),DEU,M,LI,IX,_Z,AA,IX,_Z,H,2006-04,101.4937,A,0,2,
OECD.SDD.STES:DSD_STES@DF_CLI(4.1),DEU,M,LI,IX,_Z,AA,IX,_Z,H,2006-03,101.3892,A,0,2,
OECD.SDD.STES:DSD_STES@DF_CLI(4.1),DEU,M,LI,IX,_Z,AA,IX,_Z,H,2006-02,101.2314,A,0,2,
OECD.SDD.STES:DSD_STES@DF_CLI(4.1),DEU,M,LI,IX,_Z,AA,IX,_Z,H,2006-01,101.0266,A,0,2,
OECD.SDD.STES:DSD_STES@DF_CLI(4.1),DEU,M,LI,IX,_Z,AA,IX,_Z,H,2023-11,98.73565,A,0,2,
OECD.SDD.STES:DSD_STES@DF_CLI(4.1),DEU,M,LI,IX,_Z,AA,IX,_Z,H,2023-10,98.67484,A,0,2,
OECD.SDD.STES:DSD_STES@DF_CLI(4.1),DEU,M,LI,IX,_Z,AA,IX,_Z,H,2023-09,98.65621,A,0,2,
OECD.SDD.STES:DSD_STES@DF_CLI(4.1),DEU,M,LI,IX,_Z,AA,IX,_Z,H,2023-08,98.69704,A,0,2,
OECD.SDD.STES:DSD_STES@DF_CLI(4.1),DEU,M,LI,IX,_Z,AA,IX,_Z,H,2023-07,98.81123,A,0,2,
OECD.SDD.STES:DSD_STES@DF_CLI(4.1),DEU,M,LI,IX,_Z,AA,IX,_Z,H,2023-06,98.98419,A,0,2,
OECD.SDD.STES:DSD_STES@DF_CLI(4.1),DEU,M,LI,IX,_Z,AA,IX,_Z,H,2023-05,99.18516,A,0,2,
OECD.SDD.STES:DSD_STES@DF_CLI(4.1),DEU,M,LI,IX,_Z,AA,IX,_Z,H,2023-04,99.3624,A,0,2,
OECD.SDD.STES:DSD_STES@DF_CLI(4.1),DEU,M,LI,IX,_Z,AA,IX,_Z,H,2023-03,99.46036,A,0,2,
OECD.SDD.STES:DSD_STES@DF_CLI(4.1),DEU,M,LI,IX,_Z,AA,IX,_Z,H,2023-02,99.47307,A,0,2,
OECD.SDD.STES:DSD_STES@DF_CLI(4.1),DEU,M,LI,IX,_Z,AA,IX,_Z,H,2023-01,99.40728,A,0,2,
OECD.SDD.STES:DSD_STES@DF_CLI(4.1),DEU,M,LI,IX,_Z,AA,IX,_Z,H,2022-12,99.30035,A,0,2,
OECD.SDD.STES:DSD_STES@DF_CLI(4.1),DEU,M,LI,IX,_Z,AA,IX,_Z,H,2022-11,99.21056,A,0,2,
OECD.SDD.STES:DSD_STES@DF_CLI(4.1),DEU,M,LI,IX,_Z,AA,IX,_Z,H,2022-10,99.20616,A,0,2,
OECD.SDD.STES:DSD_STES@DF_CLI(4.1),DEU,M,LI,IX,_Z,AA,IX,_Z,H,2022-09,99.31737,A,0,2,
OECD.SDD.STES:DSD_STES@DF_CLI(4.1),DEU,M,LI,IX,_Z,AA,IX,_Z,H,2022-08,99.53684,A,0,2,
OECD.SDD.STES:DSD_STES@DF_CLI(4.1),DEU,M,LI,IX,_Z,AA,IX,_Z,H,2022-07,99.83781,A,0,2,
OECD.SDD.STES:DSD_STES@DF_CLI(4.1),DEU,M,LI,IX,_Z,AA,IX,_Z,H,2022-06,100.1871,A,0,2,
OECD.SDD.STES:DSD_STES@DF_CLI(4.1),DEU,M,LI,IX,_Z,AA,IX,_Z,H,2022-05,100.5442,A,0,2,
OECD.SDD.STES:DSD_STES@DF_CLI(4.1),DEU,M,LI,IX,_Z,AA,IX,_Z,H,2022-04,100.9023,A,0,2,
OECD.SDD.STES:DSD_STES@DF_CLI(4.1),DEU,M,LI,IX,_Z,AA,IX,_Z,H,2022-03,101.2709,A,0,2,
OECD.SDD.STES:DSD_STES@DF_CLI(4.1),DEU,M,LI,IX,_Z,AA,IX,_Z,H,2022-02,101.6338,A,0,2,
OECD.SDD.STES:DSD_STES@DF_CLI(4.1),DEU,M,LI,IX,_Z,AA,IX,_Z,H,2022-01,101.9526,A,0,2,
OECD.SDD.STES:DSD_STES@DF_CLI(4.1),DEU,M,LI,IX,_Z,AA,IX,_Z,H,2021-12,102.2141,A,0,2,
OECD.SDD.STES:DSD_STES@DF_CLI(4.1),DEU,M,LI,IX,_Z,AA,IX,_Z,H,2021-11,102.4387,A,0,2,
OECD.SDD.STES:DSD_STES@DF_CLI(4.1),DEU,M,LI,IX,_Z,AA,IX,_Z,H,2021-10,102.6294,A,0,2,
OECD.SDD.STES:DSD_STES@DF_CLI(4.1),DEU,M,LI,IX,_Z,AA,IX,_Z,H,2021-09,102.7688,A,0,2,
OECD.SDD.STES:DSD_STES@DF_CLI(4.1),DEU,M,LI,IX,_Z,AA,IX,_Z,H,2021-08,102.8297,A,0,2,
OECD.SDD.STES:DSD_STES@DF_CLI(4.1),DEU,M,LI,IX,_Z,AA,IX,_Z,H,2016-10,99.808,A,0,2,
OECD.SDD.STES:DSD_STES@DF_CLI(4.1),DEU,M,LI,IX,_Z,AA,IX,_Z,H,2016-09,99.69322,A,0,2,
OECD.SDD.STES:DSD_STES@DF_CLI(4.1),DEU,M,LI,IX,_Z,AA,IX,_Z,H,2016-08,99.60117,A,0,2,
OECD.SDD.STES:DSD_STES@DF_CLI(4.1),DEU,M,LI,IX,_Z,AA,IX,_Z,H,2016-07,99.54276,A,0,2,
OECD.SDD.STES:DSD_STES@DF_CLI(4.1),DEU,M,LI,IX,_Z,AA,IX,_Z,H,2016-06,99.50459,A,0,2,
OECD.SDD.STES:DSD_STES@DF_CLI(4.1),DEU,M,LI,IX,_Z,AA,IX,_Z,H,2016-05,99.48073,A,0,2,
OECD.SDD.STES:DSD_STES@DF_CLI(4.1),DEU,M,LI,IX,_Z,AA,IX,_Z,H,2016-04,99.46637,A,0,2,
OECD.SDD.STES:DSD_STES@DF_CLI(4.1),DEU,M,LI,IX,_Z,AA,IX,_Z,H,2016-03,99.46729,A,0,2,
OECD.SDD.STES:DSD_STES@DF_CLI(4.1),DEU,M,LI,IX,_Z,AA,IX,_Z,H,2016-02,99.4896,A,0,2,
OECD.SDD.STES:DSD_STES@DF_CLI(4.1),DEU,M,LI,IX,_Z,AA,IX,_Z,H,2016-01,99.54218,A,0,2,
OECD.SDD.STES:DSD_STES@DF_CLI(4.1),DEU,M,LI,IX,_Z,AA,IX,_Z,H,2015-12,99.61208,A,0,2,
OECD.SDD.STES:DSD_STES@DF_CLI(4.1),DEU,M,LI,IX,_Z,AA,IX,_Z,H,2015-11,99.6916,A,0,2,
OECD.SDD.STES:DSD_STES@DF_CLI(4.1),DEU,M,LI,IX,_Z,AA,IX,_Z,H,2015-10,99.77503,A,0,2,
OECD.SDD.STES:DSD_STES@DF_CLI(4.1),DEU,M,LI,IX,_Z,AA,IX,_Z,H,2015-09,99.86079,A,0,2,
OECD.SDD.STES:DSD_STES@DF_CLI(4.1),DEU,M,LI,IX,_Z,AA,IX,_Z,H,2015-08,99.94213,A,0,2,
OECD.SDD.STES:DSD_STES@DF_CLI(4.1),DEU,M,LI,IX,_Z,AA,IX,_Z,H,2015-07,100.0023,A,0,2,
OECD.SDD.STES:DSD_STES@DF_CLI(4.1),DEU,M,LI,IX,_Z,AA,IX,_Z,H,2015-06,100.0298,A,0,2,
OECD.SDD.STES:DSD_STES@DF_CLI(4.1),DEU,M,LI,IX,_Z,AA,IX,_Z,H,2015-05,100.0195,A,0,2,
OECD.SDD.STES:DSD_STES@DF_CLI(4.1),DEU,M,LI,IX,_Z,AA,IX,_Z,H,2015-04,99.96904,A,0,2,
OECD.SDD.STES:DSD_STES@DF_CLI(4.1),DEU,M,LI,IX,_Z,AA,IX,_Z,H,2015-03,99.88248,A,0,2,
OECD.SDD.STES:DSD_STES@DF_CLI(4.1),DEU,M,LI,IX,_Z,AA,IX,_Z,H,2015-02,99.77788,A,0,2,
OECD.SDD.STES:DSD_STES@DF_CLI(4.1),DEU,M,LI,IX,_Z,AA,IX,_Z,H,2015-01,99.67694,A,0,2,
OECD.SDD.STES:DSD_STES@DF_CLI(4.1),DEU,M,LI,IX,_Z,AA,IX,_Z,H,2014-12,99.59778,A,0,2,
OECD.SDD.STES:DSD_STES@DF_CLI(4.1),DEU,M,LI,IX,_Z,AA,IX,_Z,H,2014-11,99.56108,A,0,2,
OECD.SDD.STES:DSD_STES@DF_CLI(4.1),DEU,M,LI,IX,_Z,AA,IX,_Z,H,2014-10,99.58237,A,0,2,
OECD.SDD.STES:DSD_STES@DF_CLI(4.1),DEU,M,LI,IX,_Z,AA,IX,_Z,H,2014-09,99.6703,A,0,2,
OECD.SDD.STES:DSD_STES@DF_CLI(4.1),DEU,M,LI,IX,_Z,AA,IX,_Z,H,2014-08,99.81816,A,0,2,
OECD.SDD.STES:DSD_STES@DF_CLI(4.1),DEU,M,LI,IX,_Z,AA,IX,_Z,H,2014-07,100.0037,A,0,2,
OECD.SDD.STES:DSD_STES@DF_CLI(4.1),DEU,M,LI,IX,_Z,AA,IX,_Z,H,2005-10,100.3061,A,0,2,
OECD.SDD.STES:DSD_STES@DF_CLI(4.1),DEU,M,LI,IX,_Z,AA,IX,_Z,H,2005-09,100.0746,A,0,2,
OECD.SDD.STES:DSD_STES@DF_CLI(4.1),DEU,M,LI,IX,_Z,AA,IX,_Z,H,2005-08,99.86858,A,0,2,
OECD.SDD.STES:DSD_STES@DF_CLI(4.1),DEU,M,LI,IX,_Z,AA,IX,_Z,H,2005-07,99.70644,A,0,2,
OECD.SDD.STES:DSD_STES@DF_CLI(4.1),FRA,M,LI,IX,_Z,AA,IX,_Z,H,2003-11,98.4733,A,0,2,
OECD.SDD.STES:DSD_STES@DF_CLI(4.1),FRA,M,LI,IX,_Z,AA,IX,_Z,H,2003-10,98.2141,A,0,2,
OECD.SDD.STES:DSD_STES@DF_CLI(4.1),FRA,M,LI,IX,_Z,AA,IX,_Z,H,2003-09,97.96534,A,0,2,
OECD.SDD.STES:DSD_STES@DF_CLI(4.1),FRA,M,LI,IX,_Z,AA,IX,_Z,H,2003-08,97.74088,A,0,2,
OECD.SDD.STES:DSD_STES@DF_CLI(4.1),FRA,M,LI,IX,_Z,AA,IX,_Z,H,2003-07,97.54819,A,0,2,
OECD.SDD.STES:DSD_STES@DF_CLI(4.1),FRA,M,LI,IX,_Z,AA,IX,_Z,H,2003-06,97.39819,A,0,2,
OECD.SDD.STES:DSD_STES@DF_CLI(4.1),FRA,M,LI,IX,_Z,AA,IX,_Z,H,2003-05,97.31847,A,0,2,
OECD.SDD.STES:DSD_STES@DF_CLI(4.1),FRA,M,LI,IX,_Z,AA,IX,_Z,H,2003-04,97.32361,A,0,2,
OECD.SDD.STES:DSD_STES@DF_CLI(4.1),FRA,M,LI,IX,_Z,AA,IX,_Z,H,2003-03,97.42249,A,0,2,
OECD.SDD.STES:DSD_STES@DF_CLI(4.1),FRA,M,LI,IX,_Z,AA,IX,_Z,H,2003-02,97.60854,A,0,2,
OECD.SDD.STES:DSD_STES@DF_CLI(4.1),FRA,M,LI,IX,_Z,AA,IX,_Z,H,2003-01,97.8321,A,0,2,
OECD.SDD.STES:DSD_STES@DF_CLI(4.1),FRA,M,LI,IX,_Z,AA,IX,_Z,H,2002-12,98.0415,A,0,2,
OECD.SDD.STES:DSD_STES@DF_CLI(4.1),FRA,M,LI,IX,_Z,AA,IX,_Z,H,2002-11,98.21477,A,0,2,
OECD.SDD.STES:DSD_STES@DF_CLI(4.1),FRA,M,LI,IX,_Z,AA,IX,_Z,H,2002-10,98.37024,A,0,2,
OECD.SDD.STES:DSD_STES@DF_CLI(4.1),FRA,M,LI,IX,_Z,AA,IX,_Z,H,2002-09,98.54269,A,0,2,
OECD.SDD.STES:DSD_STES@DF_CLI(4.1),FRA,M,LI,IX,_Z,AA,IX,_Z,H,2002-08,98.74485,A,0,2,
OECD.SDD.STES:DSD_STES@DF_CLI(4.1),DEU,M,LI,IX,_Z,AA,IX,_Z,H,2005-12,100.7905,A,0,2,
OECD.SDD.STES:DSD_STES@DF_CLI(4.1),DEU,M,LI,IX,_Z,AA,IX,_Z,H,2003-05,98.79704,A,0,2,
OECD.SDD.STES:DSD_STES@DF_CLI(4.1),DEU,M,LI,IX,_Z,AA,IX,_Z,H,2003-04,98.64672,A,0,2,
OECD.SDD.STES:DSD_STES@DF_CLI(4.1),DEU,M,LI,IX,_Z,AA,IX,_Z,H,2003-03,98.56158,A,0,2,
OECD.SDD.STES:DSD_STES@DF_CLI(4.1),DEU,M,LI,IX,_Z,AA,IX,_Z,H,2003-02,98.526,A,0,2,
OECD.SDD.STES:DSD_STES@DF_CLI(4.1),DEU,M,LI,IX,_Z,AA,IX,_Z,H,2003-01,98.52765,A,0,2,
OECD.SDD.STES:DSD_STES@DF_CLI(4.1),DEU,M,LI,IX,_Z,AA,IX,_Z,H,2002-12,98.56409,A,0,2,
OECD.SDD.STES:DSD_STES@DF_CLI(4.1),DEU,M,LI,IX,_Z,AA,IX,_Z,H,2002-11,98.6432,A,0,2,
OECD.SDD.STES:DSD_STES@DF_CLI(4.1),DEU,M,LI,IX,_Z,AA,IX,_Z,H,2002-10,98.75999,A,0,2,
OECD.SDD.STES:DSD_STES@DF_CLI(4.1),DEU,M,LI,IX,_Z,AA,IX,_Z,H,2002-09,98.90033,A,0,2,
OECD.SDD.STES:DSD_STES@DF_CLI(4.1),DEU,M,LI,IX,_Z,AA,IX,_Z,H,2002-08,99.04179,A,0,2,
OECD.SDD.STES:DSD_STES@DF_CLI(4.1),DEU,M,LI,IX,_Z,AA,IX,_Z,H,2002-07,99.16319,A,0,2,
OECD.SDD.STES:DSD_STES@DF_CLI(4.1),DEU,M,LI,IX,_Z,AA,IX,_Z,H,2002-06,99.2375,A,0,2,
OECD.SDD.STES:DSD_STES@DF_CLI(4.1),DEU,M,LI,IX,_Z,AA,IX,_Z,H,2002-05,99.23476,A,0,2,
OECD.SDD.STES:DSD_STES@DF_CLI(4.1),DEU,M,LI,IX,_Z,AA,IX,_Z,H,2002-04,99.13171,A,0,2,
OECD.SDD.STES:DSD_STES@DF_CLI(4.1),DEU,M,LI,IX,_Z,AA,IX,_Z,H,2002-03,98.92992,A,0,2,
OECD.SDD.STES:DSD_STES@DF_CLI(4.1),DEU,M,LI,IX,_Z,AA,IX,_Z,H,2002-02,98.6506,A,0,2,
OECD.SDD.STES:DSD_STES@DF_CLI(4.1),DEU,M,LI,IX,_Z,AA,IX,_Z,H,2002-01,98.35214,A,0,2,
OECD.SDD.STES:DSD_STES@DF_CLI(4.1),DEU,M,LI,IX,_Z,AA,IX,_Z,H,2001-12,98.1115,A,0,2,
OECD.SDD.STES:DSD_STES@DF_CLI(4.1),DEU,M,LI,IX,_Z,AA,IX,_Z,H,2001-11,97.9771,A,0,2,
OECD.SDD.STES:DSD_STES@DF_CLI(4.1),DEU,M,LI,IX,_Z,AA,IX,_Z,H,2001-10,97.9842,A,0,2,
OECD.SDD.STES:DSD_STES@DF_CLI(4.1),DEU,M,LI,IX,_Z,AA,IX,_Z,H,2001-09,98.12638,A,0,2,
OECD.SDD.STES:DSD_STES@DF_CLI(4.1),DEU,M,LI,IX,_Z,AA,IX,_Z,H,2001-08,98.36985,A,0,2,
OECD.SDD.STES:DSD_STES@DF_CLI(4.1),DEU,M,LI,IX,_Z,AA,IX,_Z,H,2001-07,98.66959,A,0,2,
OECD.SDD.STES:DSD_STES@DF_CLI(4.1),DEU,M,LI,IX,_Z,AA,IX,_Z,H,2001-06,99.01328,A,0,2,
OECD.SDD.STES:DSD_STES@DF_CLI(4.1),DEU,M,LI,IX,_Z,AA,IX,_Z,H,2001-05,99.3884,A,0,2,
OECD.SDD.STES:DSD_STES@DF_CLI(4.1),DEU,M,LI,IX,_Z,AA,IX,_Z,H,2001-04,99.78039,A,0,2,
OECD.SDD.STES:DSD_STES@DF_CLI(4.1),DEU,M,LI,IX,_Z,AA,IX,_Z,H,2001-03,100.1969,A,0,2,
OECD.SDD.STES:DSD_STES@DF_CLI(4.1),DEU,M,LI,IX,_Z,AA,IX,_Z,H,2001-02,100.6342,A,0,2,
OECD.SDD.STES:DSD_STES@DF_CLI(4.1),DEU,M,LI,IX,_Z,AA,IX,_Z,H,2001-01,101.0785,A,0,2,
OECD.SDD.STES:DSD_STES@DF_CLI(4.1),DEU,M,LI,IX,_Z,AA,IX,_Z,H,2000-12,101.5016,A,0,2,
OECD.SDD.STES:DSD_STES@DF_CLI(4.1),DEU,M,LI,IX,_Z,AA,IX,_Z,H,2000-11,101.8748,A,0,2,
OECD.SDD.STES:DSD_STES@DF_CLI(4.1),DEU,M,LI,IX,_Z,AA,IX,_Z,H,2000-10,102.1627,A,0,2,
OECD.SDD.STES:DSD_STES@DF_CLI(4.1),DEU,M,LI,IX,_Z,AA,IX,_Z,H,2000-09,102.3477,A,0,2,
OECD.SDD.STES:DSD_STES@DF_CLI(4.1),DEU,M,LI,IX,_Z,AA,IX,_Z,H,2000-08,102.4254,A,0,2,
OECD.SDD.STES:DSD_STES@DF_CLI(4.1),DEU,M,LI,IX,_Z,AA,IX,_Z,H,2000-07,102.4066,A,0,2,
OECD.SDD.STES:DSD_STES@DF_CLI(4.1),DEU,M,LI,IX,_Z,AA,IX,_Z,H,2000-06,102.3072,A,0,2,
OECD.SDD.STES:DSD_STES@DF_CLI(4.1),DEU,M,LI,IX,_Z,AA,IX,_Z,H,2000-05,102.1578,A,0,2,
OECD.SDD.STES:DSD_STES@DF_CLI(4.1),DEU,M,LI,IX,_Z,AA,IX,_Z,H,2000-04,101.9645,A,0,2,
OECD.SDD.STES:DSD_STES@DF_CLI(4.1),DEU,M,LI,IX,_Z,AA,IX,_Z,H,2000-03,101.7577,A,0,2,
OECD.SDD.STES:DSD_STES@DF_CLI(4.1),DEU,M,LI,IX,_Z,AA,IX,_Z,H,2021-07,102.7927,A,0,2,
OECD.SDD.STES:DSD_STES@DF_CLI(4.1),DEU,M,LI,IX,_Z,AA,IX,_Z,H,2021-06,102.6185,A,0,2,
OECD.SDD.STES:DSD_STES@DF_CLI(4.1),DEU,M,LI,IX,_Z,AA,IX,_Z,H,2021-05,102.3207,A,0,2,
OECD.SDD.STES:DSD_STES@DF_CLI(4.1),DEU,M,LI,IX,_Z,AA,IX,_Z,H,2021-04,101.9281,A,0,2,
OECD.SDD.STES:DSD_STES@DF_CLI(4.1),DEU,M,LI,IX,_Z,AA,IX,_Z,H,2021-03,101.4566,A,0,2,
OECD.SDD.STES:DSD_STES@DF_CLI(4.1),DEU,M,LI,IX,_Z,AA,IX,_Z,H,2021-02,100.9621,A,0,2,
OECD.SDD.STES:DSD_STES@DF_CLI(4.1),DEU,M,LI,IX,_Z,AA,IX,_Z,H,2021-01,100.5265,A,0,2,
OECD.SDD.STES:DSD_STES@DF_CLI(4.1),DEU,M,LI,IX,_Z,AA,IX,_Z,H,2020-12,100.1816,A,0,2,
OECD.SDD.STES:DSD_STES@DF_CLI(4.1),DEU,M,LI,IX,_Z,AA,IX,_Z,H,2020-11,99.90203,A,0,2,
OECD.SDD.STES:DSD_STES@DF_CLI(4.1),DEU,M,LI,IX,_Z,AA,IX,_Z,H,2020-10,99.65791,A,0,2,
OECD.SDD.STES:DSD_STES@DF_CLI(4.1),DEU,M,LI,IX,_Z,AA,IX,_Z,H,2020-09,99.41092,A,0,2,
OECD.SDD.STES:DSD_STES@DF_CLI(4.1),DEU,M,LI,IX,_Z,AA,IX,_Z,H,2020-08,99.16499,A,0,2,
OECD.SDD.STES:DSD_STES@DF_CLI(4.1),DEU,M,LI,IX,_Z,AA,IX,_Z,H,2020-07,98.70922,A,0,2,
OECD.SDD.STES:DSD_STES@DF_CLI(4.1),DEU,M,LI,IX,_Z,AA,IX,_Z,H,2020-06,97.18718,A,0,2,
OECD.SDD.STES:DSD_STES@DF_CLI(4.1),DEU,M,LI,IX,_Z,AA,IX,_Z,H,2020-05,93.0805,A,0,2,
OECD.SDD.STES:DSD_STES@DF_CLI(4.1),DEU,M,LI,IX,_Z,AA,IX,_Z,H,2020-04,90.81488,A,0,2,
OECD.SDD.STES:DSD_STES@DF_CLI(4.1),DEU,M,LI,IX,_Z,AA,IX,_Z,H,2020-03,96.00209,A,0,2,
OECD.SDD.STES:DSD_STES@DF_CLI(4.1),DEU,M,LI,IX,_Z,AA,IX,_Z,H,2020-02,98.98052,A,0,2,
OECD.SDD.STES:DSD_STES@DF_CLI(4.1),DEU,M,LI,IX,_Z,AA,IX,_Z,H,2020-01,99.0266,A,0,2,
OECD.SDD.STES:DSD_STES@DF_CLI(4.1),DEU,M,LI,IX,_Z,AA,IX,_Z,H,2019-12,98.99589,A,0,2,
OECD.SDD.STES:DSD_STES@DF_CLI(4.1),DEU,M,LI,IX,_Z,AA,IX,_Z,H,2019-11,98.9134,A,0,2,
OECD.SDD.STES:DSD_STES@DF_CLI(4.1),DEU,M,LI,IX,_Z,AA,IX,_Z,H,2019-10,98.80727,A,0,2,
OECD.SDD.STES:DSD_STES@DF_CLI(4.1),DEU,M,LI,IX,_Z,AA,IX,_Z,H,2019-09,98.72507,A,0,2,
OECD.SDD.STES:DSD_STES@DF_CLI(4.1),DEU,M,LI,IX,_Z,AA,IX,_Z,H,2019-08,98.70695,A,0,2,
OECD.SDD.STES:DSD_STES@DF_CLI(4.1),DEU,M,LI,IX,_Z,AA,IX,_Z,H,2019-07,98.77577,A,0,2,
OECD.SDD.STES:DSD_STES@DF_CLI(4.1),DEU,M,LI,IX,_Z,AA,IX,_Z,H,2019-06,98.93562,A,0,2,
OECD.SDD.STES:DSD_STES@DF_CLI(4.1),DEU,M,LI,IX,_Z,AA,IX,_Z,H,2019-05,99.14402,A,0,2,
OECD.SDD.STES:DSD_STES@DF_CLI(4.1),DEU,M,LI,IX,_Z,AA,IX,_Z,H,2019-04,99.36221,A,0,2,
OECD.SDD.STES:DSD_STES@DF_CLI(4.1),DEU,M,LI,IX,_Z,AA,IX,_Z,H,2019-03,99.58064,A,0,2,
OECD.SDD.STES:DSD_STES@DF_CLI(4.1),DEU,M,LI,IX,_Z,AA,IX,_Z,H,2019-02,99.79946,A,0,2,
OECD.SDD.STES:DSD_STES@DF_CLI(4.1),DEU,M,LI,IX,_Z,AA,IX,_Z,H,2019-01,100.016,A,0,2,
OECD.SDD.STES:DSD_STES@DF_CLI(4.1),DEU,M,LI,IX,_Z,AA,IX,_Z,H,2018-12,100.2303,A,0,2,
OECD.SDD.STES:DSD_STES@DF_CLI(4.1),DEU,M,LI,IX,_Z,AA,IX,_Z,H,2018-11,100.4277,A,0,2,
OECD.SDD.STES:DSD_STES@DF_CLI(4.1),DEU,M,LI,IX,_Z,AA,IX,_Z,H,2018-10,100.5956,A,0,2,
OECD.SDD.STES:DSD_STES@DF_CLI(4.1),DEU,M,LI,IX,_Z,AA,IX,_Z,H,2018-09,100.7381,A,0,2,
OECD.SDD.STES:DSD_STES@DF_CLI(4.1),DEU,M,LI,IX,_Z,AA,IX,_Z,H,2018-08,100.8446,A,0,2,
OECD.SDD.STES:DSD_STES@DF_CLI(4.1),DEU,M,LI,IX,_Z,AA,IX,_Z,H,2018-07,100.9286,A,0,2,
OECD.SDD.STES:DSD_STES@DF_CLI(4.1),DEU,M,LI,IX,_Z,AA,IX,_Z,H,2018-06,101.0081,A,0,2,
OECD.SDD.STES:DSD_STES@DF_CLI(4.1),DEU,M,LI,IX,_Z,AA,IX,_Z,H,2018-05,101.1019,A,0,2,
OECD.SDD.STES:DSD_STES@DF_CLI(4.1),DEU,M,LI,IX,_Z,AA,IX,_Z,H,2018-04,101.2052,A,0,2,
OECD.SDD.STES:DSD_STES@DF_CLI(4.1),DEU,M,LI,IX,_Z,AA,IX,_Z,H,2018-03,101.3127,A,0,2,
OECD.SDD.STES:DSD_STES@DF_CLI(4.1),DEU,M,LI,IX,_Z,AA,IX,_Z,H,2018-02,101.4079,A,0,2,
OECD.SDD.STES:DSD_STES@DF_CLI(4.1),DEU,M,LI,IX,_Z,AA,IX,_Z,H,2018-01,101.4744,A,0,2,
OECD.SDD.STES:DSD_STES@DF_CLI(4.1),DEU,M,LI,IX,_Z,AA,IX,_Z,H,2017-12,101.5073,A,0,2,
OECD.SDD.STES:DSD_STES@DF_CLI(4.1),DEU,M,LI,IX,_Z,AA,IX,_Z,H,2017-11,101.499,A,0,2,
OECD.SDD.STES:DSD_STES@DF_CLI(4.1),DEU,M,LI,IX,_Z,AA,IX,_Z,H,2017-10,101.4578,A,0,2,
OECD.SDD.STES:DSD_STES@DF_CLI(4.1),DEU,M,LI,IX,_Z,AA,IX,_Z,H,2017-09,101.3888,A,0,2,
OECD.SDD.STES:DSD_STES@DF_CLI(4.1),DEU,M,LI,IX,_Z,AA,IX,_Z,H,2017-08,101.2999,A,0,2,
OECD.SDD.STES:DSD_STES@DF_CLI(4.1),DEU,M,LI,IX,_Z,AA,IX,_Z,H,2017-06,101.0738,A,0,2,
OECD.SDD.STES:DSD_STES@DF_CLI(4.1),DEU,M,LI,IX,_Z,AA,IX,_Z,H,2017-05,100.9377,A,0,2,
OECD.SDD.STES:DSD_STES@DF_CLI(4.1),DEU,M,LI,IX,_Z,AA,IX,_Z,H,2017-04,100.7883,A,0,2,
OECD.SDD.STES:DSD_STES@DF_CLI(4.1),DEU,M,LI,IX,_Z,AA,IX,_Z,H,2017-03,100.6162,A,0,2,
OECD.SDD.STES:DSD_STES@DF_CLI(4.1),DEU,M,LI,IX,_Z,AA,IX,_Z,H,2017-02,100.4347,A,0,2,
OECD.SDD.STES:DSD_STES@DF_CLI(4.1),DEU,M,LI,IX,_Z,AA,IX,_Z,H,2017-01,100.2551,A,0,2,
OECD.SDD.STES:DSD_STES@DF_CLI(4.1),DEU,M,LI,IX,_Z,AA,IX,_Z,H,2016-12,100.0865,A,0,2,
OECD.SDD.STES:DSD_STES@DF_CLI(4.1),DEU,M,LI,IX,_Z,AA,IX,_Z,H,2016-11,99.93421,A,0,2,
OECD.SDD.STES:DSD_STES@DF_CLI(4.1),DEU,M,LI,IX,_Z,AA,IX,_Z,H,2009-08,98.00892,A,0,2,
OECD.SDD.STES:DSD_STES@DF_CLI(4.1),DEU,M,LI,IX,_Z,AA,IX,_Z,H,2009-07,97.2292,A,0,2,
OECD.SDD.STES:DSD_STES@DF_CLI(4.1),DEU,M,LI,IX,_Z,AA,IX,_Z,H,2009-06,96.41226,A,0,2,
OECD.SDD.STES:DSD_STES@DF_CLI(4.1),DEU,M,LI,IX,_Z,AA,IX,_Z,H,2009-05,95.63718,A,0,2,
OECD.SDD.STES:DSD_STES@DF_CLI(4.1),DEU,M,LI,IX,_Z,AA,IX,_Z,H,2009-04,94.98894,A,0,2,
OECD.SDD.STES:DSD_STES@DF_CLI(4.1),DEU,M,LI,IX,_Z,AA,IX,_Z,H,2009-03,94.54596,A,0,2,
OECD.SDD.STES:DSD_STES@DF_CLI(4.1),DEU,M,LI,IX,_Z,AA,IX,_Z,H,2009-02,94.36301,A,0,2,
OECD.SDD.STES:DSD_STES@DF_CLI(4.1),DEU,M,LI,IX,_Z,AA,IX,_Z,H,2009-01,94.46449,A,0,2,
OECD.SDD.STES:DSD_STES@DF_CLI(4.1),DEU,M,LI,IX,_Z,AA,IX,_Z,H,2008-12,94.85224,A,0,2,
OECD.SDD.STES:DSD_STES@DF_CLI(4.1),DEU,M,LI,IX,_Z,AA,IX,_Z,H,2008-11,95.51541,A,0,2,
OECD.SDD.STES:DSD_STES@DF_CLI(4.1),DEU,M,LI,IX,_Z,AA,IX,_Z,H,2008-10,96.37424,A,0,2,
OECD.SDD.STES:DSD_STES@DF_CLI(4.1),DEU,M,LI,IX,_Z,AA,IX,_Z,H,2008-09,97.31747,A,0,2,
OECD.SDD.STES:DSD_STES@DF_CLI(4.1),DEU,M,LI,IX,_Z,AA,IX,_Z,H,2008-08,98.23541,A,0,2,
OECD.SDD.STES:DSD_STES@DF_CLI(4.1),ITA,M,LI,IX,_Z,AA,IX,_Z,H,2019-03,99.53608,A,0,2,
OECD.SDD.STES:DSD_STES@DF_CLI(4.1),ITA,M,LI,IX,_Z,AA,IX,_Z,H,2019-02,99.64346,A,0,2,
OECD.SDD.STES:DSD_STES@DF_CLI(4.1),ITA,M,LI,IX,_Z,AA,IX,_Z,H,2019-01,99.79177,A,0,2,
OECD.SDD.STES:DSD_STES@DF_CLI(4.1),ITA,M,LI,IX,_Z,AA,IX,_Z,H,2018-12,99.96027,A,0,2,
OECD.SDD.STES:DSD_STES@DF_CLI(4.1),ITA,M,LI,IX,_Z,AA,IX,_Z,H,2018-11,100.1207,A,0,2,
OECD.SDD.STES:DSD_STES@DF_CLI(4.1),ITA,M,LI,IX,_Z,AA,IX,_Z,H,2018-10,100.2815,A,0,2,
OECD.SDD.STES:DSD_STES@DF_CLI(4.1),ITA,M,LI,IX,_Z,AA,IX,_Z,H,2018-09,100.4488,A,0,2,
OECD.SDD.STES:DSD_STES@DF_CLI(4.1),ITA,M,LI,IX,_Z,AA,IX,_Z,H,2018-08,100.626,A,0,2,
OECD.SDD.STES:DSD_STES@DF_CLI(4.1),ITA,M,LI,IX,_Z,AA,IX,_Z,H,2018-07,100.8171,A,0,2,
OECD.SDD.STES:DSD_STES@DF_CLI(4.1),ITA,M,LI,IX,_Z,AA,IX,_Z,H,2018-06,101.0169,A,0,2,
OECD.SDD.STES:DSD_STES@DF_CLI(4.1),ITA,M,LI,IX,_Z,AA,IX,_Z,H,2018-05,101.2132,A,0,2,
OECD.SDD.STES:DSD_STES@DF_CLI(4.1),ITA,M,LI,IX,_Z,AA,IX,_Z,H,2018-04,101.407,A,0,2,
OECD.SDD.STES:DSD_STES@DF_CLI(4.1),ITA,M,LI,IX,_Z,AA,IX,_Z,H,2018-03,101.5775,A,0,2,
OECD.SDD.STES:DSD_STES@DF_CLI(4.1),ITA,M,LI,IX,_Z,AA,IX,_Z,H,2018-02,101.7166,A,0,2,
OECD.SDD.STES:DSD_STES@DF_CLI(4.1),ITA,M,LI,IX,_Z,AA,IX,_Z,H,2025-12,100.8131,A,0,2,
OECD.SDD.STES:DSD_STES@DF_CLI(4.1),ITA,M,LI,IX,_Z,AA,IX,_Z,H,2025-11,100.7877,A,0,2,
OECD.SDD.STES:DSD_STES@DF_CLI(4.1),ITA,M,LI,IX,_Z,AA,IX,_Z,H,2025-10,100.6822,A,0,2,
OECD.SDD.STES:DSD_STES@DF_CLI(4.1),ITA,M,LI,IX,_Z,AA,IX,_Z,H,2025-09,100.5141,A,0,2,
OECD.SDD.STES:DSD_STES@DF_CLI(4.1),ITA,M,LI,IX,_Z,AA,IX,_Z,H,2025-08,100.3167,A,0,2,
OECD.SDD.STES:DSD_STES@DF_CLI(4.1),ITA,M,LI,IX,_Z,AA,IX,_Z,H,2025-07,100.1193,A,0,2,
OECD.SDD.STES:DSD_STES@DF_CLI(4.1),ITA,M,LI,IX,_Z,AA,IX,_Z,H,2025-06,99.92833,A,0,2,
OECD.SDD.STES:DSD_STES@DF_CLI(4.1),ITA,M,LI,IX,_Z,AA,IX,_Z,H,2025-05,99.75446,A,0,2,
OECD.SDD.STES:DSD_STES@DF_CLI(4.1),ITA,M,LI,IX,_Z,AA,IX,_Z,H,2025-04,99.6058,A,0,2,
OECD.SDD.STES:DSD_STES@DF_CLI(4.1),ITA,M,LI,IX,_Z,AA,IX,_Z,H,2025-03,99.49953,A,0,2,
OECD.SDD.STES:DSD_STES@DF_CLI(4.1),ITA,M,LI,IX,_Z,AA,IX,_Z,H,2025-02,99.43198,A,0,2,
OECD.SDD.STES:DSD_STES@DF_CLI(4.1),ITA,M,LI,IX,_Z,AA,IX,_Z,H,2025-01,99.38632,A,0,2,
OECD.SDD.STES:DSD_STES@DF_CLI(4.1),ITA,M,LI,IX,_Z,AA,IX,_Z,H,2024-12,99.35876,A,0,2,
OECD.SDD.STES:DSD_STES@DF_CLI(4.1),ITA,M,LI,IX,_Z,AA,IX,_Z,H,2024-11,99.34349,A,0,2,
OECD.SDD.STES:DSD_STES@DF_CLI(4.1),ITA,M,LI,IX,_Z,AA,IX,_Z,H,2024-10,99.32192,A,0,2,
OECD.SDD.STES:DSD_STES@DF_CLI(4.1),ITA,M,LI,IX,_Z,AA,IX,_Z,H,2024-09,99.28293,A,0,2,
OECD.SDD.STES:DSD_STES@DF_CLI(4.1),ITA,M,LI,IX,_Z,AA,IX,_Z,H,2024-08,99.22607,A,0,2,
OECD.SDD.STES:DSD_STES@DF_CLI(4.1),ITA,M,LI,IX,_Z,AA,IX,_Z,H,2024-07,99.16075,A,0,2,
OECD.SDD.STES:DSD_STES@DF_CLI(4.1),ITA,M,LI,IX,_Z,AA,IX,_Z,H,2024-06,99.08939,A,0,2,
OECD.SDD.STES:DSD_STES@DF_CLI(4.1),ITA,M,LI,IX,_Z,AA,IX,_Z,H,2024-05,99.02625,A,0,2,
OECD.SDD.STES:DSD_STES@DF_CLI(4.1),ITA,M,LI,IX,_Z,AA,IX,_Z,H,2024-04,98.98141,A,0,2,
OECD.SDD.STES:DSD_STES@DF_CLI(4.1),ITA,M,LI,IX,_Z,AA,IX,_Z,H,2024-03,98.94827,A,0,2,
OECD.SDD.STES:DSD_STES@DF_CLI(4.1),ITA,M,LI,IX,_Z,AA,IX,_Z,H,2024-02,98.90475,A,0,2,
OECD.SDD.STES:DSD_STES@DF_CLI(4.1),ITA,M,LI,IX,_Z,AA,IX,_Z,H,2024-01,98.85037,A,0,2,
OECD.SDD.STES:DSD_STES@DF_CLI(4.1),ITA,M,LI,IX,_Z,AA,IX,_Z,H,2023-12,98.78114,A,0,2,
OECD.SDD.STES:DSD_STES@DF_CLI(4.1),ITA,M,LI,IX,_Z,AA,IX,_Z,H,2023-11,98.71035,A,0,2,
OECD.SDD.STES:DSD_STES@DF_CLI(4.1),ITA,M,LI,IX,_Z,AA,IX,_Z,H,2023-10,98.6626,A,0,2,
OECD.SDD.STES:DSD_STES@DF_CLI(4.1),ITA,M,LI,IX,_Z,AA,IX,_Z,H,2023-09,98.67255,A,0,2,
OECD.SDD.STES:DSD_STES@DF_CLI(4.1),ITA,M,LI,IX,_Z,AA,IX,_Z,H,2023-08,98.73759,A,0,2,
OECD.SDD.STES:DSD_STES@DF_CLI(4.1),ITA,M,LI,IX,_Z,AA,IX,_Z,H,2023-07,98.83295,A,0,2,
OECD.SDD.STES:DSD_STES@DF_CLI(4.1),ITA,M,LI,IX,_Z,AA,IX,_Z,H,2023-06,98.93524,A,0,2,
OECD.SDD.STES:DSD_STES@DF_CLI(4.1),ITA,M,LI,IX,_Z,AA,IX,_Z,H,2016-09,100.0741,A,0,2,
OECD.SDD.STES:DSD_STES@DF_CLI(4.1),ITA,M,LI,IX,_Z,AA,IX,_Z,H,2016-08,100.1635,A,0,2,
OECD.SDD.STES:DSD_STES@DF_CLI(4.1),ITA,M,LI,IX,_Z,AA,IX,_Z,H,2016-07,100.2924,A,0,2,
OECD.SDD.STES:DSD_STES@DF_CLI(4.1),ITA,M,LI,IX,_Z,AA,IX,_Z,H,2016-06,100.4338,A,0,2,
OECD.SDD.STES:DSD_STES@DF_CLI(4.1),ITA,M,LI,IX,_Z,AA,IX,_Z,H,2016-05,100.5522,A,0,2,
OECD.SDD.STES:DSD_STES@DF_CLI(4.1),ITA,M,LI,IX,_Z,AA,IX,_Z,H,2016-04,100.6595,A,0,2,
OECD.SDD.STES:DSD_STES@DF_CLI(4.1),ITA,M,LI,IX,_Z,AA,IX,_Z,H,2016-03,100.7318,A,0,2,
OECD.SDD.STES:DSD_STES@DF_CLI(4.1),ITA,M,LI,IX,_Z,AA,IX,_Z,H,2016-02,100.7887,A,0,2,
OECD.SDD.STES:DSD_STES@DF_CLI(4.1),ITA,M,LI,IX,_Z,AA,IX,_Z,H,2016-01,100.834,A,0,2,
OECD.SDD.STES:DSD_STES@DF_CLI(4.1),ITA,M,LI,IX,_Z,AA,IX,_Z,H,2015-12,100.8653,A,0,2,
OECD.SDD.STES:DSD_STES@DF_CLI(4.1),ITA,M,LI,IX,_Z,AA,IX,_Z,H,2015-11,100.8715,A,0,2,
OECD.SDD.STES:DSD_STES@DF_CLI(4.1),ITA,M,LI,IX,_Z,AA,IX,_Z,H,2015-10,100.8162,A,0,2,
OECD.SDD.STES:DSD_STES@DF_CLI(4.1),ITA,M,LI,IX,_Z,AA,IX,_Z,H,2015-09,100.7091,A,0,2,
OECD.SDD.STES:DSD_STES@DF_CLI(4.1),ITA,M,LI,IX,_Z,AA,IX,_Z,H,2015-08,100.5967,A,0,2,
OECD.SDD.STES:DSD_STES@DF_CLI(4.1),ITA,M,LI,IX,_Z,AA,IX,_Z,H,2015-07,100.5289,A,0,2,
OECD.SDD.STES:DSD_STES@DF_CLI(4.1),ITA,M,LI,IX,_Z,AA,IX,_Z,H,2015-06,100.4836,A,0,2,
OECD.SDD.STES:DSD_STES@DF_CLI(4.1),ITA,M,LI,IX,_Z,AA,IX,_Z,H,2015-05,100.427,A,0,2,
OECD.SDD.STES:DSD_STES@DF_CLI(4.1),ITA,M,LI,IX,_Z,AA,IX,_Z,H,2015-04,100.3348,A,0,2,
OECD.SDD.STES:DSD_STES@DF_CLI(4.1),ITA,M,LI,IX,_Z,AA,IX,_Z,H,2015-03,100.18,A,0,2,
OECD.SDD.STES:DSD_STES@DF_CLI(4.1),ITA,M,LI,IX,_Z,AA,IX,_Z,H,2015-02,99.97585,A,0,2,
OECD.SDD.STES:DSD_STES@DF_CLI(4.1),ITA,M,LI,IX,_Z,AA,IX,_Z,H,2015-01,99.75787,A,0,2,
OECD.SDD.STES:DSD_STES@DF_CLI(4.1),ITA,M,LI,IX,_Z,AA,IX,_Z,H,2014-12,99.58562,A,0,2,
OECD.SDD.STES:DSD_STES@DF_CLI(4.1),ITA,M,LI,IX,_Z,AA,IX,_Z,H,2020-02,99.24535,A,0,2,
OECD.SDD.STES:DSD_STES@DF_CLI(4.1),ITA,M,LI,IX,_Z,AA,IX,_Z,H,2014-10,99.49807,A,0,2,
OECD.SDD.STES:DSD_STES@DF_CLI(4.1),ITA,M,LI,IX,_Z,AA,IX,_Z,H,2014-09,99.5864,A,0,2,
OECD.SDD.STES:DSD_STES@DF_CLI(4.1),ITA,M,LI,IX,_Z,AA,IX,_Z,H,2014-08,99.73533,A,0,2,
OECD.SDD.STES:DSD_STES@DF_CLI(4.1),ITA,M,LI,IX,_Z,AA,IX,_Z,H,2014-07,99.9258,A,0,2,
OECD.SDD.STES:DSD_STES@DF_CLI(4.1),ITA,M,LI,IX,_Z,AA,IX,_Z,H,2014-06,100.0998,A,0,2,
OECD.SDD.STES:DSD_STES@DF_CLI(4.1),ITA,M,LI,IX,_Z,AA,IX,_Z,H,2014-05,100.2125,A,0,2,
OECD.SDD.STES:DSD_STES@DF_CLI(4.1),ITA,M,LI,IX,_Z,AA,IX,_Z,H,2014-04,100.2342,A,0,2,
OECD.SDD.STES:DSD_STES@DF_CLI(4.1),ITA,M,LI,IX,_Z,AA,IX,_Z,H,2014-03,100.1687,A,0,2,
OECD.SDD.STES:DSD_STES@DF_CLI(4.1),ITA,M,LI,IX,_Z,AA,IX,_Z,H,2014-02,100.0514,A,0,2,
OECD.SDD.STES:DSD_STES@DF_CLI(4.1),ITA,M,LI,IX,_Z,AA,IX,_Z,H,2014-01,99.92003,A,0,2,
OECD.SDD.STES:DSD_STES@DF_CLI(4.1),ITA,M,LI,IX,_Z,AA,IX,_Z,H,2013-12,99.78334,A,0,2,
OECD.SDD.STES:DSD_STES@DF_CLI(4.1),ITA,M,LI,IX,_Z,AA,IX,_Z,H,2013-11,99.63955,A,0,2,
OECD.SDD.STES:DSD_STES@DF_CLI(4.1),ITA,M,LI,IX,_Z,AA,IX,_Z,H,2013-10,99.46686,A,0,2,
OECD.SDD.STES:DSD_STES@DF_CLI(4.1),ITA,M,LI,IX,_Z,AA,IX,_Z,H,2013-09,99.26752,A,0,2,
OECD.SDD.STES:DSD_STES@DF_CLI(4.1),ITA,M,LI,IX,_Z,AA,IX,_Z,H,2013-08,99.02329,A,0,2,
OECD.SDD.STES:DSD_STES@DF_CLI(4.1),DEU,M,LI,IX,_Z,AA,IX,_Z,H,2005-06,99.59253,A,0,2,
OECD.SDD.STES:DSD_STES@DF_CLI(4.1),DEU,M,LI,IX,_Z,AA,IX,_Z,H,2005-05,99.54654,A,0,2,
OECD.SDD.STES:DSD_STES@DF_CLI(4.1),DEU,M,LI,IX,_Z,AA,IX,_Z,H,2005-04,99.57095,A,0,2,
OECD.SDD.STES:DSD_STES@DF_CLI(4.1),DEU,M,LI,IX,_Z,AA,IX,_Z,H,2005-03,99.65524,A,0,2,
OECD.SDD.STES:DSD_STES@DF_CLI(4.1),DEU,M,LI,IX,_Z,AA,IX,_Z,H,2005-02,99.78004,A,0,2,
OECD.SDD.STES:DSD_STES@DF_CLI(4.1),DEU,M,LI,IX,_Z,AA,IX,_Z,H,2005-01,99.91446,A,0,2,
OECD.SDD.STES:DSD_STES@DF_CLI(4.1),DEU,M,LI,IX,_Z,AA,IX,_Z,H,2004-12,100.0379,A,0,2,
OECD.SDD.STES:DSD_STES@DF_CLI(4.1),DEU,M,LI,IX,_Z,AA,IX,_Z,H,2004-11,100.1432,A,0,2,
OECD.SDD.STES:DSD_STES@DF_CLI(4.1),DEU,M,LI,IX,_Z,AA,IX,_Z,H,2004-10,100.2367,A,0,2,
OECD.SDD.STES:DSD_STES@DF_CLI(4.1),DEU,M,LI,IX,_Z,AA,IX,_Z,H,2004-09,100.3144,A,0,2,
OECD.SDD.STES:DSD_STES@DF_CLI(4.1),DEU,M,LI,IX,_Z,AA,IX,_Z,H,2004-08,100.3721,A,0,2,
OECD.SDD.STES:DSD_STES@DF_CLI(4.1),DEU,M,LI,IX,_Z,AA,IX,_Z,H,2004-07,100.4174,A,0,2,
OECD.SDD.STES:DSD_STES@DF_CLI(4.1),DEU,M,LI,IX,_Z,AA,IX,_Z,H,2004-06,100.4551,A,0,2,
OECD.SDD.STES:DSD_STES@DF_CLI(4.1),DEU,M,LI,IX,_Z,AA,IX,_Z,H,2004-05,100.4883,A,0,2,
OECD.SDD.STES:DSD_STES@DF_CLI(4.1),DEU,M,LI,IX,_Z,AA,IX,_Z,H,2004-04,100.5082,A,0,2,
OECD.SDD.STES:DSD_STES@DF_CLI(4.1),DEU,M,LI,IX,_Z,AA,IX,_Z,H,2004-03,100.5162,A,0,2,
OECD.SDD.STES:DSD_STES@DF_CLI(4.1),DEU,M,LI,IX,_Z,AA,IX,_Z,H,2004-02,100.5201,A,0,2,
OECD.SDD.STES:DSD_STES@DF_CLI(4.1),DEU,M,LI,IX,_Z,AA,IX,_Z,H,2004-01,100.5079,A,0,2,
OECD.SDD.STES:DSD_STES@DF_CLI(4.1),DEU,M,LI,IX,_Z,AA,IX,_Z,H,2003-12,100.4619,A,0,2,
OECD.SDD.STES:DSD_STES@DF_CLI(4.1),DEU,M,LI,IX,_Z,AA,IX,_Z,H,2003-11,100.3532,A,0,2,
OECD.SDD.STES:DSD_STES@DF_CLI(4.1),DEU,M,LI,IX,_Z,AA,IX,_Z,H,2003-10,100.1632,A,0,2,
OECD.SDD.STES:DSD_STES@DF_CLI(4.1),DEU,M,LI,IX,_Z,AA,IX,_Z,H,2003-09,99.90755,A,0,2,
OECD.SDD.STES:DSD_STES@DF_CLI(4.1),DEU,M,LI,IX,_Z,AA,IX,_Z,H,2003-08,99.61623,A,0,2,
OECD.SDD.STES:DSD_STES@DF_CLI(4.1),DEU,M,LI,IX,_Z,AA,IX,_Z,H,2003-07,99.31064,A,0,2,
OECD.SDD.STES:DSD_STES@DF_CLI(4.1),DEU,M,LI,IX,_Z,AA,IX,_Z,H,2003-06,99.02736,A,0,2,
OECD.SDD.STES:DSD_STES@DF_CLI(4.1),ITA,M,LI,IX,_Z,AA,IX,_Z,H,2010-10,101.9109,A,0,2,
OECD.SDD.STES:DSD_STES@DF_CLI(4.1),ITA,M,LI,IX,_Z,AA,IX,_Z,H,2010-09,101.622,A,0,2,
OECD.SDD.STES:DSD_STES@DF_CLI(4.1),ITA,M,LI,IX,_Z,AA,IX,_Z,H,2010-08,101.3221,A,0,2,
OECD.SDD.STES:DSD_STES@DF_CLI(4.1),ITA,M,LI,IX,_Z,AA,IX,_Z,H,2010-07,101.0593,A,0,2,
OECD.SDD.STES:DSD_STES@DF_CLI(4.1),ITA,M,LI,IX,_Z,AA,IX,_Z,H,2010-06,100.8658,A,0,2,
OECD.SDD.STES:DSD_STES@DF_CLI(4.1),ITA,M,LI,IX,_Z,AA,IX,_Z,H,2010-05,100.7322,A,0,2,
OECD.SDD.STES:DSD_STES@DF_CLI(4.1),ITA,M,LI,IX,_Z,AA,IX,_Z,H,2010-04,100.6376,A,0,2,
OECD.SDD.STES:DSD_STES@DF_CLI(4.1),ITA,M,LI,IX,_Z,AA,IX,_Z,H,2010-03,100.5546,A,0,2,
OECD.SDD.STES:DSD_STES@DF_CLI(4.1),ITA,M,LI,IX,_Z,AA,IX,_Z,H,2010-02,100.471,A,0,2,
OECD.SDD.STES:DSD_STES@DF_CLI(4.1),ITA,M,LI,IX,_Z,AA,IX,_Z,H,2010-01,100.3515,A,0,2,
OECD.SDD.STES:DSD_STES@DF_CLI(4.1),ITA,M,LI,IX,_Z,AA,IX,_Z,H,2009-12,100.1644,A,0,2,
OECD.SDD.STES:DSD_STES@DF_CLI(4.1),ITA,M,LI,IX,_Z,AA,IX,_Z,H,2009-11,99.88206,A,0,2,
OECD.SDD.STES:DSD_STES@DF_CLI(4.1),ITA,M,LI,IX,_Z,AA,IX,_Z,H,2009-10,99.49104,A,0,2,
OECD.SDD.STES:DSD_STES@DF_CLI(4.1),ITA,M,LI,IX,_Z,AA,IX,_Z,H,2009-09,98.99959,A,0,2,
OECD.SDD.STES:DSD_STES@DF_CLI(4.1),ITA,M,LI,IX,_Z,AA,IX,_Z,H,2009-08,98.43648,A,0,2,
OECD.SDD.STES:DSD_STES@DF_CLI(4.1),ITA,M,LI,IX,_Z,AA,IX,_Z,H,2009-07,97.84962,A,0,2,
OECD.SDD.STES:DSD_STES@DF_CLI(4.1),ITA,M,LI,IX,_Z,AA,IX,_Z,H,2009-06,97.24889,A,0,2,
OECD.SDD.STES:DSD_STES@DF_CLI(4.1),ITA,M,LI,IX,_Z,AA,IX,_Z,H,2009-05,96.68693,A,0,2,
OECD.SDD.STES:DSD_STES@DF_CLI(4.1),ITA,M,LI,IX,_Z,AA,IX,_Z,H,2009-04,96.24908,A,0,2,
OECD.SDD.STES:DSD_STES@DF_CLI(4.1),ITA,M,LI,IX,_Z,AA,IX,_Z,H,2009-03,96.00241,A,0,2,
OECD.SDD.STES:DSD_STES@DF_CLI(4.1),ITA,M,LI,IX,_Z,AA,IX,_Z,H,2002-06,99.9843,A,0,2,
OECD.SDD.STES:DSD_STES@DF_CLI(4.1),ITA,M,LI,IX,_Z,AA,IX,_Z,H,2002-05,99.98486,A,0,2,
OECD.SDD.STES:DSD_STES@DF_CLI(4.1),ITA,M,LI,IX,_Z,AA,IX,_Z,H,2002-04,99.94951,A,0,2,
OECD.SDD.STES:DSD_STES@DF_CLI(4.1),ITA,M,LI,IX,_Z,AA,IX,_Z,H,2002-03,99.86968,A,0,2,
OECD.SDD.STES:DSD_STES@DF_CLI(4.1),ITA,M,LI,IX,_Z,AA,IX,_Z,H,2002-02,99.73446,A,0,2,
OECD.SDD.STES:DSD_STES@DF_CLI(4.1),ITA,M,LI,IX,_Z,AA,IX,_Z,H,2002-01,99.57001,A,0,2,
OECD.SDD.STES:DSD_STES@DF_CLI(4.1),ITA,M,LI,IX,_Z,AA,IX,_Z,H,2001-12,99.41188,A,0,2,
OECD.SDD.STES:DSD_STES@DF_CLI(4.1),ITA,M,LI,IX,_Z,AA,IX,_Z,H,2001-11,99.31034,A,0,2,
OECD.SDD.STES:DSD_STES@DF_CLI(4.1),ITA,M,LI,IX,_Z,AA,IX,_Z,H,2001-10,99.31505,A,0,2,
OECD.SDD.STES:DSD_STES@DF_CLI(4.1),ITA,M,LI,IX,_Z,AA,IX,_Z,H,2001-09,99.43665,A,0,2,
OECD.SDD.STES:DSD_STES@DF_CLI(4.1),ITA,M,LI,IX,_Z,AA,IX,_Z,H,2001-08,99.63994,A,0,2,
OECD.SDD.STES:DSD_STES@DF_CLI(4.1),ITA,M,LI,IX,_Z,AA,IX,_Z,H,2001-07,99.85794,A,0,2,
OECD.SDD.STES:DSD_STES@DF_CLI(4.1),ITA,M,LI,IX,_Z,AA,IX,_Z,H,2001-06,100.0624,A,0,2,
OECD.SDD.STES:DSD_STES@DF_CLI(4.1),ITA,M,LI,IX,_Z,AA,IX,_Z,H,2001-05,100.2505,A,0,2,
OECD.SDD.STES:DSD_STES@DF_CLI(4.1),ITA,M,LI,IX,_Z,AA,IX,_Z,H,2001-04,100.4408,A,0,2,
OECD.SDD.STES:DSD_STES@DF_CLI(4.1),ITA,M,LI,IX,_Z,AA,IX,_Z,H,2001-03,100.6627,A,0,2,
OECD.SDD.STES:DSD_STES@DF_CLI(4.1),ITA,M,LI,IX,_Z,AA,IX,_Z,H,2001-02,100.9029,A,0,2,
OECD.SDD.STES:DSD_STES@DF_CLI(4.1),ITA,M,LI,IX,_Z,AA,IX,_Z,H,2001-01,101.1483,A,0,2,
OECD.SDD.STES:DSD_STES@DF_CLI(4.1),ITA,M,LI,IX,_Z,AA,IX,_Z,H,2000-12,101.3714,A,0,2,
OECD.SDD.STES:DSD_STES@DF_CLI(4.1),ITA,M,LI,IX,_Z,AA,IX,_Z,H,2000-11,101.5361,A,0,2,
OECD.SDD.STES:DSD_STES@DF_CLI(4.1),ITA,M,LI,IX,_Z,AA,IX,_Z,H,2000-10,101.6632,A,0,2,
OECD.SDD.STES:DSD_STES@DF_CLI(4.1),ITA,M,LI,IX,_Z,AA,IX,_Z,H,2000-09,101.7449,A,0,2,
OECD.SDD.STES:DSD_STES@DF_CLI(4.1),ITA,M,LI,IX,_Z,AA,IX,_Z,H,2000-08,101.7976,A,0,2,
OECD.SDD.STES:DSD_STES@DF_CLI(4.1),ITA,M,LI,IX,_Z,AA,IX,_Z,H,2000-07,101.8014,A,0,2,
OECD.SDD.STES:DSD_STES@DF_CLI(4.1),ITA,M,LI,IX,_Z,AA,IX,_Z,H,2000-06,101.7879,A,0,2,
OECD.SDD.STES:DSD_STES@DF_CLI(4.1),ITA,M,LI,IX,_Z,AA,IX,_Z,H,2000-05,101.7724,A,0,2,
OECD.SDD.STES:DSD_STES@DF_CLI(4.1),ITA,M,LI,IX,_Z,AA,IX,_Z,H,2000-04,101.74,A,0,2,
OECD.SDD.STES:DSD_STES@DF_CLI(4.1),ITA,M,LI,IX,_Z,AA,IX,_Z,H,2000-03,101.6704,A,0,2,
OECD.SDD.STES:DSD_STES@DF_CLI(4.1),ITA,M,LI,IX,_Z,AA,IX,_Z,H,2000-02,101.5717,A,0,2,
OECD.SDD.STES:DSD_STES@DF_CLI(4.1),ITA,M,LI,IX,_Z,AA,IX,_Z,H,2000-01,101.4505,A,0,2,
OECD.SDD.STES:DSD_STES@DF_CLI(4.1),ITA,M,LI,IX,_Z,AA,IX,_Z,H,2026-09,100.3024,A,0,2,
OECD.SDD.STES:DSD_STES@DF_CLI(4.1),ITA,M,LI,IX,_Z,AA,IX,_Z,H,2026-08,100.2075,A,0,2,
OECD.SDD.STES:DSD_STES@DF_CLI(4.1),ITA,M,LI,IX,_Z,AA,IX,_Z,H,2026-07,100.1306,A,0,2,
OECD.SDD.STES:DSD_STES@DF_CLI(4.1),ITA,M,LI,IX,_Z,AA,IX,_Z,H,2026-06,100.0999,A,0,2,
OECD.SDD.STES:DSD_STES@DF_CLI(4.1),ITA,M,LI,IX,_Z,AA,IX,_Z,H,2026-05,100.1376,A,0,2,
OECD.SDD.STES:DSD_STES@DF_CLI(4.1),ITA,M,LI,IX,_Z,AA,IX,_Z,H,2026-04,100.2549,A,0,2,
OECD.SDD.STES:DSD_STES@DF_CLI(4.1),ITA,M,LI,IX,_Z,AA,IX,_Z,H,2026-03,100.4375,A,0,2,
OECD.SDD.STES:DSD_STES@DF_CLI(4.1),ITA,M,LI,IX,_Z,AA,IX,_Z,H,2026-02,100.6232,A,0,2,
OECD.SDD.STES:DSD_STES@DF_CLI(4.1),ITA,M,LI,IX,_Z,AA,IX,_Z,H,2026-01,100.7572,A,0,2,
OECD.SDD.STES:DSD_STES@DF_CLI(4.1),ITA,M,LI,IX,_Z,AA,IX,_Z,H,2008-12,96.69832,A,0,2,
OECD.SDD.STES:DSD_STES@DF_CLI(4.1),ITA,M,LI,IX,_Z,AA,IX,_Z,H,2008-11,97.39805,A,0,2,
OECD.SDD.STES:DSD_STES@DF_CLI(4.1),ITA,M,LI,IX,_Z,AA,IX,_Z,H,2008-10,98.24747,A,0,2,
OECD.SDD.STES:DSD_STES@DF_CLI(4.1),ITA,M,LI,IX,_Z,AA,IX,_Z,H,2008-09,99.10186,A,0,2,
OECD.SDD.STES:DSD_STES@DF_CLI(4.1),ITA,M,LI,IX,_Z,AA,IX,_Z,H,2008-08,99.86419,A,0,2,
OECD.SDD.STES:DSD_STES@DF_CLI(4.1),ITA,M,LI,IX,_Z,AA,IX,_Z,H,2008-07,100.5157,A,0,2,
OECD.SDD.STES:DSD_STES@DF_CLI(4.1),ITA,M,LI,IX,_Z,AA,IX,_Z,H,2008-06,101.0471,A,0,2,
OECD.SDD.STES:DSD_STES@DF_CLI(4.1),ITA,M,LI,IX,_Z,AA,IX,_Z,H,2008-05,101.4541,A,0,2,
OECD.SDD.STES:DSD_STES@DF_CLI(4.1),ITA,M,LI,IX,_Z,AA,IX,_Z,H,2008-04,101.7292,A,0,2,
OECD.SDD.STES:DSD_STES@DF_CLI(4.1),ITA,M,LI,IX,_Z,AA,IX,_Z,H,2008-03,101.8847,A,0,2,
OECD.SDD.STES:DSD_STES@DF_CLI(4.1),ITA,M,LI,IX,_Z,AA,IX,_Z,H,2008-02,101.978,A,0,2,
OECD.SDD.STES:DSD_STES@DF_CLI(4.1),ITA,M,LI,IX,_Z,AA,IX,_Z,H,2008-01,102.0434,A,0,2,
OECD.SDD.STES:DSD_STES@DF_CLI(4.1),ITA,M,LI,IX,_Z,AA,IX,_Z,H,2007-12,102.1159,A,0,2,
OECD.SDD.STES:DSD_STES@DF_CLI(4.1),ITA,M,LI,IX,_Z,AA,IX,_Z,H,2007-11,102.226,A,0,2,
OECD.SDD.STES:DSD_STES@DF_CLI(4.1),ITA,M,LI,IX,_Z,AA,IX,_Z,H,2007-10,102.3327,A,0,2,
OECD.SDD.STES:DSD_STES@DF_CLI(4.1),ITA,M,LI,IX,_Z,AA,IX,_Z,H,2007-09,102.4183,A,0,2,
OECD.SDD.STES:DSD_STES@DF_CLI(4.1),ITA,M,LI,IX,_Z,AA,IX,_Z,H,2007-08,102.5031,A,0,2,
OECD.SDD.STES:DSD_STES@DF_CLI(4.1),ITA,M,LI,IX,_Z,AA,IX,_Z,H,2007-07,102.5976,A,0,2,
OECD.SDD.STES:DSD_STES@DF_CLI(4.1),ITA,M,LI,IX,_Z,AA,IX,_Z,H,2007-06,102.6888,A,0,2,
OECD.SDD.STES:DSD_STES@DF_CLI(4.1),ITA,M,LI,IX,_Z,AA,IX,_Z,H,2007-05,102.749,A,0,2,
OECD.SDD.STES:DSD_STES@DF_CLI(4.1),ITA,M,LI,IX,_Z,AA,IX,_Z,H,2009-02,95.99179,A,0,2,
OECD.SDD.STES:DSD_STES@DF_CLI(4.1),ITA,M,LI,IX,_Z,AA,IX,_Z,H,2009-01,96.22662,A,0,2,
OECD.SDD.STES:DSD_STES@DF_CLI(4.1),ITA,M,LI,IX,_Z,AA,IX,_Z,H,2017-02,100.3724,A,0,2,
OECD.SDD.STES:DSD_STES@DF_CLI(4.1),ITA,M,LI,IX,_Z,AA,IX,_Z,H,2017-01,100.2706,A,0,2,
OECD.SDD.STES:DSD_STES@DF_CLI(4.1),ITA,M,LI,IX,_Z,AA,IX,_Z,H,2016-12,100.1726,A,0,2,
OECD.SDD.STES:DSD_STES@DF_CLI(4.1),ITA,M,LI,IX,_Z,AA,IX,_Z,H,2016-11,100.0932,A,0,2,
OECD.SDD.STES:DSD_STES@DF_CLI(4.1),ITA,M,LI,IX,_Z,AA,IX,_Z,H,2016-10,100.0526,A,0,2,
OECD.SDD.STES:DSD_STES@DF_CLI(4.1),ITA,M,LI,IX,_Z,AA,IX,_Z,H,2018-01,101.8157,A,0,2,
OECD.SDD.STES:DSD_STES@DF_CLI(4.1),ITA,M,LI,IX,_Z,AA,IX,_Z,H,2017-12,101.8527,A,0,2,
OECD.SDD.STES:DSD_STES@DF_CLI(4.1),ITA,M,LI,IX,_Z,AA,IX,_Z,H,2017-11,101.7959,A,0,2,
OECD.SDD.STES:DSD_STES@DF_CLI(4.1),ITA,M,LI,IX,_Z,AA,IX,_Z,H,2017-10,101.6599,A,0,2,
OECD.SDD.STES:DSD_STES@DF_CLI(4.1),ITA,M,LI,IX,_Z,AA,IX,_Z,H,2017-09,101.4676,A,0,2,
OECD.SDD.STES:DSD_STES@DF_CLI(4.1),ITA,M,LI,IX,_Z,AA,IX,_Z,H,2017-08,101.2417,A,0,2,
OECD.SDD.STES:DSD_STES@DF_CLI(4.1),ITA,M,LI,IX,_Z,AA,IX,_Z,H,2017-07,101.0089,A,0,2,
OECD.SDD.STES:DSD_STES@DF_CLI(4.1),ITA,M,LI,IX,_Z,AA,IX,_Z,H,2017-06,100.8159,A,0,2,
OECD.SDD.STES:DSD_STES@DF_CLI(4.1),ITA,M,LI,IX,_Z,AA,IX,_Z,H,2017-05,100.6723,A,0,2,
OECD.SDD.STES:DSD_STES@DF_CLI(4.1),ITA,M,LI,IX,_Z,AA,IX,_Z,H,2017-04,100.5606,A,0,2,
OECD.SDD.STES:DSD_STES@DF_CLI(4.1),ITA,M,LI,IX,_Z,AA,IX,_Z,H,2017-03,100.4677,A,0,2,
OECD.SDD.STES:DSD_STES@DF_CLI(4.1),ITA,M,LI,IX,_Z,AA,IX,_Z,H,2014-11,99.49522,A,0,2,
OECD.SDD.STES:DSD_STES@DF_CLI(4.1),ITA,M,LI,IX,_Z,AA,IX,_Z,H,2020-01,99.27367,A,0,2,
OECD.SDD.STES:DSD_STES@DF_CLI(4.1),ITA,M,LI,IX,_Z,AA,IX,_Z,H,2019-12,99.2674,A,0,2,
OECD.SDD.STES:DSD_STES@DF_CLI(4.1),ITA,M,LI,IX,_Z,AA,IX,_Z,H,2019-11,99.24581,A,0,2,
OECD.SDD.STES:DSD_STES@DF_CLI(4.1),ITA,M,LI,IX,_Z,AA,IX,_Z,H,2019-10,99.2306,A,0,2,
OECD.SDD.STES:DSD_STES@DF_CLI(4.1),ITA,M,LI,IX,_Z,AA,IX,_Z,H,2019-09,99.22868,A,0,2,
OECD.SDD.STES:DSD_STES@DF_CLI(4.1),ITA,M,LI,IX,_Z,AA,IX,_Z,H,2019-08,99.24767,A,0,2,
OECD.SDD.STES:DSD_STES@DF_CLI(4.1),ITA,M,LI,IX,_Z,AA,IX,_Z,H,2019-07,99.29561,A,0,2,
OECD.SDD.STES:DSD_STES@DF_CLI(4.1),ITA,M,LI,IX,_Z,AA,IX,_Z,H,2019-06,99.35287,A,0,2,
OECD.SDD.STES:DSD_STES@DF_CLI(4.1),ITA,M,LI,IX,_Z,AA,IX,_Z,H,2019-05,99.41256,A,0,2,
OECD.SDD.STES:DSD_STES@DF_CLI(4.1),ITA,M,LI,IX,_Z,AA,IX,_Z,H,2019-04,99.46668,A,0,2,
OECD.SDD.STES:DSD_STES@DF_CLI(4.1),ITA,M,LI,IX,_Z,AA,IX,_Z,H,2004-03,99.42181,A,0,2,
OECD.SDD.STES:DSD_STES@DF_CLI(4.1),ITA,M,LI,IX,_Z,AA,IX,_Z,H,2004-02,99.43015,A,0,2,
OECD.SDD.STES:DSD_STES@DF_CLI(4.1),ITA,M,LI,IX,_Z,AA,IX,_Z,H,2004-01,99.41714,A,0,2,
OECD.SDD.STES:DSD_STES@DF_CLI(4.1),ITA,M,LI,IX,_Z,AA,IX,_Z,H,2003-12,99.36511,A,0,2,
OECD.SDD.STES:DSD_STES@DF_CLI(4.1),ITA,M,LI,IX,_Z,AA,IX,_Z,H,2003-11,99.25513,A,0,2,
OECD.SDD.STES:DSD_STES@DF_CLI(4.1),ITA,M,LI,IX,_Z,AA,IX,_Z,H,2003-10,99.10365,A,0,2,
OECD.SDD.STES:DSD_STES@DF_CLI(4.1),ITA,M,LI,IX,_Z,AA,IX,_Z,H,2003-09,98.93311,A,0,2,
OECD.SDD.STES:DSD_STES@DF_CLI(4.1),ITA,M,LI,IX,_Z,AA,IX,_Z,H,2003-08,98.78702,A,0,2,
OECD.SDD.STES:DSD_STES@DF_CLI(4.1),ITA,M,LI,IX,_Z,AA,IX,_Z,H,2003-07,98.70162,A,0,2,
OECD.SDD.STES:DSD_STES@DF_CLI(4.1),ITA,M,LI,IX,_Z,AA,IX,_Z,H,2003-06,98.6739,A,0,2,
OECD.SDD.STES:DSD_STES@DF_CLI(4.1),ITA,M,LI,IX,_Z,AA,IX,_Z,H,2003-05,98.68932,A,0,2,
OECD.SDD.STES:DSD_STES@DF_CLI(4.1),ITA,M,LI,IX,_Z,AA,IX,_Z,H,2003-04,98.74616,A,0,2,
OECD.SDD.STES:DSD_STES@DF_CLI(4.1),ITA,M,LI,IX,_Z,AA,IX,_Z,H,2003-03,98.84152,A,0,2,
OECD.SDD.STES:DSD_STES@DF_CLI(4.1),ITA,M,LI,IX,_Z,AA,IX,_Z,H,2003-02,98.9799,A,0,2,
OECD.SDD.STES:DSD_STES@DF_CLI(4.1),ITA,M,LI,IX,_Z,AA,IX,_Z,H,2003-01,99.1338,A,0,2,
OECD.SDD.STES:DSD_STES@DF_CLI(4.1),ITA,M,LI,IX,_Z,AA,IX,_Z,H,2002-12,99.28693,A,0,2,
OECD.SDD.STES:DSD_STES@DF_CLI(4.1),ITA,M,LI,IX,_Z,AA,IX,_Z,H,2002-11,99.44604,A,0,2,
OECD.SDD.STES:DSD_STES@DF_CLI(4.1),ITA,M,LI,IX,_Z,AA,IX,_Z,H,2002-10,99.5985,A,0,2,
OECD.SDD.STES:DSD_STES@DF_CLI(4.1),ITA,M,LI,IX,_Z,AA,IX,_Z,H,2002-09,99.74604,A,0,2,
OECD.SDD.STES:DSD_STES@DF_CLI(4.1),ITA,M,LI,IX,_Z,AA,IX,_Z,H,2002-08,99.86542,A,0,2,
OECD.SDD.STES:DSD_STES@DF_CLI(4.1),ITA,M,LI,IX,_Z,AA,IX,_Z,H,2002-07,99.94594,A,0,2,
OECD.SDD.STES:DSD_STES@DF_CLI(4.1),ITA,M,LI,IX,_Z,AA,IX,_Z,H,2023-05,99.01223,A,0,2,
OECD.SDD.STES:DSD_STES@DF_CLI(4.1),ITA,M,LI,IX,_Z,AA,IX,_Z,H,2023-04,99.04077,A,0,2,
OECD.SDD.STES:DSD_STES@DF_CLI(4.1),ITA,M,LI,IX,_Z,AA,IX,_Z,H,2023-03,98.98918,A,0,2,
OECD.SDD.STES:DSD_STES@DF_CLI(4.1),ITA,M,LI,IX,_Z,AA,IX,_Z,H,2023-02,98.82673,A,0,2,
OECD.SDD.STES:DSD_STES@DF_CLI(4.1),ITA,M,LI,IX,_Z,AA,IX,_Z,H,2023-01,98.5647,A,0,2,
OECD.SDD.STES:DSD_STES@DF_CLI(4.1),ITA,M,LI,IX,_Z,AA,IX,_Z,H,2022-12,98.23797,A,0,2,
OECD.SDD.STES:DSD_STES@DF_CLI(4.1),ITA,M,LI,IX,_Z,AA,IX,_Z,H,2022-11,97.91543,A,0,2,
OECD.SDD.STES:DSD_STES@DF_CLI(4.1),ITA,M,LI,IX,_Z,AA,IX,_Z,H,2022-10,97.70729,A,0,2,
OECD.SDD.STES:DSD_STES@DF_CLI(4.1),ITA,M,LI,IX,_Z,AA,IX,_Z,H,2022-09,97.71147,A,0,2,
OECD.SDD.STES:DSD_STES@DF_CLI(4.1),ITA,M,LI,IX,_Z,AA,IX,_Z,H,2022-08,97.94265,A,0,2,
OECD.SDD.STES:DSD_STES@DF_CLI(4.1),ITA,M,LI,IX,_Z,AA,IX,_Z,H,2022-07,98.37321,A,0,2,
OECD.SDD.STES:DSD_STES@DF_CLI(4.1),ITA,M,LI,IX,_Z,AA,IX,_Z,H,2022-06,98.98618,A,0,2,
OECD.SDD.STES:DSD_STES@DF_CLI(4.1),ITA,M,LI,IX,_Z,AA,IX,_Z,H,2022-05,99.70464,A,0,2,
OECD.SDD.STES:DSD_STES@DF_CLI(4.1),ITA,M,LI,IX,_Z,AA,IX,_Z,H,2022-04,100.4529,A,0,2,
OECD.SDD.STES:DSD_STES@DF_CLI(4.1),ITA,M,LI,IX,_Z,AA,IX,_Z,H,2022-03,101.2121,A,0,2,
OECD.SDD.STES:DSD_STES@DF_CLI(4.1),ITA,M,LI,IX,_Z,AA,IX,_Z,H,2022-02,101.9687,A,0,2,
OECD.SDD.STES:DSD_STES@DF_CLI(4.1),ITA,M,LI,IX,_Z,AA,IX,_Z,H,2022-01,102.6636,A,0,2,
OECD.SDD.STES:DSD_STES@DF_CLI(4.1),ITA,M,LI,IX,_Z,AA,IX,_Z,H,2021-12,103.2541,A,0,2,
OECD.SDD.STES:DSD_STES@DF_CLI(4.1),ITA,M,LI,IX,_Z,AA,IX,_Z,H,2021-11,103.6778,A,0,2,
OECD.SDD.STES:DSD_STES@DF_CLI(4.1),ITA,M,LI,IX,_Z,AA,IX,_Z,H,2021-10,103.9459,A,0,2,
OECD.SDD.STES:DSD_STES@DF_CLI(4.1),ITA,M,LI,IX,_Z,AA,IX,_Z,H,2021-09,104.0523,A,0,2,
OECD.SDD.STES:DSD_STES@DF_CLI(4.1),ITA,M,LI,IX,_Z,AA,IX,_Z,H,2021-08,104.0037,A,0,2,
OECD.SDD.STES:DSD_STES@DF_CLI(4.1),ITA,M,LI,IX,_Z,AA,IX,_Z,H,2021-07,103.8031,A,0,2,
OECD.SDD.STES:DSD_STES@DF_CLI(4.1),ITA,M,LI,IX,_Z,AA,IX,_Z,H,2021-06,103.4306,A,0,2,
OECD.SDD.STES:DSD_STES@DF_CLI(4.1),ITA,M,LI,IX,_Z,AA,IX,_Z,H,2021-05,102.8938,A,0,2,
OECD.SDD.STES:DSD_STES@DF_CLI(4.1),ITA,M,LI,IX,_Z,AA,IX,_Z,H,2021-04,102.2527,A,0,2,
OECD.SDD.STES:DSD_STES@DF_CLI(4.1),ITA,M,LI,IX,_Z,AA,IX,_Z,H,2021-03,101.5889,A,0,2,
OECD.SDD.STES:DSD_STES@DF_CLI(4.1),ITA,M,LI,IX,_Z,AA,IX,_Z,H,2021-02,100.9633,A,0,2,
OECD.SDD.STES:DSD_STES@DF_CLI(4.1),ITA,M,LI,IX,_Z,AA,IX,_Z,H,2021-01,100.5309,A,0,2,
OECD.SDD.STES:DSD_STES@DF_CLI(4.1),ITA,M,LI,IX,_Z,AA,IX,_Z,H,2020-12,100.1851,A,0,2,
OECD.SDD.STES:DSD_STES@DF_CLI(4.1),ITA,M,LI,IX,_Z,AA,IX,_Z,H,2020-11,99.91647,A,0,2,
OECD.SDD.STES:DSD_STES@DF_CLI(4.1),ITA,M,LI,IX,_Z,AA,IX,_Z,H,2020-10,99.71535,A,0,2,
OECD.SDD.STES:DSD_STES@DF_CLI(4.1),ITA,M,LI,IX,_Z,AA,IX,_Z,H,2020-09,99.33621,A,0,2,
OECD.SDD.STES:DSD_STES@DF_CLI(4.1),ITA,M,LI,IX,_Z,AA,IX,_Z,H,2020-08,98.76393,A,0,2,
OECD.SDD.STES:DSD_STES@DF_CLI(4.1),ITA,M,LI,IX,_Z,AA,IX,_Z,H,2020-07,97.81903,A,0,2,
OECD.SDD.STES:DSD_STES@DF_CLI(4.1),ITA,M,LI,IX,_Z,AA,IX,_Z,H,2020-06,96.4155,A,0,2,
OECD.SDD.STES:DSD_STES@DF_CLI(4.1),ITA,M,LI,IX,_Z,AA,IX,_Z,H,2020-05,92.87504,A,0,2,
OECD.SDD.STES:DSD_STES@DF_CLI(4.1),ITA,M,LI,IX,_Z,AA,IX,_Z,H,2020-04,89.99298,A,0,2,
OECD.SDD.STES:DSD_STES@DF_CLI(4.1),JPN,M,LI,IX,_Z,AA,IX,_Z,H,2005-12,101.1488,A,0,2,
OECD.SDD.STES:DSD_STES@DF_CLI(4.1),JPN,M,LI,IX,_Z,AA,IX,_Z,H,2005-11,101.0227,A,0,2,
OECD.SDD.STES:DSD_STES@DF_CLI(4.1),JPN,M,LI,IX,_Z,AA,IX,_Z,H,2013-12,101.2184,A,0,2,
OECD.SDD.STES:DSD_STES@DF_CLI(4.1),JPN,M,LI,IX,_Z,AA,IX,_Z,H,2013-11,101.2251,A,0,2,
OECD.SDD.STES:DSD_STES@DF_CLI(4.1),JPN,M,LI,IX,_Z,AA,IX,_Z,H,2013-10,101.1597,A,0,2,
OECD.SDD.STES:DSD_STES@DF_CLI(4.1),JPN,M,LI,IX,_Z,AA,IX,_Z,H,2013-09,101.0451,A,0,2,
OECD.SDD.STES:DSD_STES@DF_CLI(4.1),JPN,M,LI,IX,_Z,AA,IX,_Z,H,2013-08,100.8962,A,0,2,
OECD.SDD.STES:DSD_STES@DF_CLI(4.1),JPN,M,LI,IX,_Z,AA,IX,_Z,H,2014-11,99.85072,A,0,2,
OECD.SDD.STES:DSD_STES@DF_CLI(4.1),JPN,M,LI,IX,_Z,AA,IX,_Z,H,2014-10,99.8289,A,0,2,
OECD.SDD.STES:DSD_STES@DF_CLI(4.1),JPN,M,LI,IX,_Z,AA,IX,_Z,H,2014-09,99.83883,A,0,2,
OECD.SDD.STES:DSD_STES@DF_CLI(4.1),JPN,M,LI,IX,_Z,AA,IX,_Z,H,2014-08,99.8788,A,0,2,
OECD.SDD.STES:DSD_STES@DF_CLI(4.1),JPN,M,LI,IX,_Z,AA,IX,_Z,H,2014-07,99.95821,A,0,2,
OECD.SDD.STES:DSD_STES@DF_CLI(4.1),JPN,M,LI,IX,_Z,AA,IX,_Z,H,2014-06,100.0869,A,0,2,
OECD.SDD.STES:DSD_STES@DF_CLI(4.1),JPN,M,LI,IX,_Z,AA,IX,_Z,H,2014-05,100.2667,A,0,2,
OECD.SDD.STES:DSD_STES@DF_CLI(4.1),JPN,M,LI,IX,_Z,AA,IX,_Z,H,2014-04,100.498,A,0,2,
OECD.SDD.STES:DSD_STES@DF_CLI(4.1),JPN,M,LI,IX,_Z,AA,IX,_Z,H,2014-03,100.7481,A,0,2,
OECD.SDD.STES:DSD_STES@DF_CLI(4.1),ITA,M,LI,IX,_Z,AA,IX,_Z,H,2013-07,98.76081,A,0,2,
OECD.SDD.STES:DSD_STES@DF_CLI(4.1),ITA,M,LI,IX,_Z,AA,IX,_Z,H,2013-06,98.49529,A,0,2,
OECD.SDD.STES:DSD_STES@DF_CLI(4.1),ITA,M,LI,IX,_Z,AA,IX,_Z,H,2013-05,98.24021,A,0,2,
OECD.SDD.STES:DSD_STES@DF_CLI(4.1),ITA,M,LI,IX,_Z,AA,IX,_Z,H,2013-04,98.02275,A,0,2,
OECD.SDD.STES:DSD_STES@DF_CLI(4.1),ITA,M,LI,IX,_Z,AA,IX,_Z,H,2013-03,97.85232,A,0,2,
OECD.SDD.STES:DSD_STES@DF_CLI(4.1),ITA,M,LI,IX,_Z,AA,IX,_Z,H,2013-02,97.7183,A,0,2,
OECD.SDD.STES:DSD_STES@DF_CLI(4.1),ITA,M,LI,IX,_Z,AA,IX,_Z,H,2013-01,97.60873,A,0,2,
OECD.SDD.STES:DSD_STES@DF_CLI(4.1),ITA,M,LI,IX,_Z,AA,IX,_Z,H,2012-12,97.52237,A,0,2,
OECD.SDD.STES:DSD_STES@DF_CLI(4.1),ITA,M,LI,IX,_Z,AA,IX,_Z,H,2012-11,97.46632,A,0,2,
OECD.SDD.STES:DSD_STES@DF_CLI(4.1),ITA,M,LI,IX,_Z,AA,IX,_Z,H,2012-10,97.44615,A,0,2,
OECD.SDD.STES:DSD_STES@DF_CLI(4.1),ITA,M,LI,IX,_Z,AA,IX,_Z,H,2012-09,97.46041,A,0,2,
OECD.SDD.STES:DSD_STES@DF_CLI(4.1),ITA,M,LI,IX,_Z,AA,IX,_Z,H,2012-08,97.51221,A,0,2,
OECD.SDD.STES:DSD_STES@DF_CLI(4.1),ITA,M,LI,IX,_Z,AA,IX,_Z,H,2012-07,97.59277,A,0,2,
OECD.SDD.STES:DSD_STES@DF_CLI(4.1),ITA,M,LI,IX,_Z,AA,IX,_Z,H,2012-06,97.72563,A,0,2,
OECD.SDD.STES:DSD_STES@DF_CLI(4.1),ITA,M,LI,IX,_Z,AA,IX,_Z,H,2012-05,97.93072,A,0,2,
OECD.SDD.STES:DSD_STES@DF_CLI(4.1),ITA,M,LI,IX,_Z,AA,IX,_Z,H,2012-04,98.20754,A,0,2,
OECD.SDD.STES:DSD_STES@DF_CLI(4.1),ITA,M,LI,IX,_Z,AA,IX,_Z,H,2012-03,98.53442,A,0,2,
OECD.SDD.STES:DSD_STES@DF_CLI(4.1),ITA,M,LI,IX,_Z,AA,IX,_Z,H,2012-02,98.86871,A,0,2,
OECD.SDD.STES:DSD_STES@DF_CLI(4.1),ITA,M,LI,IX,_Z,AA,IX,_Z,H,2012-01,99.22118,A,0,2,
OECD.SDD.STES:DSD_STES@DF_CLI(4.1),ITA,M,LI,IX,_Z,AA,IX,_Z,H,2011-12,99.60698,A,0,2,
OECD.SDD.STES:DSD_STES@DF_CLI(4.1),ITA,M,LI,IX,_Z,AA,IX,_Z,H,2011-11,99.99931,A,0,2,
OECD.SDD.STES:DSD_STES@DF_CLI(4.1),ITA,M,LI,IX,_Z,AA,IX,_Z,H,2011-10,100.3994,A,0,2,
OECD.SDD.STES:DSD_STES@DF_CLI(4.1),ITA,M,LI,IX,_Z,AA,IX,_Z,H,2011-09,100.8274,A,0,2,
OECD.SDD.STES:DSD_STES@DF_CLI(4.1),ITA,M,LI,IX,_Z,AA,IX,_Z,H,2011-08,101.2582,A,0,2,
OECD.SDD.STES:DSD_STES@DF_CLI(4.1),ITA,M,LI,IX,_Z,AA,IX,_Z,H,2011-07,101.6406,A,0,2,
OECD.SDD.STES:DSD_STES@DF_CLI(4.1),ITA,M,LI,IX,_Z,AA,IX,_Z,H,2011-06,101.9571,A,0,2,
OECD.SDD.STES:DSD_STES@DF_CLI(4.1),ITA,M,LI,IX,_Z,AA,IX,_Z,H,2011-05,102.2005,A,0,2,
OECD.SDD.STES:DSD_STES@DF_CLI(4.1),ITA,M,LI,IX,_Z,AA,IX,_Z,H,2011-04,102.3725,A,0,2,
OECD.SDD.STES:DSD_STES@DF_CLI(4.1),ITA,M,LI,IX,_Z,AA,IX,_Z,H,2011-03,102.4779,A,0,2,
OECD.SDD.STES:DSD_STES@DF_CLI(4.1),ITA,M,LI,IX,_Z,AA,IX,_Z,H,2011-02,102.5091,A,0,2,
OECD.SDD.STES:DSD_STES@DF_CLI(4.1),ITA,M,LI,IX,_Z,AA,IX,_Z,H,2011-01,102.4692,A,0,2,
OECD.SDD.STES:DSD_STES@DF_CLI(4.1),ITA,M,LI,IX,_Z,AA,IX,_Z,H,2010-12,102.3538,A,0,2,
OECD.SDD.STES:DSD_STES@DF_CLI(4.1),ITA,M,LI,IX,_Z,AA,IX,_Z,H,2010-11,102.1581,A,0,2,
OECD.SDD.STES:DSD_STES@DF_CLI(4.1),JPN,M,LI,IX,_Z,AA,IX,_Z,H,2020-02,98.54813,A,0,2,
OECD.SDD.STES:DSD_STES@DF_CLI(4.1),JPN,M,LI,IX,_Z,AA,IX,_Z,H,2020-01,98.79939,A,0,2,
OECD.SDD.STES:DSD_STES@DF_CLI(4.1),JPN,M,LI,IX,_Z,AA,IX,_Z,H,2019-12,99.01321,A,0,2,
OECD.SDD.STES:DSD_STES@DF_CLI(4.1),JPN,M,LI,IX,_Z,AA,IX,_Z,H,2019-11,99.18365,A,0,2,
OECD.SDD.STES:DSD_STES@DF_CLI(4.1),JPN,M,LI,IX,_Z,AA,IX,_Z,H,2019-10,99.32563,A,0,2,
OECD.SDD.STES:DSD_STES@DF_CLI(4.1),JPN,M,LI,IX,_Z,AA,IX,_Z,H,2019-09,99.44849,A,0,2,
OECD.SDD.STES:DSD_STES@DF_CLI(4.1),JPN,M,LI,IX,_Z,AA,IX,_Z,H,2019-08,99.55032,A,0,2,
OECD.SDD.STES:DSD_STES@DF_CLI(4.1),JPN,M,LI,IX,_Z,AA,IX,_Z,H,2019-07,99.64362,A,0,2,
OECD.SDD.STES:DSD_STES@DF_CLI(4.1),JPN,M,LI,IX,_Z,AA,IX,_Z,H,2019-06,99.73168,A,0,2,
OECD.SDD.STES:DSD_STES@DF_CLI(4.1),JPN,M,LI,IX,_Z,AA,IX,_Z,H,2019-05,99.81877,A,0,2,
OECD.SDD.STES:DSD_STES@DF_CLI(4.1),JPN,M,LI,IX,_Z,AA,IX,_Z,H,2019-04,99.89847,A,0,2,
OECD.SDD.STES:DSD_STES@DF_CLI(4.1),JPN,M,LI,IX,_Z,AA,IX,_Z,H,2019-03,99.97505,A,0,2,
OECD.SDD.STES:DSD_STES@DF_CLI(4.1),JPN,M,LI,IX,_Z,AA,IX,_Z,H,2019-02,100.0486,A,0,2,
OECD.SDD.STES:DSD_STES@DF_CLI(4.1),JPN,M,LI,IX,_Z,AA,IX,_Z,H,2019-01,100.126,A,0,2,
OECD.SDD.STES:DSD_STES@DF_CLI(4.1),JPN,M,LI,IX,_Z,AA,IX,_Z,H,2018-12,100.2084,A,0,2,
OECD.SDD.STES:DSD_STES@DF_CLI(4.1),JPN,M,LI,IX,_Z,AA,IX,_Z,H,2018-11,100.2836,A,0,2,
OECD.SDD.STES:DSD_STES@DF_CLI(4.1),JPN,M,LI,IX,_Z,AA,IX,_Z,H,2018-10,100.3355,A,0,2,
OECD.SDD.STES:DSD_STES@DF_CLI(4.1),JPN,M,LI,IX,_Z,AA,IX,_Z,H,2018-09,100.3635,A,0,2,
OECD.SDD.STES:DSD_STES@DF_CLI(4.1),JPN,M,LI,IX,_Z,AA,IX,_Z,H,2018-08,100.3766,A,0,2,
OECD.SDD.STES:DSD_STES@DF_CLI(4.1),JPN,M,LI,IX,_Z,AA,IX,_Z,H,2018-07,100.3883,A,0,2,
OECD.SDD.STES:DSD_STES@DF_CLI(4.1),JPN,M,LI,IX,_Z,AA,IX,_Z,H,2018-06,100.401,A,0,2,
OECD.SDD.STES:DSD_STES@DF_CLI(4.1),JPN,M,LI,IX,_Z,AA,IX,_Z,H,2018-05,100.4106,A,0,2,
OECD.SDD.STES:DSD_STES@DF_CLI(4.1),JPN,M,LI,IX,_Z,AA,IX,_Z,H,2018-04,100.4109,A,0,2,
OECD.SDD.STES:DSD_STES@DF_CLI(4.1),JPN,M,LI,IX,_Z,AA,IX,_Z,H,2018-03,100.4142,A,0,2,
OECD.SDD.STES:DSD_STES@DF_CLI(4.1),JPN,M,LI,IX,_Z,AA,IX,_Z,H,2018-02,100.4268,A,0,2,
OECD.SDD.STES:DSD_STES@DF_CLI(4.1),JPN,M,LI,IX,_Z,AA,IX,_Z,H,2018-01,100.4311,A,0,2,
OECD.SDD.STES:DSD_STES@DF_CLI(4.1),JPN,M,LI,IX,_Z,AA,IX,_Z,H,2017-12,100.4422,A,0,2,
OECD.SDD.STES:DSD_STES@DF_CLI(4.1),JPN,M,LI,IX,_Z,AA,IX,_Z,H,2017-11,100.4429,A,0,2,
OECD.SDD.STES:DSD_STES@DF_CLI(4.1),JPN,M,LI,IX,_Z,AA,IX,_Z,H,2017-10,100.4345,A,0,2,
OECD.SDD.STES:DSD_STES@DF_CLI(4.1),JPN,M,LI,IX,_Z,AA,IX,_Z,H,2017-09,100.4277,A,0,2,
OECD.SDD.STES:DSD_STES@DF_CLI(4.1),JPN,M,LI,IX,_Z,AA,IX,_Z,H,2017-08,100.4228,A,0,2,
OECD.SDD.STES:DSD_STES@DF_CLI(4.1),JPN,M,LI,IX,_Z,AA,IX,_Z,H,2017-07,100.415,A,0,2,
OECD.SDD.STES:DSD_STES@DF_CLI(4.1),JPN,M,LI,IX,_Z,AA,IX,_Z,H,2017-06,100.3946,A,0,2,
OECD.SDD.STES:DSD_STES@DF_CLI(4.1),JPN,M,LI,IX,_Z,AA,IX,_Z,H,2017-05,100.3559,A,0,2,
OECD.SDD.STES:DSD_STES@DF_CLI(4.1),JPN,M,LI,IX,_Z,AA,IX,_Z,H,2017-04,100.3008,A,0,2,
OECD.SDD.STES:DSD_STES@DF_CLI(4.1),JPN,M,LI,IX,_Z,AA,IX,_Z,H,2017-03,100.2293,A,0,2,
OECD.SDD.STES:DSD_STES@DF_CLI(4.1),JPN,M,LI,IX,_Z,AA,IX,_Z,H,2017-02,100.1531,A,0,2,
OECD.SDD.STES:DSD_STES@DF_CLI(4.1),JPN,M,LI,IX,_Z,AA,IX,_Z,H,2017-01,100.0819,A,0,2,
OECD.SDD.STES:DSD_STES@DF_CLI(4.1),JPN,M,LI,IX,_Z,AA,IX,_Z,H,2024-01,99.77258,A,0,2,
OECD.SDD.STES:DSD_STES@DF_CLI(4.1),JPN,M,LI,IX,_Z,AA,IX,_Z,H,2023-12,99.77129,A,0,2,
OECD.SDD.STES:DSD_STES@DF_CLI(4.1),JPN,M,LI,IX,_Z,AA,IX,_Z,H,2023-11,99.7915,A,0,2,
OECD.SDD.STES:DSD_STES@DF_CLI(4.1),JPN,M,LI,IX,_Z,AA,IX,_Z,H,2023-10,99.81539,A,0,2,
OECD.SDD.STES:DSD_STES@DF_CLI(4.1),JPN,M,LI,IX,_Z,AA,IX,_Z,H,2023-09,99.83425,A,0,2,
OECD.SDD.STES:DSD_STES@DF_CLI(4.1),JPN,M,LI,IX,_Z,AA,IX,_Z,H,2023-08,99.84438,A,0,2,
OECD.SDD.STES:DSD_STES@DF_CLI(4.1),JPN,M,LI,IX,_Z,AA,IX,_Z,H,2023-07,99.84727,A,0,2,
OECD.SDD.STES:DSD_STES@DF_CLI(4.1),JPN,M,LI,IX,_Z,AA,IX,_Z,H,2023-06,99.85191,A,0,2,
OECD.SDD.STES:DSD_STES@DF_CLI(4.1),JPN,M,LI,IX,_Z,AA,IX,_Z,H,2023-05,99.85638,A,0,2,
OECD.SDD.STES:DSD_STES@DF_CLI(4.1),JPN,M,LI,IX,_Z,AA,IX,_Z,H,2023-04,99.8615,A,0,2,
OECD.SDD.STES:DSD_STES@DF_CLI(4.1),JPN,M,LI,IX,_Z,AA,IX,_Z,H,2023-03,99.87251,A,0,2,
OECD.SDD.STES:DSD_STES@DF_CLI(4.1),JPN,M,LI,IX,_Z,AA,IX,_Z,H,2023-02,99.88384,A,0,2,
OECD.SDD.STES:DSD_STES@DF_CLI(4.1),JPN,M,LI,IX,_Z,AA,IX,_Z,H,2013-07,100.7316,A,0,2,
OECD.SDD.STES:DSD_STES@DF_CLI(4.1),JPN,M,LI,IX,_Z,AA,IX,_Z,H,2013-06,100.5506,A,0,2,
OECD.SDD.STES:DSD_STES@DF_CLI(4.1),JPN,M,LI,IX,_Z,AA,IX,_Z,H,2013-05,100.3508,A,0,2,
OECD.SDD.STES:DSD_STES@DF_CLI(4.1),JPN,M,LI,IX,_Z,AA,IX,_Z,H,2013-04,100.1241,A,0,2,
OECD.SDD.STES:DSD_STES@DF_CLI(4.1),JPN,M,LI,IX,_Z,AA,IX,_Z,H,2013-03,99.88352,A,0,2,
OECD.SDD.STES:DSD_STES@DF_CLI(4.1),JPN,M,LI,IX,_Z,AA,IX,_Z,H,2013-02,99.65209,A,0,2,
OECD.SDD.STES:DSD_STES@DF_CLI(4.1),JPN,M,LI,IX,_Z,AA,IX,_Z,H,2013-01,99.45134,A,0,2,
OECD.SDD.STES:DSD_STES@DF_CLI(4.1),JPN,M,LI,IX,_Z,AA,IX,_Z,H,2012-12,99.31016,A,0,2,
OECD.SDD.STES:DSD_STES@DF_CLI(4.1),JPN,M,LI,IX,_Z,AA,IX,_Z,H,2012-11,99.22869,A,0,2,
OECD.SDD.STES:DSD_STES@DF_CLI(4.1),JPN,M,LI,IX,_Z,AA,IX,_Z,H,2012-10,99.21341,A,0,2,
OECD.SDD.STES:DSD_STES@DF_CLI(4.1),JPN,M,LI,IX,_Z,AA,IX,_Z,H,2005-06,100.4359,A,0,2,
OECD.SDD.STES:DSD_STES@DF_CLI(4.1),JPN,M,LI,IX,_Z,AA,IX,_Z,H,2005-05,100.3862,A,0,2,
OECD.SDD.STES:DSD_STES@DF_CLI(4.1),JPN,M,LI,IX,_Z,AA,IX,_Z,H,2005-04,100.3719,A,0,2,
OECD.SDD.STES:DSD_STES@DF_CLI(4.1),JPN,M,LI,IX,_Z,AA,IX,_Z,H,2005-03,100.3883,A,0,2,
OECD.SDD.STES:DSD_STES@DF_CLI(4.1),JPN,M,LI,IX,_Z,AA,IX,_Z,H,2005-02,100.4231,A,0,2,
OECD.SDD.STES:DSD_STES@DF_CLI(4.1),JPN,M,LI,IX,_Z,AA,IX,_Z,H,2005-01,100.4634,A,0,2,
OECD.SDD.STES:DSD_STES@DF_CLI(4.1),JPN,M,LI,IX,_Z,AA,IX,_Z,H,2004-12,100.4971,A,0,2,
OECD.SDD.STES:DSD_STES@DF_CLI(4.1),JPN,M,LI,IX,_Z,AA,IX,_Z,H,2004-11,100.5331,A,0,2,
OECD.SDD.STES:DSD_STES@DF_CLI(4.1),JPN,M,LI,IX,_Z,AA,IX,_Z,H,2004-10,100.5737,A,0,2,
OECD.SDD.STES:DSD_STES@DF_CLI(4.1),JPN,M,LI,IX,_Z,AA,IX,_Z,H,2004-09,100.6129,A,0,2,
OECD.SDD.STES:DSD_STES@DF_CLI(4.1),JPN,M,LI,IX,_Z,AA,IX,_Z,H,2004-08,100.6391,A,0,2,
OECD.SDD.STES:DSD_STES@DF_CLI(4.1),JPN,M,LI,IX,_Z,AA,IX,_Z,H,2004-07,100.6492,A,0,2,
OECD.SDD.STES:DSD_STES@DF_CLI(4.1),ITA,M,LI,IX,_Z,AA,IX,_Z,H,2007-04,102.7608,A,0,2,
OECD.SDD.STES:DSD_STES@DF_CLI(4.1),ITA,M,LI,IX,_Z,AA,IX,_Z,H,2007-03,102.7164,A,0,2,
OECD.SDD.STES:DSD_STES@DF_CLI(4.1),ITA,M,LI,IX,_Z,AA,IX,_Z,H,2007-02,102.6188,A,0,2,
OECD.SDD.STES:DSD_STES@DF_CLI(4.1),ITA,M,LI,IX,_Z,AA,IX,_Z,H,2007-01,102.4984,A,0,2,
OECD.SDD.STES:DSD_STES@DF_CLI(4.1),ITA,M,LI,IX,_Z,AA,IX,_Z,H,2006-12,102.3688,A,0,2,
OECD.SDD.STES:DSD_STES@DF_CLI(4.1),ITA,M,LI,IX,_Z,AA,IX,_Z,H,2006-11,102.2076,A,0,2,
OECD.SDD.STES:DSD_STES@DF_CLI(4.1),ITA,M,LI,IX,_Z,AA,IX,_Z,H,2006-10,102.0461,A,0,2,
OECD.SDD.STES:DSD_STES@DF_CLI(4.1),ITA,M,LI,IX,_Z,AA,IX,_Z,H,2006-09,101.8848,A,0,2,
OECD.SDD.STES:DSD_STES@DF_CLI(4.1),ITA,M,LI,IX,_Z,AA,IX,_Z,H,2006-08,101.7152,A,0,2,
OECD.SDD.STES:DSD_STES@DF_CLI(4.1),ITA,M,LI,IX,_Z,AA,IX,_Z,H,2006-07,101.5384,A,0,2,
OECD.SDD.STES:DSD_STES@DF_CLI(4.1),ITA,M,LI,IX,_Z,AA,IX,_Z,H,2006-06,101.3687,A,0,2,
OECD.SDD.STES:DSD_STES@DF_CLI(4.1),ITA,M,LI,IX,_Z,AA,IX,_Z,H,2006-05,101.194,A,0,2,
OECD.SDD.STES:DSD_STES@DF_CLI(4.1),ITA,M,LI,IX,_Z,AA,IX,_Z,H,2006-04,100.9909,A,0,2,
OECD.SDD.STES:DSD_STES@DF_CLI(4.1),ITA,M,LI,IX,_Z,AA,IX,_Z,H,2006-03,100.7648,A,0,2,
OECD.SDD.STES:DSD_STES@DF_CLI(4.1),ITA,M,LI,IX,_Z,AA,IX,_Z,H,2006-02,100.5323,A,0,2,
OECD.SDD.STES:DSD_STES@DF_CLI(4.1),ITA,M,LI,IX,_Z,AA,IX,_Z,H,2006-01,100.2857,A,0,2,
OECD.SDD.STES:DSD_STES@DF_CLI(4.1),ITA,M,LI,IX,_Z,AA,IX,_Z,H,2005-12,100.0244,A,0,2,
OECD.SDD.STES:DSD_STES@DF_CLI(4.1),ITA,M,LI,IX,_Z,AA,IX,_Z,H,2005-11,99.7724,A,0,2,
OECD.SDD.STES:DSD_STES@DF_CLI(4.1),ITA,M,LI,IX,_Z,AA,IX,_Z,H,2005-10,99.54657,A,0,2,
OECD.SDD.STES:DSD_STES@DF_CLI(4.1),ITA,M,LI,IX,_Z,AA,IX,_Z,H,2005-09,99.35176,A,0,2,
OECD.SDD.STES:DSD_STES@DF_CLI(4.1),ITA,M,LI,IX,_Z,AA,IX,_Z,H,2005-08,99.19418,A,0,2,
OECD.SDD.STES:DSD_STES@DF_CLI(4.1),ITA,M,LI,IX,_Z,AA,IX,_Z,H,2005-07,99.09979,A,0,2,
OECD.SDD.STES:DSD_STES@DF_CLI(4.1),ITA,M,LI,IX,_Z,AA,IX,_Z,H,2005-06,99.09293,A,0,2,
OECD.SDD.STES:DSD_STES@DF_CLI(4.1),ITA,M,LI,IX,_Z,AA,IX,_Z,H,2005-05,99.19291,A,0,2,
OECD.SDD.STES:DSD_STES@DF_CLI(4.1),ITA,M,LI,IX,_Z,AA,IX,_Z,H,2005-04,99.37423,A,0,2,
OECD.SDD.STES:DSD_STES@DF_CLI(4.1),ITA,M,LI,IX,_Z,AA,IX,_Z,H,2005-03,99.58166,A,0,2,
OECD.SDD.STES:DSD_STES@DF_CLI(4.1),ITA,M,LI,IX,_Z,AA,IX,_Z,H,2005-02,99.7647,A,0,2,
OECD.SDD.STES:DSD_STES@DF_CLI(4.1),ITA,M,LI,IX,_Z,AA,IX,_Z,H,2005-01,99.91396,A,0,2,
OECD.SDD.STES:DSD_STES@DF_CLI(4.1),ITA,M,LI,IX,_Z,AA,IX,_Z,H,2004-12,100.0053,A,0,2,
OECD.SDD.STES:DSD_STES@DF_CLI(4.1),ITA,M,LI,IX,_Z,AA,IX,_Z,H,2004-11,100.0199,A,0,2,
OECD.SDD.STES:DSD_STES@DF_CLI(4.1),ITA,M,LI,IX,_Z,AA,IX,_Z,H,2004-10,99.96367,A,0,2,
OECD.SDD.STES:DSD_STES@DF_CLI(4.1),ITA,M,LI,IX,_Z,AA,IX,_Z,H,2004-09,99.85215,A,0,2,
OECD.SDD.STES:DSD_STES@DF_CLI(4.1),ITA,M,LI,IX,_Z,AA,IX,_Z,H,2004-08,99.724,A,0,2,
OECD.SDD.STES:DSD_STES@DF_CLI(4.1),ITA,M,LI,IX,_Z,AA,IX,_Z,H,2004-07,99.60635,A,0,2,
OECD.SDD.STES:DSD_STES@DF_CLI(4.1),ITA,M,LI,IX,_Z,AA,IX,_Z,H,2004-06,99.51512,A,0,2,
OECD.SDD.STES:DSD_STES@DF_CLI(4.1),ITA,M,LI,IX,_Z,AA,IX,_Z,H,2004-05,99.44766,A,0,2,
OECD.SDD.STES:DSD_STES@DF_CLI(4.1),ITA,M,LI,IX,_Z,AA,IX,_Z,H,2004-04,99.42133,A,0,2,
OECD.SDD.STES:DSD_STES@DF_CLI(4.1),JPN,M,LI,IX,_Z,AA,IX,_Z,H,2000-07,101.0169,A,0,2,
OECD.SDD.STES:DSD_STES@DF_CLI(4.1),JPN,M,LI,IX,_Z,AA,IX,_Z,H,2000-06,101.1097,A,0,2,
OECD.SDD.STES:DSD_STES@DF_CLI(4.1),JPN,M,LI,IX,_Z,AA,IX,_Z,H,2000-05,101.1752,A,0,2,
OECD.SDD.STES:DSD_STES@DF_CLI(4.1),JPN,M,LI,IX,_Z,AA,IX,_Z,H,2000-04,101.2136,A,0,2,
OECD.SDD.STES:DSD_STES@DF_CLI(4.1),JPN,M,LI,IX,_Z,AA,IX,_Z,H,2000-03,101.208,A,0,2,
OECD.SDD.STES:DSD_STES@DF_CLI(4.1),JPN,M,LI,IX,_Z,AA,IX,_Z,H,2000-02,101.1556,A,0,2,
OECD.SDD.STES:DSD_STES@DF_CLI(4.1),JPN,M,LI,IX,_Z,AA,IX,_Z,H,2000-01,101.0551,A,0,2,
OECD.SDD.STES:DSD_STES@DF_CLI(4.1),JPN,M,LI,IX,_Z,AA,IX,_Z,H,2023-01,99.90453,A,0,2,
OECD.SDD.STES:DSD_STES@DF_CLI(4.1),JPN,M,LI,IX,_Z,AA,IX,_Z,H,2022-12,99.9362,A,0,2,
OECD.SDD.STES:DSD_STES@DF_CLI(4.1),JPN,M,LI,IX,_Z,AA,IX,_Z,H,2022-11,99.97931,A,0,2,
OECD.SDD.STES:DSD_STES@DF_CLI(4.1),JPN,M,LI,IX,_Z,AA,IX,_Z,H,2022-10,100.0342,A,0,2,
OECD.SDD.STES:DSD_STES@DF_CLI(4.1),JPN,M,LI,IX,_Z,AA,IX,_Z,H,2022-09,100.0936,A,0,2,
OECD.SDD.STES:DSD_STES@DF_CLI(4.1),JPN,M,LI,IX,_Z,AA,IX,_Z,H,2022-08,100.1579,A,0,2,
OECD.SDD.STES:DSD_STES@DF_CLI(4.1),JPN,M,LI,IX,_Z,AA,IX,_Z,H,2022-07,100.2152,A,0,2,
OECD.SDD.STES:DSD_STES@DF_CLI(4.1),JPN,M,LI,IX,_Z,AA,IX,_Z,H,2022-06,100.2699,A,0,2,
OECD.SDD.STES:DSD_STES@DF_CLI(4.1),JPN,M,LI,IX,_Z,AA,IX,_Z,H,2022-05,100.3224,A,0,2,
OECD.SDD.STES:DSD_STES@DF_CLI(4.1),JPN,M,LI,IX,_Z,AA,IX,_Z,H,2022-04,100.3718,A,0,2,
OECD.SDD.STES:DSD_STES@DF_CLI(4.1),JPN,M,LI,IX,_Z,AA,IX,_Z,H,2022-03,100.4133,A,0,2,
OECD.SDD.STES:DSD_STES@DF_CLI(4.1),JPN,M,LI,IX,_Z,AA,IX,_Z,H,2022-02,100.446,A,0,2,
OECD.SDD.STES:DSD_STES@DF_CLI(4.1),JPN,M,LI,IX,_Z,AA,IX,_Z,H,2022-01,100.4648,A,0,2,
OECD.SDD.STES:DSD_STES@DF_CLI(4.1),JPN,M,LI,IX,_Z,AA,IX,_Z,H,2021-12,100.4645,A,0,2,
OECD.SDD.STES:DSD_STES@DF_CLI(4.1),JPN,M,LI,IX,_Z,AA,IX,_Z,H,2021-11,100.4559,A,0,2,
OECD.SDD.STES:DSD_STES@DF_CLI(4.1),JPN,M,LI,IX,_Z,AA,IX,_Z,H,2021-10,100.4526,A,0,2,
OECD.SDD.STES:DSD_STES@DF_CLI(4.1),JPN,M,LI,IX,_Z,AA,IX,_Z,H,2021-09,100.4668,A,0,2,
OECD.SDD.STES:DSD_STES@DF_CLI(4.1),JPN,M,LI,IX,_Z,AA,IX,_Z,H,2021-08,100.4871,A,0,2,
OECD.SDD.STES:DSD_STES@DF_CLI(4.1),JPN,M,LI,IX,_Z,AA,IX,_Z,H,2021-07,100.4946,A,0,2,
OECD.SDD.STES:DSD_STES@DF_CLI(4.1),JPN,M,LI,IX,_Z,AA,IX,_Z,H,2021-06,100.4639,A,0,2,
OECD.SDD.STES:DSD_STES@DF_CLI(4.1),JPN,M,LI,IX,_Z,AA,IX,_Z,H,2005-10,100.8885,A,0,2,
OECD.SDD.STES:DSD_STES@DF_CLI(4.1),JPN,M,LI,IX,_Z,AA,IX,_Z,H,2005-09,100.751,A,0,2,
OECD.SDD.STES:DSD_STES@DF_CLI(4.1),JPN,M,LI,IX,_Z,AA,IX,_Z,H,2005-08,100.6269,A,0,2,
OECD.SDD.STES:DSD_STES@DF_CLI(4.1),JPN,M,LI,IX,_Z,AA,IX,_Z,H,2005-07,100.5204,A,0,2,
OECD.SDD.STES:DSD_STES@DF_CLI(4.1),JPN,M,LI,IX,_Z,AA,IX,_Z,H,2012-09,99.24974,A,0,2,
OECD.SDD.STES:DSD_STES@DF_CLI(4.1),JPN,M,LI,IX,_Z,AA,IX,_Z,H,2012-08,99.32183,A,0,2,
OECD.SDD.STES:DSD_STES@DF_CLI(4.1),JPN,M,LI,IX,_Z,AA,IX,_Z,H,2012-07,99.41268,A,0,2,
OECD.SDD.STES:DSD_STES@DF_CLI(4.1),JPN,M,LI,IX,_Z,AA,IX,_Z,H,2012-06,99.51286,A,0,2,
OECD.SDD.STES:DSD_STES@DF_CLI(4.1),JPN,M,LI,IX,_Z,AA,IX,_Z,H,2012-05,99.6136,A,0,2,
OECD.SDD.STES:DSD_STES@DF_CLI(4.1),JPN,M,LI,IX,_Z,AA,IX,_Z,H,2012-04,99.69721,A,0,2,
OECD.SDD.STES:DSD_STES@DF_CLI(4.1),JPN,M,LI,IX,_Z,AA,IX,_Z,H,2012-03,99.74629,A,0,2,
OECD.SDD.STES:DSD_STES@DF_CLI(4.1),JPN,M,LI,IX,_Z,AA,IX,_Z,H,2012-02,99.76384,A,0,2,
OECD.SDD.STES:DSD_STES@DF_CLI(4.1),JPN,M,LI,IX,_Z,AA,IX,_Z,H,2012-01,99.75616,A,0,2,
OECD.SDD.STES:DSD_STES@DF_CLI(4.1),JPN,M,LI,IX,_Z,AA,IX,_Z,H,2011-12,99.73033,A,0,2,
OECD.SDD.STES:DSD_STES@DF_CLI(4.1),JPN,M,LI,IX,_Z,AA,IX,_Z,H,2011-11,99.70799,A,0,2,
OECD.SDD.STES:DSD_STES@DF_CLI(4.1),JPN,M,LI,IX,_Z,AA,IX,_Z,H,2011-10,99.69711,A,0,2,
OECD.SDD.STES:DSD_STES@DF_CLI(4.1),JPN,M,LI,IX,_Z,AA,IX,_Z,H,2011-09,99.70848,A,0,2,
OECD.SDD.STES:DSD_STES@DF_CLI(4.1),JPN,M,LI,IX,_Z,AA,IX,_Z,H,2011-08,99.7516,A,0,2,
OECD.SDD.STES:DSD_STES@DF_CLI(4.1),JPN,M,LI,IX,_Z,AA,IX,_Z,H,2011-07,99.79414,A,0,2,
OECD.SDD.STES:DSD_STES@DF_CLI(4.1),JPN,M,LI,IX,_Z,AA,IX,_Z,H,2011-06,99.82552,A,0,2,
OECD.SDD.STES:DSD_STES@DF_CLI(4.1),JPN,M,LI,IX,_Z,AA,IX,_Z,H,2011-05,99.86585,A,0,2,
OECD.SDD.STES:DSD_STES@DF_CLI(4.1),JPN,M,LI,IX,_Z,AA,IX,_Z,H,2011-04,99.92195,A,0,2,
OECD.SDD.STES:DSD_STES@DF_CLI(4.1),JPN,M,LI,IX,_Z,AA,IX,_Z,H,2011-03,99.97094,A,0,2,
OECD.SDD.STES:DSD_STES@DF_CLI(4.1),JPN,M,LI,IX,_Z,AA,IX,_Z,H,2011-02,100.0034,A,0,2,
OECD.SDD.STES:DSD_STES@DF_CLI(4.1),JPN,M,LI,IX,_Z,AA,IX,_Z,H,2011-01,100.0007,A,0,2,
OECD.SDD.STES:DSD_STES@DF_CLI(4.1),JPN,M,LI,IX,_Z,AA,IX,_Z,H,2010-12,99.95634,A,0,2,
OECD.SDD.STES:DSD_STES@DF_CLI(4.1),JPN,M,LI,IX,_Z,AA,IX,_Z,H,2010-11,99.89451,A,0,2,
OECD.SDD.STES:DSD_STES@DF_CLI(4.1),JPN,M,LI,IX,_Z,AA,IX,_Z,H,2010-10,99.83932,A,0,2,
OECD.SDD.STES:DSD_STES@DF_CLI(4.1),JPN,M,LI,IX,_Z,AA,IX,_Z,H,2010-09,99.81157,A,0,2,
OECD.SDD.STES:DSD_STES@DF_CLI(4.1),JPN,M,LI,IX,_Z,AA,IX,_Z,H,2010-08,99.79785,A,0,2,
OECD.SDD.STES:DSD_STES@DF_CLI(4.1),JPN,M,LI,IX,_Z,AA,IX,_Z,H,2010-07,99.78042,A,0,2,
OECD.SDD.STES:DSD_STES@DF_CLI(4.1),JPN,M,LI,IX,_Z,AA,IX,_Z,H,2010-06,99.7606,A,0,2,
OECD.SDD.STES:DSD_STES@DF_CLI(4.1),JPN,M,LI,IX,_Z,AA,IX,_Z,H,2010-05,99.72944,A,0,2,
OECD.SDD.STES:DSD_STES@DF_CLI(4.1),JPN,M,LI,IX,_Z,AA,IX,_Z,H,2010-04,99.67628,A,0,2,
OECD.SDD.STES:DSD_STES@DF_CLI(4.1),JPN,M,LI,IX,_Z,AA,IX,_Z,H,2010-03,99.58274,A,0,2,
OECD.SDD.STES:DSD_STES@DF_CLI(4.1),JPN,M,LI,IX,_Z,AA,IX,_Z,H,2010-02,99.4462,A,0,2,
OECD.SDD.STES:DSD_STES@DF_CLI(4.1),JPN,M,LI,IX,_Z,AA,IX,_Z,H,2010-01,99.26554,A,0,2,
OECD.SDD.STES:DSD_STES@DF_CLI(4.1),JPN,M,LI,IX,_Z,AA,IX,_Z,H,2009-12,99.03658,A,0,2,
OECD.SDD.STES:DSD_STES@DF_CLI(4.1),JPN,M,LI,IX,_Z,AA,IX,_Z,H,2009-11,98.76657,A,0,2,
OECD.SDD.STES:DSD_STES@DF_CLI(4.1),JPN,M,LI,IX,_Z,AA,IX,_Z,H,2009-10,98.4654,A,0,2,
OECD.SDD.STES:DSD_STES@DF_CLI(4.1),JPN,M,LI,IX,_Z,AA,IX,_Z,H,2014-02,100.9613,A,0,2,
OECD.SDD.STES:DSD_STES@DF_CLI(4.1),JPN,M,LI,IX,_Z,AA,IX,_Z,H,2014-01,101.1275,A,0,2,
OECD.SDD.STES:DSD_STES@DF_CLI(4.1),JPN,M,LI,IX,_Z,AA,IX,_Z,H,2016-12,99.99181,A,0,2,
OECD.SDD.STES:DSD_STES@DF_CLI(4.1),JPN,M,LI,IX,_Z,AA,IX,_Z,H,2016-11,99.88507,A,0,2,
OECD.SDD.STES:DSD_STES@DF_CLI(4.1),JPN,M,LI,IX,_Z,AA,IX,_Z,H,2016-10,99.77496,A,0,2,
OECD.SDD.STES:DSD_STES@DF_CLI(4.1),JPN,M,LI,IX,_Z,AA,IX,_Z,H,2016-09,99.67146,A,0,2,
OECD.SDD.STES:DSD_STES@DF_CLI(4.1),JPN,M,LI,IX,_Z,AA,IX,_Z,H,2016-08,99.59337,A,0,2,
OECD.SDD.STES:DSD_STES@DF_CLI(4.1),JPN,M,LI,IX,_Z,AA,IX,_Z,H,2016-07,99.54286,A,0,2,
OECD.SDD.STES:DSD_STES@DF_CLI(4.1),JPN,M,LI,IX,_Z,AA,IX,_Z,H,2016-06,99.51437,A,0,2,
OECD.SDD.STES:DSD_STES@DF_CLI(4.1),JPN,M,LI,IX,_Z,AA,IX,_Z,H,2016-05,99.51167,A,0,2,
OECD.SDD.STES:DSD_STES@DF_CLI(4.1),JPN,M,LI,IX,_Z,AA,IX,_Z,H,2016-04,99.52934,A,0,2,
OECD.SDD.STES:DSD_STES@DF_CLI(4.1),JPN,M,LI,IX,_Z,AA,IX,_Z,H,2016-03,99.55847,A,0,2,
OECD.SDD.STES:DSD_STES@DF_CLI(4.1),JPN,M,LI,IX,_Z,AA,IX,_Z,H,2016-02,99.60114,A,0,2,
OECD.SDD.STES:DSD_STES@DF_CLI(4.1),JPN,M,LI,IX,_Z,AA,IX,_Z,H,2016-01,99.65646,A,0,2,
OECD.SDD.STES:DSD_STES@DF_CLI(4.1),JPN,M,LI,IX,_Z,AA,IX,_Z,H,2015-12,99.73509,A,0,2,
OECD.SDD.STES:DSD_STES@DF_CLI(4.1),JPN,M,LI,IX,_Z,AA,IX,_Z,H,2015-11,99.83884,A,0,2,
OECD.SDD.STES:DSD_STES@DF_CLI(4.1),JPN,M,LI,IX,_Z,AA,IX,_Z,H,2015-10,99.95302,A,0,2,
OECD.SDD.STES:DSD_STES@DF_CLI(4.1),JPN,M,LI,IX,_Z,AA,IX,_Z,H,2015-09,100.0667,A,0,2,
OECD.SDD.STES:DSD_STES@DF_CLI(4.1),JPN,M,LI,IX,_Z,AA,IX,_Z,H,2015-08,100.1653,A,0,2,
OECD.SDD.STES:DSD_STES@DF_CLI(4.1),JPN,M,LI,IX,_Z,AA,IX,_Z,H,2015-07,100.2327,A,0,2,
OECD.SDD.STES:DSD_STES@DF_CLI(4.1),JPN,M,LI,IX,_Z,AA,IX,_Z,H,2015-06,100.2623,A,0,2,
OECD.SDD.STES:DSD_STES@DF_CLI(4.1),JPN,M,LI,IX,_Z,AA,IX,_Z,H,2015-05,100.2402,A,0,2,
OECD.SDD.STES:DSD_STES@DF_CLI(4.1),JPN,M,LI,IX,_Z,AA,IX,_Z,H,2015-04,100.1814,A,0,2,
OECD.SDD.STES:DSD_STES@DF_CLI(4.1),JPN,M,LI,IX,_Z,AA,IX,_Z,H,2015-03,100.1043,A,0,2,
OECD.SDD.STES:DSD_STES@DF_CLI(4.1),JPN,M,LI,IX,_Z,AA,IX,_Z,H,2015-02,100.0276,A,0,2,
OECD.SDD.STES:DSD_STES@DF_CLI(4.1),JPN,M,LI,IX,_Z,AA,IX,_Z,H,2015-01,99.95033,A,0,2,
OECD.SDD.STES:DSD_STES@DF_CLI(4.1),JPN,M,LI,IX,_Z,AA,IX,_Z,H,2014-12,99.89057,A,0,2,
OECD.SDD.STES:DSD_STES@DF_CLI(4.1),JPN,M,LI,IX,_Z,AA,IX,_Z,H,2021-05,100.3807,A,0,2,
OECD.SDD.STES:DSD_STES@DF_CLI(4.1),JPN,M,LI,IX,_Z,AA,IX,_Z,H,2021-04,100.24,A,0,2,
OECD.SDD.STES:DSD_STES@DF_CLI(4.1),JPN,M,LI,IX,_Z,AA,IX,_Z,H,2021-03,100.0452,A,0,2,
OECD.SDD.STES:DSD_STES@DF_CLI(4.1),JPN,M,LI,IX,_Z,AA,IX,_Z,H,2021-02,99.81409,A,0,2,
OECD.SDD.STES:DSD_STES@DF_CLI(4.1),JPN,M,LI,IX,_Z,AA,IX,_Z,H,2021-01,99.5594,A,0,2,
OECD.SDD.STES:DSD_STES@DF_CLI(4.1),JPN,M,LI,IX,_Z,AA,IX,_Z,H,2020-12,99.29517,A,0,2,
OECD.SDD.STES:DSD_STES@DF_CLI(4.1),JPN,M,LI,IX,_Z,AA,IX,_Z,H,2020-11,99.02563,A,0,2,
OECD.SDD.STES:DSD_STES@DF_CLI(4.1),JPN,M,LI,IX,_Z,AA,IX,_Z,H,2020-10,98.74693,A,0,2,
OECD.SDD.STES:DSD_STES@DF_CLI(4.1),JPN,M,LI,IX,_Z,AA,IX,_Z,H,2020-09,98.47879,A,0,2,
OECD.SDD.STES:DSD_STES@DF_CLI(4.1),JPN,M,LI,IX,_Z,AA,IX,_Z,H,2020-08,98.18285,A,0,2,
OECD.SDD.STES:DSD_STES@DF_CLI(4.1),JPN,M,LI,IX,_Z,AA,IX,_Z,H,2020-07,97.82195,A,0,2,
OECD.SDD.STES:DSD_STES@DF_CLI(4.1),JPN,M,LI,IX,_Z,AA,IX,_Z,H,2020-06,97.27804,A,0,2,
OECD.SDD.STES:DSD_STES@DF_CLI(4.1),JPN,M,LI,IX,_Z,AA,IX,_Z,H,2020-05,97.07294,A,0,2,
OECD.SDD.STES:DSD_STES@DF_CLI(4.1),JPN,M,LI,IX,_Z,AA,IX,_Z,H,2020-04,97.50086,A,0,2,
OECD.SDD.STES:DSD_STES@DF_CLI(4.1),JPN,M,LI,IX,_Z,AA,IX,_Z,H,2020-03,97.97253,A,0,2,
OECD.SDD.STES:DSD_STES@DF_CLI(4.1),JPN,M,LI,IX,_Z,AA,IX,_Z,H,2026-03,100.0785,A,0,2,
OECD.SDD.STES:DSD_STES@DF_CLI(4.1),JPN,M,LI,IX,_Z,AA,IX,_Z,H,2026-02,100.0357,A,0,2,
OECD.SDD.STES:DSD_STES@DF_CLI(4.1),JPN,M,LI,IX,_Z,AA,IX,_Z,H,2026-01,99.98443,A,0,2,
OECD.SDD.STES:DSD_STES@DF_CLI(4.1),JPN,M,LI,IX,_Z,AA,IX,_Z,H,2025-12,99.93126,A,0,2,
OECD.SDD.STES:DSD_STES@DF_CLI(4.1),JPN,M,LI,IX,_Z,AA,IX,_Z,H,2025-11,99.87194,A,0,2,
OECD.SDD.STES:DSD_STES@DF_CLI(4.1),JPN,M,LI,IX,_Z,AA,IX,_Z,H,2025-10,99.7979,A,0,2,
OECD.SDD.STES:DSD_STES@DF_CLI(4.1),JPN,M,LI,IX,_Z,AA,IX,_Z,H,2025-09,99.70513,A,0,2,
OECD.SDD.STES:DSD_STES@DF_CLI(4.1),JPN,M,LI,IX,_Z,AA,IX,_Z,H,2025-08,99.60279,A,0,2,
OECD.SDD.STES:DSD_STES@DF_CLI(4.1),JPN,M,LI,IX,_Z,AA,IX,_Z,H,2025-07,99.50686,A,0,2,
OECD.SDD.STES:DSD_STES@DF_CLI(4.1),JPN,M,LI,IX,_Z,AA,IX,_Z,H,2025-06,99.42565,A,0,2,
OECD.SDD.STES:DSD_STES@DF_CLI(4.1),JPN,M,LI,IX,_Z,AA,IX,_Z,H,2025-05,99.3755,A,0,2,
OECD.SDD.STES:DSD_STES@DF_CLI(4.1),JPN,M,LI,IX,_Z,AA,IX,_Z,H,2025-04,99.35905,A,0,2,
OECD.SDD.STES:DSD_STES@DF_CLI(4.1),JPN,M,LI,IX,_Z,AA,IX,_Z,H,2025-03,99.38061,A,0,2,
OECD.SDD.STES:DSD_STES@DF_CLI(4.1),JPN,M,LI,IX,_Z,AA,IX,_Z,H,2025-02,99.42193,A,0,2,
OECD.SDD.STES:DSD_STES@DF_CLI(4.1),JPN,M,LI,IX,_Z,AA,IX,_Z,H,2025-01,99.46993,A,0,2,
OECD.SDD.STES:DSD_STES@DF_CLI(4.1),JPN,M,LI,IX,_Z,AA,IX,_Z,H,2024-12,99.51756,A,0,2,
OECD.SDD.STES:DSD_STES@DF_CLI(4.1),JPN,M,LI,IX,_Z,AA,IX,_Z,H,2024-11,99.56841,A,0,2,
OECD.SDD.STES:DSD_STES@DF_CLI(4.1),JPN,M,LI,IX,_Z,AA,IX,_Z,H,2024-10,99.62465,A,0,2,
OECD.SDD.STES:DSD_STES@DF_CLI(4.1),JPN,M,LI,IX,_Z,AA,IX,_Z,H,2024-09,99.68477,A,0,2,
OECD.SDD.STES:DSD_STES@DF_CLI(4.1),JPN,M,LI,IX,_Z,AA,IX,_Z,H,2024-08,99.74689,A,0,2,
OECD.SDD.STES:DSD_STES@DF_CLI(4.1),JPN,M,LI,IX,_Z,AA,IX,_Z,H,2024-07,99.81042,A,0,2,
OECD.SDD.STES:DSD_STES@DF_CLI(4.1),JPN,M,LI,IX,_Z,AA,IX,_Z,H,2024-06,99.85495,A,0,2,
OECD.SDD.STES:DSD_STES@DF_CLI(4.1),JPN,M,LI,IX,_Z,AA,IX,_Z,H,2024-05,99.87236,A,0,2,
OECD.SDD.STES:DSD_STES@DF_CLI(4.1),JPN,M,LI,IX,_Z,AA,IX,_Z,H,2024-04,99.86231,A,0,2,
OECD.SDD.STES:DSD_STES@DF_CLI(4.1),JPN,M,LI,IX,_Z,AA,IX,_Z,H,2024-03,99.83356,A,0,2,
OECD.SDD.STES:DSD_STES@DF_CLI(4.1),ESP,M,LI,IX,_Z,AA,IX,_Z,H,2009-05,95.69447,A,0,2,
OECD.SDD.STES:DSD_STES@DF_CLI(4.1),ESP,M,LI,IX,_Z,AA,IX,_Z,H,2009-04,95.1583,A,0,2,
OECD.SDD.STES:DSD_STES@DF_CLI(4.1),ESP,M,LI,IX,_Z,AA,IX,_Z,H,2025-09,100.6429,A,0,2,
OECD.SDD.STES:DSD_STES@DF_CLI(4.1),ESP,M,LI,IX,_Z,AA,IX,_Z,H,2025-08,100.3614,A,0,2,
OECD.SDD.STES:DSD_STES@DF_CLI(4.1),ESP,M,LI,IX,_Z,AA,IX,_Z,H,2025-07,100.1291,A,0,2,
OECD.SDD.STES:DSD_STES@DF_CLI(4.1),ESP,M,LI,IX,_Z,AA,IX,_Z,H,2025-06,99.98144,A,0,2,
OECD.SDD.STES:DSD_STES@DF_CLI(4.1),ESP,M,LI,IX,_Z,AA,IX,_Z,H,2025-05,99.9155,A,0,2,
OECD.SDD.STES:DSD_STES@DF_CLI(4.1),ESP,M,LI,IX,_Z,AA,IX,_Z,H,2026-08,99.6867,A,0,2,
OECD.SDD.STES:DSD_STES@DF_CLI(4.1),ESP,M,LI,IX,_Z,AA,IX,_Z,H,2026-07,99.82999,A,0,2,
OECD.SDD.STES:DSD_STES@DF_CLI(4.1),ESP,M,LI,IX,_Z,AA,IX,_Z,H,2026-06,100.0229,A,0,2,
OECD.SDD.STES:DSD_STES@DF_CLI(4.1),ESP,M,LI,IX,_Z,AA,IX,_Z,H,2026-05,100.2701,A,0,2,
OECD.SDD.STES:DSD_STES@DF_CLI(4.1),ESP,M,LI,IX,_Z,AA,IX,_Z,H,2026-04,100.5556,A,0,2,
OECD.SDD.STES:DSD_STES@DF_CLI(4.1),ESP,M,LI,IX,_Z,AA,IX,_Z,H,2026-03,100.8428,A,0,2,
OECD.SDD.STES:DSD_STES@DF_CLI(4.1),ESP,M,LI,IX,_Z,AA,IX,_Z,H,2026-02,101.0751,A,0,2,
OECD.SDD.STES:DSD_STES@DF_CLI(4.1),ESP,M,LI,IX,_Z,AA,IX,_Z,H,2026-01,101.2066,A,0,2,
OECD.SDD.STES:DSD_STES@DF_CLI(4.1),ESP,M,LI,IX,_Z,AA,IX,_Z,H,2025-12,101.2192,A,0,2,
OECD.SDD.STES:DSD_STES@DF_CLI(4.1),ESP,M,LI,IX,_Z,AA,IX,_Z,H,2025-11,101.1182,A,0,2,
OECD.SDD.STES:DSD_STES@DF_CLI(4.1),ESP,M,LI,IX,_Z,AA,IX,_Z,H,2025-10,100.9136,A,0,2,
OECD.SDD.STES:DSD_STES@DF_CLI(4.1),ESP,M,LI,IX,_Z,AA,IX,_Z,H,2011-09,99.23138,A,0,2,
OECD.SDD.STES:DSD_STES@DF_CLI(4.1),ESP,M,LI,IX,_Z,AA,IX,_Z,H,2011-08,99.37855,A,0,2,
OECD.SDD.STES:DSD_STES@DF_CLI(4.1),ESP,M,LI,IX,_Z,AA,IX,_Z,H,2011-07,99.52735,A,0,2,
OECD.SDD.STES:DSD_STES@DF_CLI(4.1),ESP,M,LI,IX,_Z,AA,IX,_Z,H,2011-06,99.66447,A,0,2,
OECD.SDD.STES:DSD_STES@DF_CLI(4.1),ESP,M,LI,IX,_Z,AA,IX,_Z,H,2011-05,99.7802,A,0,2,
OECD.SDD.STES:DSD_STES@DF_CLI(4.1),ESP,M,LI,IX,_Z,AA,IX,_Z,H,2011-04,99.86952,A,0,2,
OECD.SDD.STES:DSD_STES@DF_CLI(4.1),ESP,M,LI,IX,_Z,AA,IX,_Z,H,2011-03,99.93934,A,0,2,
OECD.SDD.STES:DSD_STES@DF_CLI(4.1),ESP,M,LI,IX,_Z,AA,IX,_Z,H,2011-02,99.99311,A,0,2,
OECD.SDD.STES:DSD_STES@DF_CLI(4.1),ESP,M,LI,IX,_Z,AA,IX,_Z,H,2011-01,100.0332,A,0,2,
OECD.SDD.STES:DSD_STES@DF_CLI(4.1),ESP,M,LI,IX,_Z,AA,IX,_Z,H,2010-12,100.0672,A,0,2,
OECD.SDD.STES:DSD_STES@DF_CLI(4.1),ESP,M,LI,IX,_Z,AA,IX,_Z,H,2010-11,100.094,A,0,2,
OECD.SDD.STES:DSD_STES@DF_CLI(4.1),ESP,M,LI,IX,_Z,AA,IX,_Z,H,2010-10,100.1028,A,0,2,
OECD.SDD.STES:DSD_STES@DF_CLI(4.1),ESP,M,LI,IX,_Z,AA,IX,_Z,H,2010-09,100.097,A,0,2,
OECD.SDD.STES:DSD_STES@DF_CLI(4.1),ESP,M,LI,IX,_Z,AA,IX,_Z,H,2010-08,100.0947,A,0,2,
OECD.SDD.STES:DSD_STES@DF_CLI(4.1),ESP,M,LI,IX,_Z,AA,IX,_Z,H,2010-07,100.1368,A,0,2,
OECD.SDD.STES:DSD_STES@DF_CLI(4.1),ESP,M,LI,IX,_Z,AA,IX,_Z,H,2010-06,100.2493,A,0,2,
OECD.SDD.STES:DSD_STES@DF_CLI(4.1),ESP,M,LI,IX,_Z,AA,IX,_Z,H,2010-05,100.4101,A,0,2,
OECD.SDD.STES:DSD_STES@DF_CLI(4.1),ESP,M,LI,IX,_Z,AA,IX,_Z,H,2010-04,100.5624,A,0,2,
OECD.SDD.STES:DSD_STES@DF_CLI(4.1),ESP,M,LI,IX,_Z,AA,IX,_Z,H,2010-03,100.6504,A,0,2,
OECD.SDD.STES:DSD_STES@DF_CLI(4.1),JPN,M,LI,IX,_Z,AA,IX,_Z,H,2004-06,100.6256,A,0,2,
OECD.SDD.STES:DSD_STES@DF_CLI(4.1),JPN,M,LI,IX,_Z,AA,IX,_Z,H,2004-05,100.5769,A,0,2,
OECD.SDD.STES:DSD_STES@DF_CLI(4.1),JPN,M,LI,IX,_Z,AA,IX,_Z,H,2004-04,100.5258,A,0,2,
OECD.SDD.STES:DSD_STES@DF_CLI(4.1),JPN,M,LI,IX,_Z,AA,IX,_Z,H,2004-03,100.4765,A,0,2,
OECD.SDD.STES:DSD_STES@DF_CLI(4.1),JPN,M,LI,IX,_Z,AA,IX,_Z,H,2004-02,100.4265,A,0,2,
OECD.SDD.STES:DSD_STES@DF_CLI(4.1),JPN,M,LI,IX,_Z,AA,IX,_Z,H,2004-01,100.3834,A,0,2,
OECD.SDD.STES:DSD_STES@DF_CLI(4.1),JPN,M,LI,IX,_Z,AA,IX,_Z,H,2003-12,100.3329,A,0,2,
OECD.SDD.STES:DSD_STES@DF_CLI(4.1),JPN,M,LI,IX,_Z,AA,IX,_Z,H,2003-11,100.2665,A,0,2,
OECD.SDD.STES:DSD_STES@DF_CLI(4.1),JPN,M,LI,IX,_Z,AA,IX,_Z,H,2003-10,100.1737,A,0,2,
OECD.SDD.STES:DSD_STES@DF_CLI(4.1),JPN,M,LI,IX,_Z,AA,IX,_Z,H,2003-09,100.0472,A,0,2,
OECD.SDD.STES:DSD_STES@DF_CLI(4.1),JPN,M,LI,IX,_Z,AA,IX,_Z,H,2003-08,99.89165,A,0,2,
OECD.SDD.STES:DSD_STES@DF_CLI(4.1),JPN,M,LI,IX,_Z,AA,IX,_Z,H,2003-07,99.73586,A,0,2,
OECD.SDD.STES:DSD_STES@DF_CLI(4.1),JPN,M,LI,IX,_Z,AA,IX,_Z,H,2003-06,99.58977,A,0,2,
OECD.SDD.STES:DSD_STES@DF_CLI(4.1),JPN,M,LI,IX,_Z,AA,IX,_Z,H,2003-05,99.45229,A,0,2,
OECD.SDD.STES:DSD_STES@DF_CLI(4.1),JPN,M,LI,IX,_Z,AA,IX,_Z,H,2003-04,99.33591,A,0,2,
OECD.SDD.STES:DSD_STES@DF_CLI(4.1),JPN,M,LI,IX,_Z,AA,IX,_Z,H,2003-03,99.24613,A,0,2,
OECD.SDD.STES:DSD_STES@DF_CLI(4.1),JPN,M,LI,IX,_Z,AA,IX,_Z,H,2003-02,99.18064,A,0,2,
OECD.SDD.STES:DSD_STES@DF_CLI(4.1),JPN,M,LI,IX,_Z,AA,IX,_Z,H,2003-01,99.13077,A,0,2,
OECD.SDD.STES:DSD_STES@DF_CLI(4.1),JPN,M,LI,IX,_Z,AA,IX,_Z,H,2002-12,99.10135,A,0,2,
OECD.SDD.STES:DSD_STES@DF_CLI(4.1),JPN,M,LI,IX,_Z,AA,IX,_Z,H,2002-11,99.09808,A,0,2,
OECD.SDD.STES:DSD_STES@DF_CLI(4.1),JPN,M,LI,IX,_Z,AA,IX,_Z,H,2002-10,99.12111,A,0,2,
OECD.SDD.STES:DSD_STES@DF_CLI(4.1),JPN,M,LI,IX,_Z,AA,IX,_Z,H,2002-09,99.16012,A,0,2,
OECD.SDD.STES:DSD_STES@DF_CLI(4.1),JPN,M,LI,IX,_Z,AA,IX,_Z,H,2002-08,99.19863,A,0,2,
OECD.SDD.STES:DSD_STES@DF_CLI(4.1),JPN,M,LI,IX,_Z,AA,IX,_Z,H,2002-07,99.216,A,0,2,
OECD.SDD.STES:DSD_STES@DF_CLI(4.1),JPN,M,LI,IX,_Z,AA,IX,_Z,H,2002-06,99.19945,A,0,2,
OECD.SDD.STES:DSD_STES@DF_CLI(4.1),JPN,M,LI,IX,_Z,AA,IX,_Z,H,2002-05,99.13583,A,0,2,
OECD.SDD.STES:DSD_STES@DF_CLI(4.1),JPN,M,LI,IX,_Z,AA,IX,_Z,H,2002-04,99.0125,A,0,2,
OECD.SDD.STES:DSD_STES@DF_CLI(4.1),JPN,M,LI,IX,_Z,AA,IX,_Z,H,2002-03,98.85298,A,0,2,
OECD.SDD.STES:DSD_STES@DF_CLI(4.1),JPN,M,LI,IX,_Z,AA,IX,_Z,H,2002-02,98.68569,A,0,2,
OECD.SDD.STES:DSD_STES@DF_CLI(4.1),JPN,M,LI,IX,_Z,AA,IX,_Z,H,2002-01,98.53569,A,0,2,
OECD.SDD.STES:DSD_STES@DF_CLI(4.1),JPN,M,LI,IX,_Z,AA,IX,_Z,H,2001-12,98.44233,A,0,2,
OECD.SDD.STES:DSD_STES@DF_CLI(4.1),JPN,M,LI,IX,_Z,AA,IX,_Z,H,2001-11,98.41978,A,0,2,
OECD.SDD.STES:DSD_STES@DF_CLI(4.1),JPN,M,LI,IX,_Z,AA,IX,_Z,H,2001-10,98.46664,A,0,2,
OECD.SDD.STES:DSD_STES@DF_CLI(4.1),JPN,M,LI,IX,_Z,AA,IX,_Z,H,2001-09,98.57734,A,0,2,
OECD.SDD.STES:DSD_STES@DF_CLI(4.1),JPN,M,LI,IX,_Z,AA,IX,_Z,H,2001-08,98.74143,A,0,2,
OECD.SDD.STES:DSD_STES@DF_CLI(4.1),JPN,M,LI,IX,_Z,AA,IX,_Z,H,2001-07,98.93392,A,0,2,
OECD.SDD.STES:DSD_STES@DF_CLI(4.1),JPN,M,LI,IX,_Z,AA,IX,_Z,H,2001-06,99.13953,A,0,2,
OECD.SDD.STES:DSD_STES@DF_CLI(4.1),JPN,M,LI,IX,_Z,AA,IX,_Z,H,2001-05,99.35287,A,0,2,
OECD.SDD.STES:DSD_STES@DF_CLI(4.1),JPN,M,LI,IX,_Z,AA,IX,_Z,H,2001-04,99.55759,A,0,2,
OECD.SDD.STES:DSD_STES@DF_CLI(4.1),JPN,M,LI,IX,_Z,AA,IX,_Z,H,2001-03,99.76247,A,0,2,
OECD.SDD.STES:DSD_STES@DF_CLI(4.1),JPN,M,LI,IX,_Z,AA,IX,_Z,H,2001-02,99.96391,A,0,2,
OECD.SDD.STES:DSD_STES@DF_CLI(4.1),JPN,M,LI,IX,_Z,AA,IX,_Z,H,2001-01,100.1675,A,0,2,
OECD.SDD.STES:DSD_STES@DF_CLI(4.1),JPN,M,LI,IX,_Z,AA,IX,_Z,H,2000-12,100.3655,A,0,2,
OECD.SDD.STES:DSD_STES@DF_CLI(4.1),JPN,M,LI,IX,_Z,AA,IX,_Z,H,2000-11,100.5296,A,0,2,
OECD.SDD.STES:DSD_STES@DF_CLI(4.1),JPN,M,LI,IX,_Z,AA,IX,_Z,H,2000-10,100.6723,A,0,2,
OECD.SDD.STES:DSD_STES@DF_CLI(4.1),JPN,M,LI,IX,_Z,AA,IX,_Z,H,2000-09,100.7976,A,0,2,
OECD.SDD.STES:DSD_STES@DF_CLI(4.1),JPN,M,LI,IX,_Z,AA,IX,_Z,H,2000-08,100.9112,A,0,2,
OECD.SDD.STES:DSD_STES@DF_CLI(4.1),ESP,M,LI,IX,_Z,AA,IX,_Z,H,2012-01,98.32406,A,0,2,
OECD.SDD.STES:DSD_STES@DF_CLI(4.1),ESP,M,LI,IX,_Z,AA,IX,_Z,H,2011-12,98.64825,A,0,2,
OECD.SDD.STES:DSD_STES@DF_CLI(4.1),ESP,M,LI,IX,_Z,AA,IX,_Z,H,2011-11,98.8943,A,0,2,
OECD.SDD.STES:DSD_STES@DF_CLI(4.1),ESP,M,LI,IX,_Z,AA,IX,_Z,H,2011-10,99.07671,A,0,2,
OECD.SDD.STES:DSD_STES@DF_CLI(4.1),ESP,M,LI,IX,_Z,AA,IX,_Z,H,2023-01,99.60433,A,0,2,
OECD.SDD.STES:DSD_STES@DF_CLI(4.1),ESP,M,LI,IX,_Z,AA,IX,_Z,H,2022-12,99.57409,A,0,2,
OECD.SDD.STES:DSD_STES@DF_CLI(4.1),ESP,M,LI,IX,_Z,AA,IX,_Z,H,2022-11,99.50275,A,0,2,
OECD.SDD.STES:DSD_STES@DF_CLI(4.1),ESP,M,LI,IX,_Z,AA,IX,_Z,H,2022-10,99.4209,A,0,2,
OECD.SDD.STES:DSD_STES@DF_CLI(4.1),ESP,M,LI,IX,_Z,AA,IX,_Z,H,2022-09,99.37548,A,0,2,
OECD.SDD.STES:DSD_STES@DF_CLI(4.1),ESP,M,LI,IX,_Z,AA,IX,_Z,H,2022-08,99.40889,A,0,2,
OECD.SDD.STES:DSD_STES@DF_CLI(4.1),ESP,M,LI,IX,_Z,AA,IX,_Z,H,2022-07,99.5549,A,0,2,
OECD.SDD.STES:DSD_STES@DF_CLI(4.1),ESP,M,LI,IX,_Z,AA,IX,_Z,H,2022-06,99.83516,A,0,2,
OECD.SDD.STES:DSD_STES@DF_CLI(4.1),ESP,M,LI,IX,_Z,AA,IX,_Z,H,2022-05,100.2139,A,0,2,
OECD.SDD.STES:DSD_STES@DF_CLI(4.1),ESP,M,LI,IX,_Z,AA,IX,_Z,H,2022-04,100.6455,A,0,2,
OECD.SDD.STES:DSD_STES@DF_CLI(4.1),ESP,M,LI,IX,_Z,AA,IX,_Z,H,2022-03,101.1281,A,0,2,
OECD.SDD.STES:DSD_STES@DF_CLI(4.1),ESP,M,LI,IX,_Z,AA,IX,_Z,H,2022-02,101.6434,A,0,2,
OECD.SDD.STES:DSD_STES@DF_CLI(4.1),ESP,M,LI,IX,_Z,AA,IX,_Z,H,2022-01,102.129,A,0,2,
OECD.SDD.STES:DSD_STES@DF_CLI(4.1),ESP,M,LI,IX,_Z,AA,IX,_Z,H,2021-12,102.5179,A,0,2,
OECD.SDD.STES:DSD_STES@DF_CLI(4.1),ESP,M,LI,IX,_Z,AA,IX,_Z,H,2021-11,102.785,A,0,2,
OECD.SDD.STES:DSD_STES@DF_CLI(4.1),ESP,M,LI,IX,_Z,AA,IX,_Z,H,2021-10,102.921,A,0,2,
OECD.SDD.STES:DSD_STES@DF_CLI(4.1),ESP,M,LI,IX,_Z,AA,IX,_Z,H,2021-09,102.9026,A,0,2,
OECD.SDD.STES:DSD_STES@DF_CLI(4.1),ESP,M,LI,IX,_Z,AA,IX,_Z,H,2021-08,102.7336,A,0,2,
OECD.SDD.STES:DSD_STES@DF_CLI(4.1),ESP,M,LI,IX,_Z,AA,IX,_Z,H,2021-07,102.4225,A,0,2,
OECD.SDD.STES:DSD_STES@DF_CLI(4.1),ESP,M,LI,IX,_Z,AA,IX,_Z,H,2021-06,101.9687,A,0,2,
OECD.SDD.STES:DSD_STES@DF_CLI(4.1),ESP,M,LI,IX,_Z,AA,IX,_Z,H,2021-05,101.371,A,0,2,
OECD.SDD.STES:DSD_STES@DF_CLI(4.1),ESP,M,LI,IX,_Z,AA,IX,_Z,H,2021-04,100.649,A,0,2,
OECD.SDD.STES:DSD_STES@DF_CLI(4.1),ESP,M,LI,IX,_Z,AA,IX,_Z,H,2021-03,99.85978,A,0,2,
OECD.SDD.STES:DSD_STES@DF_CLI(4.1),ESP,M,LI,IX,_Z,AA,IX,_Z,H,2021-02,98.13,A,0,2,
OECD.SDD.STES:DSD_STES@DF_CLI(4.1),ESP,M,LI,IX,_Z,AA,IX,_Z,H,2021-01,97.32336,A,0,2,
OECD.SDD.STES:DSD_STES@DF_CLI(4.1),ESP,M,LI,IX,_Z,AA,IX,_Z,H,2020-12,96.37128,A,0,2,
OECD.SDD.STES:DSD_STES@DF_CLI(4.1),ESP,M,LI,IX,_Z,AA,IX,_Z,H,2020-11,95.38824,A,0,2,
OECD.SDD.STES:DSD_STES@DF_CLI(4.1),ESP,M,LI,IX,_Z,AA,IX,_Z,H,2020-10,94.77577,A,0,2,
OECD.SDD.STES:DSD_STES@DF_CLI(4.1),ESP,M,LI,IX,_Z,AA,IX,_Z,H,2020-09,94.31709,A,0,2,
OECD.SDD.STES:DSD_STES@DF_CLI(4.1),ESP,M,LI,IX,_Z,AA,IX,_Z,H,2020-08,93.97324,A,0,2,
OECD.SDD.STES:DSD_STES@DF_CLI(4.1),ESP,M,LI,IX,_Z,AA,IX,_Z,H,2020-07,94.07622,A,0,2,
OECD.SDD.STES:DSD_STES@DF_CLI(4.1),ESP,M,LI,IX,_Z,AA,IX,_Z,H,2020-06,92.94286,A,0,2,
OECD.SDD.STES:DSD_STES@DF_CLI(4.1),ESP,M,LI,IX,_Z,AA,IX,_Z,H,2020-05,90.04268,A,0,2,
OECD.SDD.STES:DSD_STES@DF_CLI(4.1),ESP,M,LI,IX,_Z,AA,IX,_Z,H,2020-04,88.56367,A,0,2,
OECD.SDD.STES:DSD_STES@DF_CLI(4.1),ESP,M,LI,IX,_Z,AA,IX,_Z,H,2020-03,92.96828,A,0,2,
OECD.SDD.STES:DSD_STES@DF_CLI(4.1),ESP,M,LI,IX,_Z,AA,IX,_Z,H,2020-02,97.98048,A,0,2,
OECD.SDD.STES:DSD_STES@DF_CLI(4.1),ESP,M,LI,IX,_Z,AA,IX,_Z,H,2020-01,98.75462,A,0,2,
OECD.SDD.STES:DSD_STES@DF_CLI(4.1),ESP,M,LI,IX,_Z,AA,IX,_Z,H,2019-12,99.44836,A,0,2,
OECD.SDD.STES:DSD_STES@DF_CLI(4.1),ESP,M,LI,IX,_Z,AA,IX,_Z,H,2019-11,100.0326,A,0,2,
OECD.SDD.STES:DSD_STES@DF_CLI(4.1),ESP,M,LI,IX,_Z,AA,IX,_Z,H,2019-10,100.505,A,0,2,
OECD.SDD.STES:DSD_STES@DF_CLI(4.1),ESP,M,LI,IX,_Z,AA,IX,_Z,H,2019-09,100.8834,A,0,2,
OECD.SDD.STES:DSD_STES@DF_CLI(4.1),ESP,M,LI,IX,_Z,AA,IX,_Z,H,2019-08,101.1885,A,0,2,
OECD.SDD.STES:DSD_STES@DF_CLI(4.1),ESP,M,LI,IX,_Z,AA,IX,_Z,H,2019-07,101.4402,A,0,2,
OECD.SDD.STES:DSD_STES@DF_CLI(4.1),ESP,M,LI,IX,_Z,AA,IX,_Z,H,2019-06,101.6449,A,0,2,
OECD.SDD.STES:DSD_STES@DF_CLI(4.1),ESP,M,LI,IX,_Z,AA,IX,_Z,H,2019-05,101.7904,A,0,2,
OECD.SDD.STES:DSD_STES@DF_CLI(4.1),ESP,M,LI,IX,_Z,AA,IX,_Z,H,2019-04,101.8891,A,0,2,
OECD.SDD.STES:DSD_STES@DF_CLI(4.1),ESP,M,LI,IX,_Z,AA,IX,_Z,H,2019-03,101.9439,A,0,2,
OECD.SDD.STES:DSD_STES@DF_CLI(4.1),ESP,M,LI,IX,_Z,AA,IX,_Z,H,2019-02,101.945,A,0,2,
OECD.SDD.STES:DSD_STES@DF_CLI(4.1),ESP,M,LI,IX,_Z,AA,IX,_Z,H,2019-01,101.9051,A,0,2,
OECD.SDD.STES:DSD_STES@DF_CLI(4.1),ESP,M,LI,IX,_Z,AA,IX,_Z,H,2018-12,101.8383,A,0,2,
OECD.SDD.STES:DSD_STES@DF_CLI(4.1),ESP,M,LI,IX,_Z,AA,IX,_Z,H,2018-11,101.7722,A,0,2,
OECD.SDD.STES:DSD_STES@DF_CLI(4.1),ESP,M,LI,IX,_Z,AA,IX,_Z,H,2018-10,101.7239,A,0,2,
OECD.SDD.STES:DSD_STES@DF_CLI(4.1),ESP,M,LI,IX,_Z,AA,IX,_Z,H,2018-09,101.7192,A,0,2,
OECD.SDD.STES:DSD_STES@DF_CLI(4.1),JPN,M,LI,IX,_Z,AA,IX,_Z,H,2009-09,98.13774,A,0,2,
OECD.SDD.STES:DSD_STES@DF_CLI(4.1),JPN,M,LI,IX,_Z,AA,IX,_Z,H,2009-08,97.78106,A,0,2,
OECD.SDD.STES:DSD_STES@DF_CLI(4.1),JPN,M,LI,IX,_Z,AA,IX,_Z,H,2009-07,97.41069,A,0,2,
OECD.SDD.STES:DSD_STES@DF_CLI(4.1),JPN,M,LI,IX,_Z,AA,IX,_Z,H,2009-06,97.03703,A,0,2,
OECD.SDD.STES:DSD_STES@DF_CLI(4.1),JPN,M,LI,IX,_Z,AA,IX,_Z,H,2009-05,96.69587,A,0,2,
OECD.SDD.STES:DSD_STES@DF_CLI(4.1),JPN,M,LI,IX,_Z,AA,IX,_Z,H,2009-04,96.43877,A,0,2,
OECD.SDD.STES:DSD_STES@DF_CLI(4.1),JPN,M,LI,IX,_Z,AA,IX,_Z,H,2009-03,96.32881,A,0,2,
OECD.SDD.STES:DSD_STES@DF_CLI(4.1),JPN,M,LI,IX,_Z,AA,IX,_Z,H,2009-02,96.41556,A,0,2,
OECD.SDD.STES:DSD_STES@DF_CLI(4.1),JPN,M,LI,IX,_Z,AA,IX,_Z,H,2009-01,96.71758,A,0,2,
OECD.SDD.STES:DSD_STES@DF_CLI(4.1),JPN,M,LI,IX,_Z,AA,IX,_Z,H,2008-12,97.20468,A,0,2,
OECD.SDD.STES:DSD_STES@DF_CLI(4.1),JPN,M,LI,IX,_Z,AA,IX,_Z,H,2008-11,97.80489,A,0,2,
OECD.SDD.STES:DSD_STES@DF_CLI(4.1),JPN,M,LI,IX,_Z,AA,IX,_Z,H,2008-10,98.44514,A,0,2,
OECD.SDD.STES:DSD_STES@DF_CLI(4.1),JPN,M,LI,IX,_Z,AA,IX,_Z,H,2008-09,99.05614,A,0,2,
OECD.SDD.STES:DSD_STES@DF_CLI(4.1),JPN,M,LI,IX,_Z,AA,IX,_Z,H,2008-08,99.5817,A,0,2,
OECD.SDD.STES:DSD_STES@DF_CLI(4.1),JPN,M,LI,IX,_Z,AA,IX,_Z,H,2008-07,99.99506,A,0,2,
OECD.SDD.STES:DSD_STES@DF_CLI(4.1),JPN,M,LI,IX,_Z,AA,IX,_Z,H,2008-06,100.2853,A,0,2,
OECD.SDD.STES:DSD_STES@DF_CLI(4.1),JPN,M,LI,IX,_Z,AA,IX,_Z,H,2008-05,100.4508,A,0,2,
OECD.SDD.STES:DSD_STES@DF_CLI(4.1),JPN,M,LI,IX,_Z,AA,IX,_Z,H,2008-04,100.5094,A,0,2,
OECD.SDD.STES:DSD_STES@DF_CLI(4.1),JPN,M,LI,IX,_Z,AA,IX,_Z,H,2008-03,100.4936,A,0,2,
OECD.SDD.STES:DSD_STES@DF_CLI(4.1),JPN,M,LI,IX,_Z,AA,IX,_Z,H,2008-02,100.4448,A,0,2,
OECD.SDD.STES:DSD_STES@DF_CLI(4.1),JPN,M,LI,IX,_Z,AA,IX,_Z,H,2008-01,100.3725,A,0,2,
OECD.SDD.STES:DSD_STES@DF_CLI(4.1),JPN,M,LI,IX,_Z,AA,IX,_Z,H,2007-12,100.2972,A,0,2,
OECD.SDD.STES:DSD_STES@DF_CLI(4.1),JPN,M,LI,IX,_Z,AA,IX,_Z,H,2007-11,100.2313,A,0,2,
OECD.SDD.STES:DSD_STES@DF_CLI(4.1),JPN,M,LI,IX,_Z,AA,IX,_Z,H,2007-10,100.2038,A,0,2,
OECD.SDD.STES:DSD_STES@DF_CLI(4.1),JPN,M,LI,IX,_Z,AA,IX,_Z,H,2007-09,100.2414,A,0,2,
OECD.SDD.STES:DSD_STES@DF_CLI(4.1),JPN,M,LI,IX,_Z,AA,IX,_Z,H,2007-08,100.3602,A,0,2,
OECD.SDD.STES:DSD_STES@DF_CLI(4.1),JPN,M,LI,IX,_Z,AA,IX,_Z,H,2007-07,100.5471,A,0,2,
OECD.SDD.STES:DSD_STES@DF_CLI(4.1),JPN,M,LI,IX,_Z,AA,IX,_Z,H,2007-06,100.762,A,0,2,
OECD.SDD.STES:DSD_STES@DF_CLI(4.1),JPN,M,LI,IX,_Z,AA,IX,_Z,H,2007-05,100.9652,A,0,2,
OECD.SDD.STES:DSD_STES@DF_CLI(4.1),JPN,M,LI,IX,_Z,AA,IX,_Z,H,2007-04,101.1233,A,0,2,
OECD.SDD.STES:DSD_STES@DF_CLI(4.1),JPN,M,LI,IX,_Z,AA,IX,_Z,H,2007-03,101.2288,A,0,2,
OECD.SDD.STES:DSD_STES@DF_CLI(4.1),JPN,M,LI,IX,_Z,AA,IX,_Z,H,2007-02,101.2832,A,0,2,
OECD.SDD.STES:DSD_STES@DF_CLI(4.1),JPN,M,LI,IX,_Z,AA,IX,_Z,H,2007-01,101.2912,A,0,2,
OECD.SDD.STES:DSD_STES@DF_CLI(4.1),JPN,M,LI,IX,_Z,AA,IX,_Z,H,2006-12,101.2834,A,0,2,
OECD.SDD.STES:DSD_STES@DF_CLI(4.1),JPN,M,LI,IX,_Z,AA,IX,_Z,H,2006-11,101.2675,A,0,2,
OECD.SDD.STES:DSD_STES@DF_CLI(4.1),JPN,M,LI,IX,_Z,AA,IX,_Z,H,2006-10,101.2575,A,0,2,
OECD.SDD.STES:DSD_STES@DF_CLI(4.1),JPN,M,LI,IX,_Z,AA,IX,_Z,H,2006-09,101.2552,A,0,2,
OECD.SDD.STES:DSD_STES@DF_CLI(4.1),JPN,M,LI,IX,_Z,AA,IX,_Z,H,2006-08,101.2663,A,0,2,
OECD.SDD.STES:DSD_STES@DF_CLI(4.1),JPN,M,LI,IX,_Z,AA,IX,_Z,H,2006-07,101.2962,A,0,2,
OECD.SDD.STES:DSD_STES@DF_CLI(4.1),JPN,M,LI,IX,_Z,AA,IX,_Z,H,2006-06,101.3477,A,0,2,
OECD.SDD.STES:DSD_STES@DF_CLI(4.1),JPN,M,LI,IX,_Z,AA,IX,_Z,H,2006-05,101.4032,A,0,2,
OECD.SDD.STES:DSD_STES@DF_CLI(4.1),JPN,M,LI,IX,_Z,AA,IX,_Z,H,2006-04,101.4335,A,0,2,
OECD.SDD.STES:DSD_STES@DF_CLI(4.1),JPN,M,LI,IX,_Z,AA,IX,_Z,H,2006-03,101.4115,A,0,2,
OECD.SDD.STES:DSD_STES@DF_CLI(4.1),JPN,M,LI,IX,_Z,AA,IX,_Z,H,2006-02,101.3545,A,0,2,
OECD.SDD.STES:DSD_STES@DF_CLI(4.1),JPN,M,LI,IX,_Z,AA,IX,_Z,H,2006-01,101.2636,A,0,2,
OECD.SDD.STES:DSD_STES@DF_CLI(4.1),JPN,M,LI,IX,_Z,AA,IX,_Z,H,2026-09,100.3472,A,0,2,
OECD.SDD.STES:DSD_STES@DF_CLI(4.1),JPN,M,LI,IX,_Z,AA,IX,_Z,H,2026-08,100.3223,A,0,2,
OECD.SDD.STES:DSD_STES@DF_CLI(4.1),JPN,M,LI,IX,_Z,AA,IX,_Z,H,2026-07,100.289,A,0,2,
OECD.SDD.STES:DSD_STES@DF_CLI(4.1),JPN,M,LI,IX,_Z,AA,IX,_Z,H,2026-06,100.2428,A,0,2,
OECD.SDD.STES:DSD_STES@DF_CLI(4.1),JPN,M,LI,IX,_Z,AA,IX,_Z,H,2026-05,100.1824,A,0,2,
OECD.SDD.STES:DSD_STES@DF_CLI(4.1),JPN,M,LI,IX,_Z,AA,IX,_Z,H,2026-04,100.126,A,0,2,
OECD.SDD.STES:DSD_STES@DF_CLI(4.1),ESP,M,LI,IX,_Z,AA,IX,_Z,H,2008-11,95.39972,A,0,2,
OECD.SDD.STES:DSD_STES@DF_CLI(4.1),ESP,M,LI,IX,_Z,AA,IX,_Z,H,2008-10,95.95189,A,0,2,
OECD.SDD.STES:DSD_STES@DF_CLI(4.1),ESP,M,LI,IX,_Z,AA,IX,_Z,H,2008-09,96.61999,A,0,2,
OECD.SDD.STES:DSD_STES@DF_CLI(4.1),ESP,M,LI,IX,_Z,AA,IX,_Z,H,2008-08,97.38152,A,0,2,
OECD.SDD.STES:DSD_STES@DF_CLI(4.1),ESP,M,LI,IX,_Z,AA,IX,_Z,H,2008-07,98.22858,A,0,2,
OECD.SDD.STES:DSD_STES@DF_CLI(4.1),ESP,M,LI,IX,_Z,AA,IX,_Z,H,2008-06,99.15984,A,0,2,
OECD.SDD.STES:DSD_STES@DF_CLI(4.1),ESP,M,LI,IX,_Z,AA,IX,_Z,H,2008-05,100.141,A,0,2,
OECD.SDD.STES:DSD_STES@DF_CLI(4.1),ESP,M,LI,IX,_Z,AA,IX,_Z,H,2008-04,101.1064,A,0,2,
OECD.SDD.STES:DSD_STES@DF_CLI(4.1),ESP,M,LI,IX,_Z,AA,IX,_Z,H,2008-03,102.0025,A,0,2,
OECD.SDD.STES:DSD_STES@DF_CLI(4.1),ESP,M,LI,IX,_Z,AA,IX,_Z,H,2008-02,102.801,A,0,2,
OECD.SDD.STES:DSD_STES@DF_CLI(4.1),ESP,M,LI,IX,_Z,AA,IX,_Z,H,2008-01,103.4933,A,0,2,
OECD.SDD.STES:DSD_STES@DF_CLI(4.1),ESP,M,LI,IX,_Z,AA,IX,_Z,H,2007-12,104.077,A,0,2,
OECD.SDD.STES:DSD_STES@DF_CLI(4.1),ESP,M,LI,IX,_Z,AA,IX,_Z,H,2007-11,104.5452,A,0,2,
OECD.SDD.STES:DSD_STES@DF_CLI(4.1),ESP,M,LI,IX,_Z,AA,IX,_Z,H,2007-10,104.889,A,0,2,
OECD.SDD.STES:DSD_STES@DF_CLI(4.1),ESP,M,LI,IX,_Z,AA,IX,_Z,H,2007-09,105.1154,A,0,2,
OECD.SDD.STES:DSD_STES@DF_CLI(4.1),ESP,M,LI,IX,_Z,AA,IX,_Z,H,2007-08,105.2443,A,0,2,
OECD.SDD.STES:DSD_STES@DF_CLI(4.1),ESP,M,LI,IX,_Z,AA,IX,_Z,H,2007-07,105.2921,A,0,2,
OECD.SDD.STES:DSD_STES@DF_CLI(4.1),ESP,M,LI,IX,_Z,AA,IX,_Z,H,2007-06,105.2704,A,0,2,
OECD.SDD.STES:DSD_STES@DF_CLI(4.1),ESP,M,LI,IX,_Z,AA,IX,_Z,H,2007-05,105.1991,A,0,2,
OECD.SDD.STES:DSD_STES@DF_CLI(4.1),ESP,M,LI,IX,_Z,AA,IX,_Z,H,2007-04,105.0986,A,0,2,
OECD.SDD.STES:DSD_STES@DF_CLI(4.1),ESP,M,LI,IX,_Z,AA,IX,_Z,H,2007-03,104.9828,A,0,2,
OECD.SDD.STES:DSD_STES@DF_CLI(4.1),ESP,M,LI,IX,_Z,AA,IX,_Z,H,2007-02,104.8471,A,0,2,
OECD.SDD.STES:DSD_STES@DF_CLI(4.1),ESP,M,LI,IX,_Z,AA,IX,_Z,H,2007-01,104.6829,A,0,2,
OECD.SDD.STES:DSD_STES@DF_CLI(4.1),ESP,M,LI,IX,_Z,AA,IX,_Z,H,2006-12,104.4761,A,0,2,
OECD.SDD.STES:DSD_STES@DF_CLI(4.1),ESP,M,LI,IX,_Z,AA,IX,_Z,H,2006-11,104.2085,A,0,2,
OECD.SDD.STES:DSD_STES@DF_CLI(4.1),ESP,M,LI,IX,_Z,AA,IX,_Z,H,2006-10,103.8784,A,0,2,
OECD.SDD.STES:DSD_STES@DF_CLI(4.1),ESP,M,LI,IX,_Z,AA,IX,_Z,H,2006-09,103.5146,A,0,2,
OECD.SDD.STES:DSD_STES@DF_CLI(4.1),ESP,M,LI,IX,_Z,AA,IX,_Z,H,2006-08,103.1586,A,0,2,
OECD.SDD.STES:DSD_STES@DF_CLI(4.1),ESP,M,LI,IX,_Z,AA,IX,_Z,H,2006-07,102.8416,A,0,2,
OECD.SDD.STES:DSD_STES@DF_CLI(4.1),ESP,M,LI,IX,_Z,AA,IX,_Z,H,2006-06,102.5827,A,0,2,
OECD.SDD.STES:DSD_STES@DF_CLI(4.1),ESP,M,LI,IX,_Z,AA,IX,_Z,H,2006-05,102.3819,A,0,2,
OECD.SDD.STES:DSD_STES@DF_CLI(4.1),ESP,M,LI,IX,_Z,AA,IX,_Z,H,2006-04,102.2252,A,0,2,
OECD.SDD.STES:DSD_STES@DF_CLI(4.1),ESP,M,LI,IX,_Z,AA,IX,_Z,H,2006-03,102.0974,A,0,2,
OECD.SDD.STES:DSD_STES@DF_CLI(4.1),ESP,M,LI,IX,_Z,AA,IX,_Z,H,2006-02,101.988,A,0,2,
OECD.SDD.STES:DSD_STES@DF_CLI(4.1),ESP,M,LI,IX,_Z,AA,IX,_Z,H,2006-01,101.8885,A,0,2,
OECD.SDD.STES:DSD_STES@DF_CLI(4.1),ESP,M,LI,IX,_Z,AA,IX,_Z,H,2005-12,101.7868,A,0,2,
OECD.SDD.STES:DSD_STES@DF_CLI(4.1),ESP,M,LI,IX,_Z,AA,IX,_Z,H,2005-11,101.6705,A,0,2,
OECD.SDD.STES:DSD_STES@DF_CLI(4.1),ESP,M,LI,IX,_Z,AA,IX,_Z,H,2005-10,101.5411,A,0,2,
OECD.SDD.STES:DSD_STES@DF_CLI(4.1),ESP,M,LI,IX,_Z,AA,IX,_Z,H,2005-09,101.3928,A,0,2,
OECD.SDD.STES:DSD_STES@DF_CLI(4.1),ESP,M,LI,IX,_Z,AA,IX,_Z,H,2005-08,101.232,A,0,2,
OECD.SDD.STES:DSD_STES@DF_CLI(4.1),ESP,M,LI,IX,_Z,AA,IX,_Z,H,2005-07,101.0726,A,0,2,
OECD.SDD.STES:DSD_STES@DF_CLI(4.1),ESP,M,LI,IX,_Z,AA,IX,_Z,H,2005-06,100.9268,A,0,2,
OECD.SDD.STES:DSD_STES@DF_CLI(4.1),ESP,M,LI,IX,_Z,AA,IX,_Z,H,2005-05,100.8032,A,0,2,
OECD.SDD.STES:DSD_STES@DF_CLI(4.1),ESP,M,LI,IX,_Z,AA,IX,_Z,H,2005-04,100.7062,A,0,2,
OECD.SDD.STES:DSD_STES@DF_CLI(4.1),ESP,M,LI,IX,_Z,AA,IX,_Z,H,2005-03,100.6334,A,0,2,
OECD.SDD.STES:DSD_STES@DF_CLI(4.1),ESP,M,LI,IX,_Z,AA,IX,_Z,H,2005-02,100.5779,A,0,2,
OECD.SDD.STES:DSD_STES@DF_CLI(4.1),ESP,M,LI,IX,_Z,AA,IX,_Z,H,2005-01,100.5196,A,0,2,
OECD.SDD.STES:DSD_STES@DF_CLI(4.1),ESP,M,LI,IX,_Z,AA,IX,_Z,H,2004-12,100.4398,A,0,2,
OECD.SDD.STES:DSD_STES@DF_CLI(4.1),ESP,M,LI,IX,_Z,AA,IX,_Z,H,2004-11,100.3259,A,0,2,
OECD.SDD.STES:DSD_STES@DF_CLI(4.1),ESP,M,LI,IX,_Z,AA,IX,_Z,H,2004-10,100.1819,A,0,2,
OECD.SDD.STES:DSD_STES@DF_CLI(4.1),ESP,M,LI,IX,_Z,AA,IX,_Z,H,2004-09,100.0219,A,0,2,
OECD.SDD.STES:DSD_STES@DF_CLI(4.1),ESP,M,LI,IX,_Z,AA,IX,_Z,H,2004-08,99.87334,A,0,2,
OECD.SDD.STES:DSD_STES@DF_CLI(4.1),ESP,M,LI,IX,_Z,AA,IX,_Z,H,2004-07,99.75413,A,0,2,
OECD.SDD.STES:DSD_STES@DF_CLI(4.1),ESP,M,LI,IX,_Z,AA,IX,_Z,H,2010-02,100.6405,A,0,2,
OECD.SDD.STES:DSD_STES@DF_CLI(4.1),ESP,M,LI,IX,_Z,AA,IX,_Z,H,2010-01,100.5089,A,0,2,
OECD.SDD.STES:DSD_STES@DF_CLI(4.1),ESP,M,LI,IX,_Z,AA,IX,_Z,H,2009-12,100.2329,A,0,2,
OECD.SDD.STES:DSD_STES@DF_CLI(4.1),ESP,M,LI,IX,_Z,AA,IX,_Z,H,2009-11,99.80822,A,0,2,
OECD.SDD.STES:DSD_STES@DF_CLI(4.1),ESP,M,LI,IX,_Z,AA,IX,_Z,H,2009-10,99.24835,A,0,2,
OECD.SDD.STES:DSD_STES@DF_CLI(4.1),ESP,M,LI,IX,_Z,AA,IX,_Z,H,2026-09,99.57757,A,0,2,
OECD.SDD.STES:DSD_STES@DF_CLI(4.1),ESP,M,LI,IX,_Z,AA,IX,_Z,H,2023-11,99.29252,A,0,2,
OECD.SDD.STES:DSD_STES@DF_CLI(4.1),ESP,M,LI,IX,_Z,AA,IX,_Z,H,2023-10,99.24729,A,0,2,
OECD.SDD.STES:DSD_STES@DF_CLI(4.1),ESP,M,LI,IX,_Z,AA,IX,_Z,H,2023-09,99.22253,A,0,2,
OECD.SDD.STES:DSD_STES@DF_CLI(4.1),ESP,M,LI,IX,_Z,AA,IX,_Z,H,2023-08,99.23424,A,0,2,
OECD.SDD.STES:DSD_STES@DF_CLI(4.1),ESP,M,LI,IX,_Z,AA,IX,_Z,H,2015-10,102.6699,A,0,2,
OECD.SDD.STES:DSD_STES@DF_CLI(4.1),ESP,M,LI,IX,_Z,AA,IX,_Z,H,2015-09,102.7859,A,0,2,
OECD.SDD.STES:DSD_STES@DF_CLI(4.1),ESP,M,LI,IX,_Z,AA,IX,_Z,H,2015-08,102.8933,A,0,2,
OECD.SDD.STES:DSD_STES@DF_CLI(4.1),ESP,M,LI,IX,_Z,AA,IX,_Z,H,2015-07,103.0143,A,0,2,
OECD.SDD.STES:DSD_STES@DF_CLI(4.1),ESP,M,LI,IX,_Z,AA,IX,_Z,H,2015-06,103.1487,A,0,2,
OECD.SDD.STES:DSD_STES@DF_CLI(4.1),ESP,M,LI,IX,_Z,AA,IX,_Z,H,2015-05,103.2749,A,0,2,
OECD.SDD.STES:DSD_STES@DF_CLI(4.1),ESP,M,LI,IX,_Z,AA,IX,_Z,H,2015-04,103.3571,A,0,2,
OECD.SDD.STES:DSD_STES@DF_CLI(4.1),ESP,M,LI,IX,_Z,AA,IX,_Z,H,2015-03,103.3594,A,0,2,
OECD.SDD.STES:DSD_STES@DF_CLI(4.1),ESP,M,LI,IX,_Z,AA,IX,_Z,H,2015-02,103.2629,A,0,2,
OECD.SDD.STES:DSD_STES@DF_CLI(4.1),ESP,M,LI,IX,_Z,AA,IX,_Z,H,2015-01,103.0783,A,0,2,
OECD.SDD.STES:DSD_STES@DF_CLI(4.1),ESP,M,LI,IX,_Z,AA,IX,_Z,H,2014-12,102.8261,A,0,2,
OECD.SDD.STES:DSD_STES@DF_CLI(4.1),ESP,M,LI,IX,_Z,AA,IX,_Z,H,2014-11,102.5447,A,0,2,
OECD.SDD.STES:DSD_STES@DF_CLI(4.1),ESP,M,LI,IX,_Z,AA,IX,_Z,H,2014-10,102.2578,A,0,2,
OECD.SDD.STES:DSD_STES@DF_CLI(4.1),ESP,M,LI,IX,_Z,AA,IX,_Z,H,2014-09,101.9692,A,0,2,
OECD.SDD.STES:DSD_STES@DF_CLI(4.1),ESP,M,LI,IX,_Z,AA,IX,_Z,H,2014-08,101.6858,A,0,2,
OECD.SDD.STES:DSD_STES@DF_CLI(4.1),ESP,M,LI,IX,_Z,AA,IX,_Z,H,2014-07,101.4169,A,0,2,
OECD.SDD.STES:DSD_STES@DF_CLI(4.1),ESP,M,LI,IX,_Z,AA,IX,_Z,H,2014-06,101.1625,A,0,2,
OECD.SDD.STES:DSD_STES@DF_CLI(4.1),ESP,M,LI,IX,_Z,AA,IX,_Z,H,2014-05,100.909,A,0,2,
OECD.SDD.STES:DSD_STES@DF_CLI(4.1),ESP,M,LI,IX,_Z,AA,IX,_Z,H,2014-04,100.6504,A,0,2,
OECD.SDD.STES:DSD_STES@DF_CLI(4.1),ESP,M,LI,IX,_Z,AA,IX,_Z,H,2014-03,100.3765,A,0,2,
OECD.SDD.STES:DSD_STES@DF_CLI(4.1),ESP,M,LI,IX,_Z,AA,IX,_Z,H,2014-02,100.0798,A,0,2,
OECD.SDD.STES:DSD_STES@DF_CLI(4.1),ESP,M,LI,IX,_Z,AA,IX,_Z,H,2014-01,99.75742,A,0,2,
OECD.SDD.STES:DSD_STES@DF_CLI(4.1),ESP,M,LI,IX,_Z,AA,IX,_Z,H,2013-12,99.4018,A,0,2,
OECD.SDD.STES:DSD_STES@DF_CLI(4.1),ESP,M,LI,IX,_Z,AA,IX,_Z,H,2013-11,99.0193,A,0,2,
OECD.SDD.STES:DSD_STES@DF_CLI(4.1),ESP,M,LI,IX,_Z,AA,IX,_Z,H,2013-10,98.60928,A,0,2,
OECD.SDD.STES:DSD_STES@DF_CLI(4.1),ESP,M,LI,IX,_Z,AA,IX,_Z,H,2013-09,98.17354,A,0,2,
OECD.SDD.STES:DSD_STES@DF_CLI(4.1),ESP,M,LI,IX,_Z,AA,IX,_Z,H,2013-08,97.71324,A,0,2,
OECD.SDD.STES:DSD_STES@DF_CLI(4.1),ESP,M,LI,IX,_Z,AA,IX,_Z,H,2013-07,97.25491,A,0,2,
OECD.SDD.STES:DSD_STES@DF_CLI(4.1),ESP,M,LI,IX,_Z,AA,IX,_Z,H,2013-06,96.81353,A,0,2,
OECD.SDD.STES:DSD_STES@DF_CLI(4.1),ESP,M,LI,IX,_Z,AA,IX,_Z,H,2013-05,96.40749,A,0,2,
OECD.SDD.STES:DSD_STES@DF_CLI(4.1),ESP,M,LI,IX,_Z,AA,IX,_Z,H,2013-04,96.04839,A,0,2,
OECD.SDD.STES:DSD_STES@DF_CLI(4.1),ESP,M,LI,IX,_Z,AA,IX,_Z,H,2013-03,95.73321,A,0,2,
OECD.SDD.STES:DSD_STES@DF_CLI(4.1),ESP,M,LI,IX,_Z,AA,IX,_Z,H,2013-02,95.46233,A,0,2,
OECD.SDD.STES:DSD_STES@DF_CLI(4.1),ESP,M,LI,IX,_Z,AA,IX,_Z,H,2013-01,95.24551,A,0,2,
OECD.SDD.STES:DSD_STES@DF_CLI(4.1),ESP,M,LI,IX,_Z,AA,IX,_Z,H,2012-12,95.08556,A,0,2,
OECD.SDD.STES:DSD_STES@DF_CLI(4.1),ESP,M,LI,IX,_Z,AA,IX,_Z,H,2012-11,95.00797,A,0,2,
OECD.SDD.STES:DSD_STES@DF_CLI(4.1),ESP,M,LI,IX,_Z,AA,IX,_Z,H,2012-10,95.01907,A,0,2,
OECD.SDD.STES:DSD_STES@DF_CLI(4.1),ESP,M,LI,IX,_Z,AA,IX,_Z,H,2012-09,95.13053,A,0,2,
OECD.SDD.STES:DSD_STES@DF_CLI(4.1),ESP,M,LI,IX,_Z,AA,IX,_Z,H,2012-08,95.35748,A,0,2,
OECD.SDD.STES:DSD_STES@DF_CLI(4.1),ESP,M,LI,IX,_Z,AA,IX,_Z,H,2012-07,95.70028,A,0,2,
OECD.SDD.STES:DSD_STES@DF_CLI(4.1),ESP,M,LI,IX,_Z,AA,IX,_Z,H,2012-06,96.1129,A,0,2,
OECD.SDD.STES:DSD_STES@DF_CLI(4.1),ESP,M,LI,IX,_Z,AA,IX,_Z,H,2012-05,96.55692,A,0,2,
OECD.SDD.STES:DSD_STES@DF_CLI(4.1),ESP,M,LI,IX,_Z,AA,IX,_Z,H,2012-04,97.02156,A,0,2,
OECD.SDD.STES:DSD_STES@DF_CLI(4.1),ESP,M,LI,IX,_Z,AA,IX,_Z,H,2012-03,97.48997,A,0,2,
OECD.SDD.STES:DSD_STES@DF_CLI(4.1),ESP,M,LI,IX,_Z,AA,IX,_Z,H,2012-02,97.93269,A,0,2,
OECD.SDD.STES:DSD_STES@DF_CLI(4.1),TUR,M,LI,IX,_Z,AA,IX,_Z,H,2018-10,95.08543,A,0,2,
OECD.SDD.STES:DSD_STES@DF_CLI(4.1),TUR,M,LI,IX,_Z,AA,IX,_Z,H,2018-09,95.5868,A,0,2,
OECD.SDD.STES:DSD_STES@DF_CLI(4.1),TUR,M,LI,IX,_Z,AA,IX,_Z,H,2018-08,96.51517,A,0,2,
OECD.SDD.STES:DSD_STES@DF_CLI(4.1),TUR,M,LI,IX,_Z,AA,IX,_Z,H,2019-11,99.80451,A,0,2,
OECD.SDD.STES:DSD_STES@DF_CLI(4.1),TUR,M,LI,IX,_Z,AA,IX,_Z,H,2019-10,99.29184,A,0,2,
OECD.SDD.STES:DSD_STES@DF_CLI(4.1),TUR,M,LI,IX,_Z,AA,IX,_Z,H,2019-09,98.69002,A,0,2,
OECD.SDD.STES:DSD_STES@DF_CLI(4.1),TUR,M,LI,IX,_Z,AA,IX,_Z,H,2019-08,98.08996,A,0,2,
OECD.SDD.STES:DSD_STES@DF_CLI(4.1),TUR,M,LI,IX,_Z,AA,IX,_Z,H,2019-07,97.51829,A,0,2,
OECD.SDD.STES:DSD_STES@DF_CLI(4.1),TUR,M,LI,IX,_Z,AA,IX,_Z,H,2019-06,97.03342,A,0,2,
OECD.SDD.STES:DSD_STES@DF_CLI(4.1),TUR,M,LI,IX,_Z,AA,IX,_Z,H,2019-05,96.6207,A,0,2,
OECD.SDD.STES:DSD_STES@DF_CLI(4.1),TUR,M,LI,IX,_Z,AA,IX,_Z,H,2019-04,96.28296,A,0,2,
OECD.SDD.STES:DSD_STES@DF_CLI(4.1),TUR,M,LI,IX,_Z,AA,IX,_Z,H,2019-03,95.97798,A,0,2,
OECD.SDD.STES:DSD_STES@DF_CLI(4.1),TUR,M,LI,IX,_Z,AA,IX,_Z,H,2019-02,95.6837,A,0,2,
OECD.SDD.STES:DSD_STES@DF_CLI(4.1),TUR,M,LI,IX,_Z,AA,IX,_Z,H,2019-01,95.40667,A,0,2,
OECD.SDD.STES:DSD_STES@DF_CLI(4.1),TUR,M,LI,IX,_Z,AA,IX,_Z,H,2021-12,102.6044,A,0,2,
OECD.SDD.STES:DSD_STES@DF_CLI(4.1),TUR,M,LI,IX,_Z,AA,IX,_Z,H,2021-11,102.872,A,0,2,
OECD.SDD.STES:DSD_STES@DF_CLI(4.1),TUR,M,LI,IX,_Z,AA,IX,_Z,H,2021-10,103.0166,A,0,2,
OECD.SDD.STES:DSD_STES@DF_CLI(4.1),TUR,M,LI,IX,_Z,AA,IX,_Z,H,2021-09,103.0459,A,0,2,
OECD.SDD.STES:DSD_STES@DF_CLI(4.1),TUR,M,LI,IX,_Z,AA,IX,_Z,H,2021-08,102.9072,A,0,2,
OECD.SDD.STES:DSD_STES@DF_CLI(4.1),TUR,M,LI,IX,_Z,AA,IX,_Z,H,2021-07,102.5406,A,0,2,
OECD.SDD.STES:DSD_STES@DF_CLI(4.1),TUR,M,LI,IX,_Z,AA,IX,_Z,H,2021-06,101.9592,A,0,2,
OECD.SDD.STES:DSD_STES@DF_CLI(4.1),TUR,M,LI,IX,_Z,AA,IX,_Z,H,2021-05,101.2882,A,0,2,
OECD.SDD.STES:DSD_STES@DF_CLI(4.1),TUR,M,LI,IX,_Z,AA,IX,_Z,H,2021-04,100.6873,A,0,2,
OECD.SDD.STES:DSD_STES@DF_CLI(4.1),TUR,M,LI,IX,_Z,AA,IX,_Z,H,2021-03,100.2387,A,0,2,
OECD.SDD.STES:DSD_STES@DF_CLI(4.1),TUR,M,LI,IX,_Z,AA,IX,_Z,H,2021-02,99.8962,A,0,2,
OECD.SDD.STES:DSD_STES@DF_CLI(4.1),TUR,M,LI,IX,_Z,AA,IX,_Z,H,2021-01,99.76157,A,0,2,
OECD.SDD.STES:DSD_STES@DF_CLI(4.1),TUR,M,LI,IX,_Z,AA,IX,_Z,H,2020-12,99.82666,A,0,2,
OECD.SDD.STES:DSD_STES@DF_CLI(4.1),TUR,M,LI,IX,_Z,AA,IX,_Z,H,2020-11,100.0298,A,0,2,
OECD.SDD.STES:DSD_STES@DF_CLI(4.1),TUR,M,LI,IX,_Z,AA,IX,_Z,H,2020-10,100.2975,A,0,2,
OECD.SDD.STES:DSD_STES@DF_CLI(4.1),TUR,M,LI,IX,_Z,AA,IX,_Z,H,2020-09,100.5239,A,0,2,
OECD.SDD.STES:DSD_STES@DF_CLI(4.1),TUR,M,LI,IX,_Z,AA,IX,_Z,H,2020-08,100.68,A,0,2,
OECD.SDD.STES:DSD_STES@DF_CLI(4.1),TUR,M,LI,IX,_Z,AA,IX,_Z,H,2020-07,100.7046,A,0,2,
OECD.SDD.STES:DSD_STES@DF_CLI(4.1),TUR,M,LI,IX,_Z,AA,IX,_Z,H,2020-06,98.26325,A,0,2,
OECD.SDD.STES:DSD_STES@DF_CLI(4.1),TUR,M,LI,IX,_Z,AA,IX,_Z,H,2020-05,88.29353,A,0,2,
OECD.SDD.STES:DSD_STES@DF_CLI(4.1),TUR,M,LI,IX,_Z,AA,IX,_Z,H,2020-04,74.68797,A,0,2,
OECD.SDD.STES:DSD_STES@DF_CLI(4.1),TUR,M,LI,IX,_Z,AA,IX,_Z,H,2020-03,98.07305,A,0,2,
OECD.SDD.STES:DSD_STES@DF_CLI(4.1),TUR,M,LI,IX,_Z,AA,IX,_Z,H,2020-02,100.4695,A,0,2,
OECD.SDD.STES:DSD_STES@DF_CLI(4.1),TUR,M,LI,IX,_Z,AA,IX,_Z,H,2020-01,100.4077,A,0,2,
OECD.SDD.STES:DSD_STES@DF_CLI(4.1),TUR,M,LI,IX,_Z,AA,IX,_Z,H,2019-12,100.1932,A,0,2,
OECD.SDD.STES:DSD_STES@DF_CLI(4.1),TUR,M,LI,IX,_Z,AA,IX,_Z,H,2006-06,100.1,A,0,2,
OECD.SDD.STES:DSD_STES@DF_CLI(4.1),TUR,M,LI,IX,_Z,AA,IX,_Z,H,2006-05,100.278,A,0,2,
OECD.SDD.STES:DSD_STES@DF_CLI(4.1),TUR,M,LI,IX,_Z,AA,IX,_Z,H,2006-04,100.4826,A,0,2,
OECD.SDD.STES:DSD_STES@DF_CLI(4.1),TUR,M,LI,IX,_Z,AA,IX,_Z,H,2006-03,100.7086,A,0,2,
OECD.SDD.STES:DSD_STES@DF_CLI(4.1),TUR,M,LI,IX,_Z,AA,IX,_Z,H,2006-02,100.9409,A,0,2,
OECD.SDD.STES:DSD_STES@DF_CLI(4.1),TUR,M,LI,IX,_Z,AA,IX,_Z,H,2006-01,101.1417,A,0,2,
OECD.SDD.STES:DSD_STES@DF_CLI(4.1),TUR,M,LI,IX,_Z,AA,IX,_Z,H,2005-12,101.2574,A,0,2,
OECD.SDD.STES:DSD_STES@DF_CLI(4.1),TUR,M,LI,IX,_Z,AA,IX,_Z,H,2005-11,101.2276,A,0,2,
OECD.SDD.STES:DSD_STES@DF_CLI(4.1),TUR,M,LI,IX,_Z,AA,IX,_Z,H,2005-10,101.0154,A,0,2,
OECD.SDD.STES:DSD_STES@DF_CLI(4.1),TUR,M,LI,IX,_Z,AA,IX,_Z,H,2005-09,100.6718,A,0,2,
OECD.SDD.STES:DSD_STES@DF_CLI(4.1),ESP,M,LI,IX,_Z,AA,IX,_Z,H,2018-08,101.7732,A,0,2,
OECD.SDD.STES:DSD_STES@DF_CLI(4.1),ESP,M,LI,IX,_Z,AA,IX,_Z,H,2018-07,101.8713,A,0,2,
OECD.SDD.STES:DSD_STES@DF_CLI(4.1),ESP,M,LI,IX,_Z,AA,IX,_Z,H,2018-06,101.988,A,0,2,
OECD.SDD.STES:DSD_STES@DF_CLI(4.1),ESP,M,LI,IX,_Z,AA,IX,_Z,H,2018-05,102.1032,A,0,2,
OECD.SDD.STES:DSD_STES@DF_CLI(4.1),ESP,M,LI,IX,_Z,AA,IX,_Z,H,2018-04,102.2171,A,0,2,
OECD.SDD.STES:DSD_STES@DF_CLI(4.1),ESP,M,LI,IX,_Z,AA,IX,_Z,H,2018-03,102.3299,A,0,2,
OECD.SDD.STES:DSD_STES@DF_CLI(4.1),ESP,M,LI,IX,_Z,AA,IX,_Z,H,2018-02,102.431,A,0,2,
OECD.SDD.STES:DSD_STES@DF_CLI(4.1),ESP,M,LI,IX,_Z,AA,IX,_Z,H,2018-01,102.4852,A,0,2,
OECD.SDD.STES:DSD_STES@DF_CLI(4.1),ESP,M,LI,IX,_Z,AA,IX,_Z,H,2017-12,102.4641,A,0,2,
OECD.SDD.STES:DSD_STES@DF_CLI(4.1),ESP,M,LI,IX,_Z,AA,IX,_Z,H,2017-11,102.3696,A,0,2,
OECD.SDD.STES:DSD_STES@DF_CLI(4.1),ESP,M,LI,IX,_Z,AA,IX,_Z,H,2017-10,102.2098,A,0,2,
OECD.SDD.STES:DSD_STES@DF_CLI(4.1),ESP,M,LI,IX,_Z,AA,IX,_Z,H,2017-09,102.003,A,0,2,
OECD.SDD.STES:DSD_STES@DF_CLI(4.1),ESP,M,LI,IX,_Z,AA,IX,_Z,H,2017-08,101.7752,A,0,2,
OECD.SDD.STES:DSD_STES@DF_CLI(4.1),ESP,M,LI,IX,_Z,AA,IX,_Z,H,2017-07,101.554,A,0,2,
OECD.SDD.STES:DSD_STES@DF_CLI(4.1),ESP,M,LI,IX,_Z,AA,IX,_Z,H,2017-06,101.3506,A,0,2,
OECD.SDD.STES:DSD_STES@DF_CLI(4.1),ESP,M,LI,IX,_Z,AA,IX,_Z,H,2017-05,101.1647,A,0,2,
OECD.SDD.STES:DSD_STES@DF_CLI(4.1),ESP,M,LI,IX,_Z,AA,IX,_Z,H,2017-04,100.9918,A,0,2,
OECD.SDD.STES:DSD_STES@DF_CLI(4.1),ESP,M,LI,IX,_Z,AA,IX,_Z,H,2017-03,100.8342,A,0,2,
OECD.SDD.STES:DSD_STES@DF_CLI(4.1),ESP,M,LI,IX,_Z,AA,IX,_Z,H,2017-02,100.6988,A,0,2,
OECD.SDD.STES:DSD_STES@DF_CLI(4.1),ESP,M,LI,IX,_Z,AA,IX,_Z,H,2017-01,100.5873,A,0,2,
OECD.SDD.STES:DSD_STES@DF_CLI(4.1),ESP,M,LI,IX,_Z,AA,IX,_Z,H,2016-12,100.485,A,0,2,
OECD.SDD.STES:DSD_STES@DF_CLI(4.1),ESP,M,LI,IX,_Z,AA,IX,_Z,H,2016-11,100.3819,A,0,2,
OECD.SDD.STES:DSD_STES@DF_CLI(4.1),ESP,M,LI,IX,_Z,AA,IX,_Z,H,2016-10,100.279,A,0,2,
OECD.SDD.STES:DSD_STES@DF_CLI(4.1),ESP,M,LI,IX,_Z,AA,IX,_Z,H,2016-09,100.198,A,0,2,
OECD.SDD.STES:DSD_STES@DF_CLI(4.1),ESP,M,LI,IX,_Z,AA,IX,_Z,H,2016-08,100.172,A,0,2,
OECD.SDD.STES:DSD_STES@DF_CLI(4.1),ESP,M,LI,IX,_Z,AA,IX,_Z,H,2016-07,100.2311,A,0,2,
OECD.SDD.STES:DSD_STES@DF_CLI(4.1),ESP,M,LI,IX,_Z,AA,IX,_Z,H,2016-06,100.3851,A,0,2,
OECD.SDD.STES:DSD_STES@DF_CLI(4.1),ESP,M,LI,IX,_Z,AA,IX,_Z,H,2016-05,100.619,A,0,2,
OECD.SDD.STES:DSD_STES@DF_CLI(4.1),ESP,M,LI,IX,_Z,AA,IX,_Z,H,2016-04,100.9181,A,0,2,
OECD.SDD.STES:DSD_STES@DF_CLI(4.1),ESP,M,LI,IX,_Z,AA,IX,_Z,H,2016-03,101.2606,A,0,2,
OECD.SDD.STES:DSD_STES@DF_CLI(4.1),ESP,M,LI,IX,_Z,AA,IX,_Z,H,2016-02,101.6264,A,0,2,
OECD.SDD.STES:DSD_STES@DF_CLI(4.1),ESP,M,LI,IX,_Z,AA,IX,_Z,H,2016-01,101.9797,A,0,2,
OECD.SDD.STES:DSD_STES@DF_CLI(4.1),ESP,M,LI,IX,_Z,AA,IX,_Z,H,2015-12,102.2848,A,0,2,
OECD.SDD.STES:DSD_STES@DF_CLI(4.1),ESP,M,LI,IX,_Z,AA,IX,_Z,H,2015-11,102.512,A,0,2,
OECD.SDD.STES:DSD_STES@DF_CLI(4.1),ESP,M,LI,IX,_Z,AA,IX,_Z,H,2009-09,98.57768,A,0,2,
OECD.SDD.STES:DSD_STES@DF_CLI(4.1),ESP,M,LI,IX,_Z,AA,IX,_Z,H,2009-08,97.83891,A,0,2,
OECD.SDD.STES:DSD_STES@DF_CLI(4.1),ESP,M,LI,IX,_Z,AA,IX,_Z,H,2009-07,97.08109,A,0,2,
OECD.SDD.STES:DSD_STES@DF_CLI(4.1),ESP,M,LI,IX,_Z,AA,IX,_Z,H,2009-06,96.35061,A,0,2,
OECD.SDD.STES:DSD_STES@DF_CLI(4.1),ESP,M,LI,IX,_Z,AA,IX,_Z,H,2025-04,99.91376,A,0,2,
OECD.SDD.STES:DSD_STES@DF_CLI(4.1),ESP,M,LI,IX,_Z,AA,IX,_Z,H,2025-03,99.95785,A,0,2,
OECD.SDD.STES:DSD_STES@DF_CLI(4.1),ESP,M,LI,IX,_Z,AA,IX,_Z,H,2025-02,100.0045,A,0,2,
OECD.SDD.STES:DSD_STES@DF_CLI(4.1),ESP,M,LI,IX,_Z,AA,IX,_Z,H,2025-01,100.0142,A,0,2,
OECD.SDD.STES:DSD_STES@DF_CLI(4.1),ESP,M,LI,IX,_Z,AA,IX,_Z,H,2024-12,99.96243,A,0,2,
OECD.SDD.STES:DSD_STES@DF_CLI(4.1),ESP,M,LI,IX,_Z,AA,IX,_Z,H,2024-11,99.84679,A,0,2,
OECD.SDD.STES:DSD_STES@DF_CLI(4.1),ESP,M,LI,IX,_Z,AA,IX,_Z,H,2024-10,99.68159,A,0,2,
OECD.SDD.STES:DSD_STES@DF_CLI(4.1),ESP,M,LI,IX,_Z,AA,IX,_Z,H,2024-09,99.50124,A,0,2,
OECD.SDD.STES:DSD_STES@DF_CLI(4.1),ESP,M,LI,IX,_Z,AA,IX,_Z,H,2024-08,99.34488,A,0,2,
OECD.SDD.STES:DSD_STES@DF_CLI(4.1),ESP,M,LI,IX,_Z,AA,IX,_Z,H,2024-07,99.25484,A,0,2,
OECD.SDD.STES:DSD_STES@DF_CLI(4.1),ESP,M,LI,IX,_Z,AA,IX,_Z,H,2024-06,99.23098,A,0,2,
OECD.SDD.STES:DSD_STES@DF_CLI(4.1),ESP,M,LI,IX,_Z,AA,IX,_Z,H,2024-05,99.25559,A,0,2,
OECD.SDD.STES:DSD_STES@DF_CLI(4.1),ESP,M,LI,IX,_Z,AA,IX,_Z,H,2024-04,99.29939,A,0,2,
OECD.SDD.STES:DSD_STES@DF_CLI(4.1),ESP,M,LI,IX,_Z,AA,IX,_Z,H,2024-03,99.33756,A,0,2,
OECD.SDD.STES:DSD_STES@DF_CLI(4.1),ESP,M,LI,IX,_Z,AA,IX,_Z,H,2024-02,99.35938,A,0,2,
OECD.SDD.STES:DSD_STES@DF_CLI(4.1),ESP,M,LI,IX,_Z,AA,IX,_Z,H,2024-01,99.35881,A,0,2,
OECD.SDD.STES:DSD_STES@DF_CLI(4.1),ESP,M,LI,IX,_Z,AA,IX,_Z,H,2023-12,99.33474,A,0,2,
OECD.SDD.STES:DSD_STES@DF_CLI(4.1),ESP,M,LI,IX,_Z,AA,IX,_Z,H,2009-03,94.7953,A,0,2,
OECD.SDD.STES:DSD_STES@DF_CLI(4.1),ESP,M,LI,IX,_Z,AA,IX,_Z,H,2009-02,94.64278,A,0,2,
OECD.SDD.STES:DSD_STES@DF_CLI(4.1),ESP,M,LI,IX,_Z,AA,IX,_Z,H,2009-01,94.71591,A,0,2,
OECD.SDD.STES:DSD_STES@DF_CLI(4.1),ESP,M,LI,IX,_Z,AA,IX,_Z,H,2008-12,94.9789,A,0,2,
OECD.SDD.STES:DSD_STES@DF_CLI(4.1),TUR,M,LI,IX,_Z,AA,IX,_Z,H,2000-12,97.61868,A,0,2,
OECD.SDD.STES:DSD_STES@DF_CLI(4.1),TUR,M,LI,IX,_Z,AA,IX,_Z,H,2000-11,99.8474,A,0,2,
OECD.SDD.STES:DSD_STES@DF_CLI(4.1),TUR,M,LI,IX,_Z,AA,IX,_Z,H,2000-10,101.7736,A,0,2,
OECD.SDD.STES:DSD_STES@DF_CLI(4.1),TUR,M,LI,IX,_Z,AA,IX,_Z,H,2000-09,103.2638,A,0,2,
OECD.SDD.STES:DSD_STES@DF_CLI(4.1),TUR,M,LI,IX,_Z,AA,IX,_Z,H,2000-08,104.3598,A,0,2,
OECD.SDD.STES:DSD_STES@DF_CLI(4.1),TUR,M,LI,IX,_Z,AA,IX,_Z,H,2000-07,105.1717,A,0,2,
OECD.SDD.STES:DSD_STES@DF_CLI(4.1),TUR,M,LI,IX,_Z,AA,IX,_Z,H,2000-06,105.7993,A,0,2,
OECD.SDD.STES:DSD_STES@DF_CLI(4.1),TUR,M,LI,IX,_Z,AA,IX,_Z,H,2000-05,106.2726,A,0,2,
OECD.SDD.STES:DSD_STES@DF_CLI(4.1),TUR,M,LI,IX,_Z,AA,IX,_Z,H,2000-04,106.5283,A,0,2,
OECD.SDD.STES:DSD_STES@DF_CLI(4.1),TUR,M,LI,IX,_Z,AA,IX,_Z,H,2000-03,106.4439,A,0,2,
OECD.SDD.STES:DSD_STES@DF_CLI(4.1),TUR,M,LI,IX,_Z,AA,IX,_Z,H,2000-02,105.9052,A,0,2,
OECD.SDD.STES:DSD_STES@DF_CLI(4.1),TUR,M,LI,IX,_Z,AA,IX,_Z,H,2000-01,104.9507,A,0,2,
OECD.SDD.STES:DSD_STES@DF_CLI(4.1),TUR,M,LI,IX,_Z,AA,IX,_Z,H,2026-09,100.7265,A,0,2,
OECD.SDD.STES:DSD_STES@DF_CLI(4.1),TUR,M,LI,IX,_Z,AA,IX,_Z,H,2026-08,100.4566,A,0,2,
OECD.SDD.STES:DSD_STES@DF_CLI(4.1),TUR,M,LI,IX,_Z,AA,IX,_Z,H,2026-07,100.1765,A,0,2,
OECD.SDD.STES:DSD_STES@DF_CLI(4.1),TUR,M,LI,IX,_Z,AA,IX,_Z,H,2026-06,99.96667,A,0,2,
OECD.SDD.STES:DSD_STES@DF_CLI(4.1),TUR,M,LI,IX,_Z,AA,IX,_Z,H,2026-05,99.87438,A,0,2,
OECD.SDD.STES:DSD_STES@DF_CLI(4.1),TUR,M,LI,IX,_Z,AA,IX,_Z,H,2026-04,99.92237,A,0,2,
OECD.SDD.STES:DSD_STES@DF_CLI(4.1),TUR,M,LI,IX,_Z,AA,IX,_Z,H,2026-03,100.0824,A,0,2,
OECD.SDD.STES:DSD_STES@DF_CLI(4.1),TUR,M,LI,IX,_Z,AA,IX,_Z,H,2026-02,100.2565,A,0,2,
OECD.SDD.STES:DSD_STES@DF_CLI(4.1),TUR,M,LI,IX,_Z,AA,IX,_Z,H,2026-01,100.346,A,0,2,
OECD.SDD.STES:DSD_STES@DF_CLI(4.1),TUR,M,LI,IX,_Z,AA,IX,_Z,H,2025-12,100.2981,A,0,2,
OECD.SDD.STES:DSD_STES@DF_CLI(4.1),TUR,M,LI,IX,_Z,AA,IX,_Z,H,2025-11,100.1099,A,0,2,
OECD.SDD.STES:DSD_STES@DF_CLI(4.1),TUR,M,LI,IX,_Z,AA,IX,_Z,H,2025-10,99.85944,A,0,2,
OECD.SDD.STES:DSD_STES@DF_CLI(4.1),TUR,M,LI,IX,_Z,AA,IX,_Z,H,2025-09,99.58943,A,0,2,
OECD.SDD.STES:DSD_STES@DF_CLI(4.1),TUR,M,LI,IX,_Z,AA,IX,_Z,H,2025-08,99.3432,A,0,2,
OECD.SDD.STES:DSD_STES@DF_CLI(4.1),TUR,M,LI,IX,_Z,AA,IX,_Z,H,2025-07,99.14619,A,0,2,
OECD.SDD.STES:DSD_STES@DF_CLI(4.1),TUR,M,LI,IX,_Z,AA,IX,_Z,H,2025-06,99.06768,A,0,2,
OECD.SDD.STES:DSD_STES@DF_CLI(4.1),TUR,M,LI,IX,_Z,AA,IX,_Z,H,2025-05,99.16105,A,0,2,
OECD.SDD.STES:DSD_STES@DF_CLI(4.1),TUR,M,LI,IX,_Z,AA,IX,_Z,H,2018-07,97.70762,A,0,2,
OECD.SDD.STES:DSD_STES@DF_CLI(4.1),TUR,M,LI,IX,_Z,AA,IX,_Z,H,2018-06,98.91985,A,0,2,
OECD.SDD.STES:DSD_STES@DF_CLI(4.1),TUR,M,LI,IX,_Z,AA,IX,_Z,H,2018-05,100.033,A,0,2,
OECD.SDD.STES:DSD_STES@DF_CLI(4.1),TUR,M,LI,IX,_Z,AA,IX,_Z,H,2018-04,100.9995,A,0,2,
OECD.SDD.STES:DSD_STES@DF_CLI(4.1),TUR,M,LI,IX,_Z,AA,IX,_Z,H,2018-03,101.8025,A,0,2,
OECD.SDD.STES:DSD_STES@DF_CLI(4.1),TUR,M,LI,IX,_Z,AA,IX,_Z,H,2018-02,102.4198,A,0,2,
OECD.SDD.STES:DSD_STES@DF_CLI(4.1),TUR,M,LI,IX,_Z,AA,IX,_Z,H,2018-01,102.8496,A,0,2,
OECD.SDD.STES:DSD_STES@DF_CLI(4.1),TUR,M,LI,IX,_Z,AA,IX,_Z,H,2017-12,103.118,A,0,2,
OECD.SDD.STES:DSD_STES@DF_CLI(4.1),TUR,M,LI,IX,_Z,AA,IX,_Z,H,2017-11,103.2735,A,0,2,
OECD.SDD.STES:DSD_STES@DF_CLI(4.1),TUR,M,LI,IX,_Z,AA,IX,_Z,H,2017-10,103.2977,A,0,2,
OECD.SDD.STES:DSD_STES@DF_CLI(4.1),TUR,M,LI,IX,_Z,AA,IX,_Z,H,2017-09,103.1675,A,0,2,
OECD.SDD.STES:DSD_STES@DF_CLI(4.1),TUR,M,LI,IX,_Z,AA,IX,_Z,H,2017-08,102.8666,A,0,2,
OECD.SDD.STES:DSD_STES@DF_CLI(4.1),TUR,M,LI,IX,_Z,AA,IX,_Z,H,2017-07,102.4427,A,0,2,
OECD.SDD.STES:DSD_STES@DF_CLI(4.1),TUR,M,LI,IX,_Z,AA,IX,_Z,H,2017-06,101.9659,A,0,2,
OECD.SDD.STES:DSD_STES@DF_CLI(4.1),TUR,M,LI,IX,_Z,AA,IX,_Z,H,2017-05,101.5366,A,0,2,
OECD.SDD.STES:DSD_STES@DF_CLI(4.1),TUR,M,LI,IX,_Z,AA,IX,_Z,H,2017-04,101.1952,A,0,2,
OECD.SDD.STES:DSD_STES@DF_CLI(4.1),ESP,M,LI,IX,_Z,AA,IX,_Z,H,2004-06,99.66091,A,0,2,
OECD.SDD.STES:DSD_STES@DF_CLI(4.1),ESP,M,LI,IX,_Z,AA,IX,_Z,H,2004-05,99.58576,A,0,2,
OECD.SDD.STES:DSD_STES@DF_CLI(4.1),ESP,M,LI,IX,_Z,AA,IX,_Z,H,2004-04,99.51234,A,0,2,
OECD.SDD.STES:DSD_STES@DF_CLI(4.1),ESP,M,LI,IX,_Z,AA,IX,_Z,H,2004-03,99.42928,A,0,2,
OECD.SDD.STES:DSD_STES@DF_CLI(4.1),ESP,M,LI,IX,_Z,AA,IX,_Z,H,2004-02,99.32999,A,0,2,
OECD.SDD.STES:DSD_STES@DF_CLI(4.1),ESP,M,LI,IX,_Z,AA,IX,_Z,H,2004-01,99.20385,A,0,2,
OECD.SDD.STES:DSD_STES@DF_CLI(4.1),ESP,M,LI,IX,_Z,AA,IX,_Z,H,2003-12,99.04597,A,0,2,
OECD.SDD.STES:DSD_STES@DF_CLI(4.1),ESP,M,LI,IX,_Z,AA,IX,_Z,H,2003-11,98.84878,A,0,2,
OECD.SDD.STES:DSD_STES@DF_CLI(4.1),ESP,M,LI,IX,_Z,AA,IX,_Z,H,2003-10,98.61589,A,0,2,
OECD.SDD.STES:DSD_STES@DF_CLI(4.1),ESP,M,LI,IX,_Z,AA,IX,_Z,H,2003-09,98.36365,A,0,2,
OECD.SDD.STES:DSD_STES@DF_CLI(4.1),ESP,M,LI,IX,_Z,AA,IX,_Z,H,2003-08,98.09847,A,0,2,
OECD.SDD.STES:DSD_STES@DF_CLI(4.1),ESP,M,LI,IX,_Z,AA,IX,_Z,H,2003-07,97.83464,A,0,2,
OECD.SDD.STES:DSD_STES@DF_CLI(4.1),ESP,M,LI,IX,_Z,AA,IX,_Z,H,2003-06,97.58075,A,0,2,
OECD.SDD.STES:DSD_STES@DF_CLI(4.1),ESP,M,LI,IX,_Z,AA,IX,_Z,H,2003-05,97.34116,A,0,2,
OECD.SDD.STES:DSD_STES@DF_CLI(4.1),ESP,M,LI,IX,_Z,AA,IX,_Z,H,2003-04,97.13208,A,0,2,
OECD.SDD.STES:DSD_STES@DF_CLI(4.1),ESP,M,LI,IX,_Z,AA,IX,_Z,H,2003-03,96.9735,A,0,2,
OECD.SDD.STES:DSD_STES@DF_CLI(4.1),ESP,M,LI,IX,_Z,AA,IX,_Z,H,2003-02,96.87997,A,0,2,
OECD.SDD.STES:DSD_STES@DF_CLI(4.1),ESP,M,LI,IX,_Z,AA,IX,_Z,H,2003-01,96.84507,A,0,2,
OECD.SDD.STES:DSD_STES@DF_CLI(4.1),ESP,M,LI,IX,_Z,AA,IX,_Z,H,2002-12,96.85417,A,0,2,
OECD.SDD.STES:DSD_STES@DF_CLI(4.1),ESP,M,LI,IX,_Z,AA,IX,_Z,H,2002-11,96.88603,A,0,2,
OECD.SDD.STES:DSD_STES@DF_CLI(4.1),ESP,M,LI,IX,_Z,AA,IX,_Z,H,2002-10,96.91238,A,0,2,
OECD.SDD.STES:DSD_STES@DF_CLI(4.1),ESP,M,LI,IX,_Z,AA,IX,_Z,H,2002-09,96.93574,A,0,2,
OECD.SDD.STES:DSD_STES@DF_CLI(4.1),ESP,M,LI,IX,_Z,AA,IX,_Z,H,2002-08,96.97125,A,0,2,
OECD.SDD.STES:DSD_STES@DF_CLI(4.1),ESP,M,LI,IX,_Z,AA,IX,_Z,H,2002-07,97.04767,A,0,2,
OECD.SDD.STES:DSD_STES@DF_CLI(4.1),ESP,M,LI,IX,_Z,AA,IX,_Z,H,2002-06,97.16858,A,0,2,
OECD.SDD.STES:DSD_STES@DF_CLI(4.1),ESP,M,LI,IX,_Z,AA,IX,_Z,H,2002-05,97.32619,A,0,2,
OECD.SDD.STES:DSD_STES@DF_CLI(4.1),ESP,M,LI,IX,_Z,AA,IX,_Z,H,2002-04,97.50923,A,0,2,
OECD.SDD.STES:DSD_STES@DF_CLI(4.1),ESP,M,LI,IX,_Z,AA,IX,_Z,H,2002-03,97.7194,A,0,2,
OECD.SDD.STES:DSD_STES@DF_CLI(4.1),ESP,M,LI,IX,_Z,AA,IX,_Z,H,2002-02,97.9514,A,0,2,
OECD.SDD.STES:DSD_STES@DF_CLI(4.1),ESP,M,LI,IX,_Z,AA,IX,_Z,H,2002-01,98.19324,A,0,2,
OECD.SDD.STES:DSD_STES@DF_CLI(4.1),ESP,M,LI,IX,_Z,AA,IX,_Z,H,2001-12,98.43626,A,0,2,
OECD.SDD.STES:DSD_STES@DF_CLI(4.1),ESP,M,LI,IX,_Z,AA,IX,_Z,H,2001-11,98.67054,A,0,2,
OECD.SDD.STES:DSD_STES@DF_CLI(4.1),ESP,M,LI,IX,_Z,AA,IX,_Z,H,2001-10,98.89716,A,0,2,
OECD.SDD.STES:DSD_STES@DF_CLI(4.1),ESP,M,LI,IX,_Z,AA,IX,_Z,H,2001-09,99.12714,A,0,2,
OECD.SDD.STES:DSD_STES@DF_CLI(4.1),ESP,M,LI,IX,_Z,AA,IX,_Z,H,2001-08,99.37958,A,0,2,
OECD.SDD.STES:DSD_STES@DF_CLI(4.1),ESP,M,LI,IX,_Z,AA,IX,_Z,H,2001-07,99.65866,A,0,2,
OECD.SDD.STES:DSD_STES@DF_CLI(4.1),ESP,M,LI,IX,_Z,AA,IX,_Z,H,2001-06,99.96304,A,0,2,
OECD.SDD.STES:DSD_STES@DF_CLI(4.1),ESP,M,LI,IX,_Z,AA,IX,_Z,H,2001-05,100.2712,A,0,2,
OECD.SDD.STES:DSD_STES@DF_CLI(4.1),ESP,M,LI,IX,_Z,AA,IX,_Z,H,2001-04,100.5616,A,0,2,
OECD.SDD.STES:DSD_STES@DF_CLI(4.1),ESP,M,LI,IX,_Z,AA,IX,_Z,H,2001-03,100.8254,A,0,2,
OECD.SDD.STES:DSD_STES@DF_CLI(4.1),ESP,M,LI,IX,_Z,AA,IX,_Z,H,2001-02,101.0538,A,0,2,
OECD.SDD.STES:DSD_STES@DF_CLI(4.1),ESP,M,LI,IX,_Z,AA,IX,_Z,H,2001-01,101.2553,A,0,2,
OECD.SDD.STES:DSD_STES@DF_CLI(4.1),ESP,M,LI,IX,_Z,AA,IX,_Z,H,2000-12,101.4432,A,0,2,
OECD.SDD.STES:DSD_STES@DF_CLI(4.1),ESP,M,LI,IX,_Z,AA,IX,_Z,H,2000-11,101.6331,A,0,2,
OECD.SDD.STES:DSD_STES@DF_CLI(4.1),ESP,M,LI,IX,_Z,AA,IX,_Z,H,2000-10,101.8362,A,0,2,
OECD.SDD.STES:DSD_STES@DF_CLI(4.1),ESP,M,LI,IX,_Z,AA,IX,_Z,H,2000-09,102.0674,A,0,2,
OECD.SDD.STES:DSD_STES@DF_CLI(4.1),ESP,M,LI,IX,_Z,AA,IX,_Z,H,2000-08,102.33,A,0,2,
OECD.SDD.STES:DSD_STES@DF_CLI(4.1),ESP,M,LI,IX,_Z,AA,IX,_Z,H,2000-07,102.6108,A,0,2,
OECD.SDD.STES:DSD_STES@DF_CLI(4.1),ESP,M,LI,IX,_Z,AA,IX,_Z,H,2000-06,102.8904,A,0,2,
OECD.SDD.STES:DSD_STES@DF_CLI(4.1),ESP,M,LI,IX,_Z,AA,IX,_Z,H,2000-05,103.1474,A,0,2,
OECD.SDD.STES:DSD_STES@DF_CLI(4.1),ESP,M,LI,IX,_Z,AA,IX,_Z,H,2000-04,103.3596,A,0,2,
OECD.SDD.STES:DSD_STES@DF_CLI(4.1),ESP,M,LI,IX,_Z,AA,IX,_Z,H,2000-03,103.5018,A,0,2,
OECD.SDD.STES:DSD_STES@DF_CLI(4.1),ESP,M,LI,IX,_Z,AA,IX,_Z,H,2000-02,103.5574,A,0,2,
OECD.SDD.STES:DSD_STES@DF_CLI(4.1),ESP,M,LI,IX,_Z,AA,IX,_Z,H,2000-01,103.5323,A,0,2,
OECD.SDD.STES:DSD_STES@DF_CLI(4.1),ESP,M,LI,IX,_Z,AA,IX,_Z,H,2023-07,99.26932,A,0,2,
OECD.SDD.STES:DSD_STES@DF_CLI(4.1),ESP,M,LI,IX,_Z,AA,IX,_Z,H,2023-06,99.31023,A,0,2,
OECD.SDD.STES:DSD_STES@DF_CLI(4.1),ESP,M,LI,IX,_Z,AA,IX,_Z,H,2023-05,99.36181,A,0,2,
OECD.SDD.STES:DSD_STES@DF_CLI(4.1),ESP,M,LI,IX,_Z,AA,IX,_Z,H,2023-04,99.43137,A,0,2,
OECD.SDD.STES:DSD_STES@DF_CLI(4.1),ESP,M,LI,IX,_Z,AA,IX,_Z,H,2023-03,99.50874,A,0,2,
OECD.SDD.STES:DSD_STES@DF_CLI(4.1),TUR,M,LI,IX,_Z,AA,IX,_Z,H,2011-01,102.2225,A,0,2,
OECD.SDD.STES:DSD_STES@DF_CLI(4.1),TUR,M,LI,IX,_Z,AA,IX,_Z,H,2010-12,102.2457,A,0,2,
OECD.SDD.STES:DSD_STES@DF_CLI(4.1),TUR,M,LI,IX,_Z,AA,IX,_Z,H,2018-12,95.16743,A,0,2,
OECD.SDD.STES:DSD_STES@DF_CLI(4.1),TUR,M,LI,IX,_Z,AA,IX,_Z,H,2018-11,95.01263,A,0,2,
OECD.SDD.STES:DSD_STES@DF_CLI(4.1),TUR,M,LI,IX,_Z,AA,IX,_Z,H,2008-03,103.3864,A,0,2,
OECD.SDD.STES:DSD_STES@DF_CLI(4.1),TUR,M,LI,IX,_Z,AA,IX,_Z,H,2008-02,104.0075,A,0,2,
OECD.SDD.STES:DSD_STES@DF_CLI(4.1),TUR,M,LI,IX,_Z,AA,IX,_Z,H,2008-01,104.2938,A,0,2,
OECD.SDD.STES:DSD_STES@DF_CLI(4.1),TUR,M,LI,IX,_Z,AA,IX,_Z,H,2007-12,104.3073,A,0,2,
OECD.SDD.STES:DSD_STES@DF_CLI(4.1),TUR,M,LI,IX,_Z,AA,IX,_Z,H,2007-11,104.115,A,0,2,
OECD.SDD.STES:DSD_STES@DF_CLI(4.1),TUR,M,LI,IX,_Z,AA,IX,_Z,H,2007-10,103.8042,A,0,2,
OECD.SDD.STES:DSD_STES@DF_CLI(4.1),TUR,M,LI,IX,_Z,AA,IX,_Z,H,2007-09,103.441,A,0,2,
OECD.SDD.STES:DSD_STES@DF_CLI(4.1),TUR,M,LI,IX,_Z,AA,IX,_Z,H,2007-08,103.0433,A,0,2,
OECD.SDD.STES:DSD_STES@DF_CLI(4.1),TUR,M,LI,IX,_Z,AA,IX,_Z,H,2007-07,102.668,A,0,2,
OECD.SDD.STES:DSD_STES@DF_CLI(4.1),TUR,M,LI,IX,_Z,AA,IX,_Z,H,2007-06,102.3491,A,0,2,
OECD.SDD.STES:DSD_STES@DF_CLI(4.1),TUR,M,LI,IX,_Z,AA,IX,_Z,H,2007-05,102.1909,A,0,2,
OECD.SDD.STES:DSD_STES@DF_CLI(4.1),TUR,M,LI,IX,_Z,AA,IX,_Z,H,2007-04,102.1877,A,0,2,
OECD.SDD.STES:DSD_STES@DF_CLI(4.1),TUR,M,LI,IX,_Z,AA,IX,_Z,H,2007-03,102.2219,A,0,2,
OECD.SDD.STES:DSD_STES@DF_CLI(4.1),TUR,M,LI,IX,_Z,AA,IX,_Z,H,2007-02,102.1776,A,0,2,
OECD.SDD.STES:DSD_STES@DF_CLI(4.1),TUR,M,LI,IX,_Z,AA,IX,_Z,H,2007-01,101.9885,A,0,2,
OECD.SDD.STES:DSD_STES@DF_CLI(4.1),TUR,M,LI,IX,_Z,AA,IX,_Z,H,2006-12,101.5988,A,0,2,
OECD.SDD.STES:DSD_STES@DF_CLI(4.1),TUR,M,LI,IX,_Z,AA,IX,_Z,H,2006-11,101.106,A,0,2,
OECD.SDD.STES:DSD_STES@DF_CLI(4.1),TUR,M,LI,IX,_Z,AA,IX,_Z,H,2006-10,100.6177,A,0,2,
OECD.SDD.STES:DSD_STES@DF_CLI(4.1),TUR,M,LI,IX,_Z,AA,IX,_Z,H,2006-09,100.2401,A,0,2,
OECD.SDD.STES:DSD_STES@DF_CLI(4.1),TUR,M,LI,IX,_Z,AA,IX,_Z,H,2025-04,99.42909,A,0,2,
OECD.SDD.STES:DSD_STES@DF_CLI(4.1),TUR,M,LI,IX,_Z,AA,IX,_Z,H,2025-03,99.77,A,0,2,
OECD.SDD.STES:DSD_STES@DF_CLI(4.1),TUR,M,LI,IX,_Z,AA,IX,_Z,H,2025-02,100.0806,A,0,2,
OECD.SDD.STES:DSD_STES@DF_CLI(4.1),TUR,M,LI,IX,_Z,AA,IX,_Z,H,2025-01,100.2344,A,0,2,
OECD.SDD.STES:DSD_STES@DF_CLI(4.1),TUR,M,LI,IX,_Z,AA,IX,_Z,H,2024-12,100.1843,A,0,2,
OECD.SDD.STES:DSD_STES@DF_CLI(4.1),TUR,M,LI,IX,_Z,AA,IX,_Z,H,2024-11,99.94418,A,0,2,
OECD.SDD.STES:DSD_STES@DF_CLI(4.1),TUR,M,LI,IX,_Z,AA,IX,_Z,H,2024-10,99.59042,A,0,2,
OECD.SDD.STES:DSD_STES@DF_CLI(4.1),TUR,M,LI,IX,_Z,AA,IX,_Z,H,2024-09,99.21754,A,0,2,
OECD.SDD.STES:DSD_STES@DF_CLI(4.1),TUR,M,LI,IX,_Z,AA,IX,_Z,H,2024-08,98.92073,A,0,2,
OECD.SDD.STES:DSD_STES@DF_CLI(4.1),TUR,M,LI,IX,_Z,AA,IX,_Z,H,2024-07,98.73571,A,0,2,
OECD.SDD.STES:DSD_STES@DF_CLI(4.1),TUR,M,LI,IX,_Z,AA,IX,_Z,H,2024-06,98.6199,A,0,2,
OECD.SDD.STES:DSD_STES@DF_CLI(4.1),TUR,M,LI,IX,_Z,AA,IX,_Z,H,2024-05,98.54094,A,0,2,
OECD.SDD.STES:DSD_STES@DF_CLI(4.1),TUR,M,LI,IX,_Z,AA,IX,_Z,H,2024-04,98.49456,A,0,2,
OECD.SDD.STES:DSD_STES@DF_CLI(4.1),TUR,M,LI,IX,_Z,AA,IX,_Z,H,2014-02,99.35198,A,0,2,
OECD.SDD.STES:DSD_STES@DF_CLI(4.1),TUR,M,LI,IX,_Z,AA,IX,_Z,H,2014-01,99.35568,A,0,2,
OECD.SDD.STES:DSD_STES@DF_CLI(4.1),TUR,M,LI,IX,_Z,AA,IX,_Z,H,2013-12,99.56784,A,0,2,
OECD.SDD.STES:DSD_STES@DF_CLI(4.1),TUR,M,LI,IX,_Z,AA,IX,_Z,H,2013-11,99.89898,A,0,2,
OECD.SDD.STES:DSD_STES@DF_CLI(4.1),TUR,M,LI,IX,_Z,AA,IX,_Z,H,2013-10,100.2432,A,0,2,
OECD.SDD.STES:DSD_STES@DF_CLI(4.1),TUR,M,LI,IX,_Z,AA,IX,_Z,H,2013-09,100.5211,A,0,2,
OECD.SDD.STES:DSD_STES@DF_CLI(4.1),TUR,M,LI,IX,_Z,AA,IX,_Z,H,2013-08,100.7296,A,0,2,
OECD.SDD.STES:DSD_STES@DF_CLI(4.1),TUR,M,LI,IX,_Z,AA,IX,_Z,H,2013-07,100.8966,A,0,2,
OECD.SDD.STES:DSD_STES@DF_CLI(4.1),TUR,M,LI,IX,_Z,AA,IX,_Z,H,2013-06,101.0064,A,0,2,
OECD.SDD.STES:DSD_STES@DF_CLI(4.1),TUR,M,LI,IX,_Z,AA,IX,_Z,H,2005-08,100.318,A,0,2,
OECD.SDD.STES:DSD_STES@DF_CLI(4.1),TUR,M,LI,IX,_Z,AA,IX,_Z,H,2005-07,100.0786,A,0,2,
OECD.SDD.STES:DSD_STES@DF_CLI(4.1),TUR,M,LI,IX,_Z,AA,IX,_Z,H,2005-06,100.0504,A,0,2,
OECD.SDD.STES:DSD_STES@DF_CLI(4.1),TUR,M,LI,IX,_Z,AA,IX,_Z,H,2005-05,100.2843,A,0,2,
OECD.SDD.STES:DSD_STES@DF_CLI(4.1),TUR,M,LI,IX,_Z,AA,IX,_Z,H,2005-04,100.7019,A,0,2,
OECD.SDD.STES:DSD_STES@DF_CLI(4.1),TUR,M,LI,IX,_Z,AA,IX,_Z,H,2005-03,101.1927,A,0,2,
OECD.SDD.STES:DSD_STES@DF_CLI(4.1),TUR,M,LI,IX,_Z,AA,IX,_Z,H,2005-02,101.6426,A,0,2,
OECD.SDD.STES:DSD_STES@DF_CLI(4.1),TUR,M,LI,IX,_Z,AA,IX,_Z,H,2005-01,101.9482,A,0,2,
OECD.SDD.STES:DSD_STES@DF_CLI(4.1),TUR,M,LI,IX,_Z,AA,IX,_Z,H,2004-12,102.0625,A,0,2,
OECD.SDD.STES:DSD_STES@DF_CLI(4.1),TUR,M,LI,IX,_Z,AA,IX,_Z,H,2004-11,101.982,A,0,2,
OECD.SDD.STES:DSD_STES@DF_CLI(4.1),TUR,M,LI,IX,_Z,AA,IX,_Z,H,2004-10,101.785,A,0,2,
OECD.SDD.STES:DSD_STES@DF_CLI(4.1),TUR,M,LI,IX,_Z,AA,IX,_Z,H,2004-09,101.5124,A,0,2,
OECD.SDD.STES:DSD_STES@DF_CLI(4.1),TUR,M,LI,IX,_Z,AA,IX,_Z,H,2004-08,101.2524,A,0,2,
OECD.SDD.STES:DSD_STES@DF_CLI(4.1),TUR,M,LI,IX,_Z,AA,IX,_Z,H,2004-07,101.0986,A,0,2,
OECD.SDD.STES:DSD_STES@DF_CLI(4.1),TUR,M,LI,IX,_Z,AA,IX,_Z,H,2004-06,101.0852,A,0,2,
OECD.SDD.STES:DSD_STES@DF_CLI(4.1),TUR,M,LI,IX,_Z,AA,IX,_Z,H,2004-05,101.234,A,0,2,
OECD.SDD.STES:DSD_STES@DF_CLI(4.1),TUR,M,LI,IX,_Z,AA,IX,_Z,H,2024-03,98.49104,A,0,2,
OECD.SDD.STES:DSD_STES@DF_CLI(4.1),TUR,M,LI,IX,_Z,AA,IX,_Z,H,2024-02,98.51078,A,0,2,
OECD.SDD.STES:DSD_STES@DF_CLI(4.1),TUR,M,LI,IX,_Z,AA,IX,_Z,H,2024-01,98.5597,A,0,2,
OECD.SDD.STES:DSD_STES@DF_CLI(4.1),TUR,M,LI,IX,_Z,AA,IX,_Z,H,2023-12,98.66022,A,0,2,
OECD.SDD.STES:DSD_STES@DF_CLI(4.1),TUR,M,LI,IX,_Z,AA,IX,_Z,H,2023-11,98.87923,A,0,2,
OECD.SDD.STES:DSD_STES@DF_CLI(4.1),TUR,M,LI,IX,_Z,AA,IX,_Z,H,2023-10,99.22635,A,0,2,
OECD.SDD.STES:DSD_STES@DF_CLI(4.1),TUR,M,LI,IX,_Z,AA,IX,_Z,H,2023-09,99.67446,A,0,2,
OECD.SDD.STES:DSD_STES@DF_CLI(4.1),TUR,M,LI,IX,_Z,AA,IX,_Z,H,2023-08,100.1631,A,0,2,
OECD.SDD.STES:DSD_STES@DF_CLI(4.1),TUR,M,LI,IX,_Z,AA,IX,_Z,H,2023-07,100.5968,A,0,2,
OECD.SDD.STES:DSD_STES@DF_CLI(4.1),TUR,M,LI,IX,_Z,AA,IX,_Z,H,2023-06,100.9178,A,0,2,
OECD.SDD.STES:DSD_STES@DF_CLI(4.1),TUR,M,LI,IX,_Z,AA,IX,_Z,H,2023-05,101.1251,A,0,2,
OECD.SDD.STES:DSD_STES@DF_CLI(4.1),TUR,M,LI,IX,_Z,AA,IX,_Z,H,2023-04,101.1659,A,0,2,
OECD.SDD.STES:DSD_STES@DF_CLI(4.1),TUR,M,LI,IX,_Z,AA,IX,_Z,H,2023-03,101.0782,A,0,2,
OECD.SDD.STES:DSD_STES@DF_CLI(4.1),TUR,M,LI,IX,_Z,AA,IX,_Z,H,2023-02,100.937,A,0,2,
OECD.SDD.STES:DSD_STES@DF_CLI(4.1),TUR,M,LI,IX,_Z,AA,IX,_Z,H,2023-01,100.8075,A,0,2,
OECD.SDD.STES:DSD_STES@DF_CLI(4.1),TUR,M,LI,IX,_Z,AA,IX,_Z,H,2022-12,100.6684,A,0,2,
OECD.SDD.STES:DSD_STES@DF_CLI(4.1),TUR,M,LI,IX,_Z,AA,IX,_Z,H,2022-11,100.5439,A,0,2,
OECD.SDD.STES:DSD_STES@DF_CLI(4.1),TUR,M,LI,IX,_Z,AA,IX,_Z,H,2022-10,100.4615,A,0,2,
OECD.SDD.STES:DSD_STES@DF_CLI(4.1),TUR,M,LI,IX,_Z,AA,IX,_Z,H,2022-09,100.4285,A,0,2,
OECD.SDD.STES:DSD_STES@DF_CLI(4.1),TUR,M,LI,IX,_Z,AA,IX,_Z,H,2022-08,100.4212,A,0,2,
OECD.SDD.STES:DSD_STES@DF_CLI(4.1),TUR,M,LI,IX,_Z,AA,IX,_Z,H,2022-07,100.4654,A,0,2,
OECD.SDD.STES:DSD_STES@DF_CLI(4.1),TUR,M,LI,IX,_Z,AA,IX,_Z,H,2022-06,100.6275,A,0,2,
OECD.SDD.STES:DSD_STES@DF_CLI(4.1),TUR,M,LI,IX,_Z,AA,IX,_Z,H,2022-05,100.8767,A,0,2,
OECD.SDD.STES:DSD_STES@DF_CLI(4.1),TUR,M,LI,IX,_Z,AA,IX,_Z,H,2022-04,101.1598,A,0,2,
OECD.SDD.STES:DSD_STES@DF_CLI(4.1),TUR,M,LI,IX,_Z,AA,IX,_Z,H,2022-03,101.4792,A,0,2,
OECD.SDD.STES:DSD_STES@DF_CLI(4.1),TUR,M,LI,IX,_Z,AA,IX,_Z,H,2022-02,101.8552,A,0,2,
OECD.SDD.STES:DSD_STES@DF_CLI(4.1),TUR,M,LI,IX,_Z,AA,IX,_Z,H,2022-01,102.2436,A,0,2,
OECD.SDD.STES:DSD_STES@DF_CLI(4.1),TUR,M,LI,IX,_Z,AA,IX,_Z,H,2002-12,99.78194,A,0,2,
OECD.SDD.STES:DSD_STES@DF_CLI(4.1),TUR,M,LI,IX,_Z,AA,IX,_Z,H,2002-11,99.93317,A,0,2,
OECD.SDD.STES:DSD_STES@DF_CLI(4.1),TUR,M,LI,IX,_Z,AA,IX,_Z,H,2002-10,99.8423,A,0,2,
OECD.SDD.STES:DSD_STES@DF_CLI(4.1),TUR,M,LI,IX,_Z,AA,IX,_Z,H,2002-09,99.67294,A,0,2,
OECD.SDD.STES:DSD_STES@DF_CLI(4.1),TUR,M,LI,IX,_Z,AA,IX,_Z,H,2002-08,99.60741,A,0,2,
OECD.SDD.STES:DSD_STES@DF_CLI(4.1),TUR,M,LI,IX,_Z,AA,IX,_Z,H,2002-07,99.67371,A,0,2,
OECD.SDD.STES:DSD_STES@DF_CLI(4.1),TUR,M,LI,IX,_Z,AA,IX,_Z,H,2002-06,99.85831,A,0,2,
OECD.SDD.STES:DSD_STES@DF_CLI(4.1),TUR,M,LI,IX,_Z,AA,IX,_Z,H,2002-05,100.0571,A,0,2,
OECD.SDD.STES:DSD_STES@DF_CLI(4.1),TUR,M,LI,IX,_Z,AA,IX,_Z,H,2002-04,100.0949,A,0,2,
OECD.SDD.STES:DSD_STES@DF_CLI(4.1),TUR,M,LI,IX,_Z,AA,IX,_Z,H,2002-03,99.89612,A,0,2,
OECD.SDD.STES:DSD_STES@DF_CLI(4.1),TUR,M,LI,IX,_Z,AA,IX,_Z,H,2002-02,99.4421,A,0,2,
OECD.SDD.STES:DSD_STES@DF_CLI(4.1),TUR,M,LI,IX,_Z,AA,IX,_Z,H,2002-01,98.76334,A,0,2,
OECD.SDD.STES:DSD_STES@DF_CLI(4.1),TUR,M,LI,IX,_Z,AA,IX,_Z,H,2001-12,97.87333,A,0,2,
OECD.SDD.STES:DSD_STES@DF_CLI(4.1),TUR,M,LI,IX,_Z,AA,IX,_Z,H,2001-11,96.87203,A,0,2,
OECD.SDD.STES:DSD_STES@DF_CLI(4.1),TUR,M,LI,IX,_Z,AA,IX,_Z,H,2001-10,95.86845,A,0,2,
OECD.SDD.STES:DSD_STES@DF_CLI(4.1),TUR,M,LI,IX,_Z,AA,IX,_Z,H,2001-09,95.0096,A,0,2,
OECD.SDD.STES:DSD_STES@DF_CLI(4.1),TUR,M,LI,IX,_Z,AA,IX,_Z,H,2001-08,94.24503,A,0,2,
OECD.SDD.STES:DSD_STES@DF_CLI(4.1),TUR,M,LI,IX,_Z,AA,IX,_Z,H,2001-07,93.47562,A,0,2,
OECD.SDD.STES:DSD_STES@DF_CLI(4.1),TUR,M,LI,IX,_Z,AA,IX,_Z,H,2001-06,92.71016,A,0,2,
OECD.SDD.STES:DSD_STES@DF_CLI(4.1),TUR,M,LI,IX,_Z,AA,IX,_Z,H,2001-05,92.02869,A,0,2,
OECD.SDD.STES:DSD_STES@DF_CLI(4.1),TUR,M,LI,IX,_Z,AA,IX,_Z,H,2001-04,91.68501,A,0,2,
OECD.SDD.STES:DSD_STES@DF_CLI(4.1),TUR,M,LI,IX,_Z,AA,IX,_Z,H,2001-03,92.08814,A,0,2,
OECD.SDD.STES:DSD_STES@DF_CLI(4.1),TUR,M,LI,IX,_Z,AA,IX,_Z,H,2001-02,93.40717,A,0,2,
OECD.SDD.STES:DSD_STES@DF_CLI(4.1),TUR,M,LI,IX,_Z,AA,IX,_Z,H,2001-01,95.37541,A,0,2,
OECD.SDD.STES:DSD_STES@DF_CLI(4.1),GBR,M,LI,IX,_Z,AA,IX,_Z,H,2013-05,100.809,A,0,2,
OECD.SDD.STES:DSD_STES@DF_CLI(4.1),GBR,M,LI,IX,_Z,AA,IX,_Z,H,2013-04,100.5388,A,0,2,
OECD.SDD.STES:DSD_STES@DF_CLI(4.1),GBR,M,LI,IX,_Z,AA,IX,_Z,H,2013-03,100.2723,A,0,2,
OECD.SDD.STES:DSD_STES@DF_CLI(4.1),GBR,M,LI,IX,_Z,AA,IX,_Z,H,2013-02,100.0232,A,0,2,
OECD.SDD.STES:DSD_STES@DF_CLI(4.1),GBR,M,LI,IX,_Z,AA,IX,_Z,H,2013-01,99.80204,A,0,2,
OECD.SDD.STES:DSD_STES@DF_CLI(4.1),GBR,M,LI,IX,_Z,AA,IX,_Z,H,2012-12,99.6058,A,0,2,
OECD.SDD.STES:DSD_STES@DF_CLI(4.1),GBR,M,LI,IX,_Z,AA,IX,_Z,H,2012-11,99.42854,A,0,2,
OECD.SDD.STES:DSD_STES@DF_CLI(4.1),GBR,M,LI,IX,_Z,AA,IX,_Z,H,2012-10,99.23925,A,0,2,
OECD.SDD.STES:DSD_STES@DF_CLI(4.1),GBR,M,LI,IX,_Z,AA,IX,_Z,H,2012-09,99.02763,A,0,2,
OECD.SDD.STES:DSD_STES@DF_CLI(4.1),GBR,M,LI,IX,_Z,AA,IX,_Z,H,2012-08,98.8024,A,0,2,
OECD.SDD.STES:DSD_STES@DF_CLI(4.1),GBR,M,LI,IX,_Z,AA,IX,_Z,H,2012-07,98.58481,A,0,2,
OECD.SDD.STES:DSD_STES@DF_CLI(4.1),GBR,M,LI,IX,_Z,AA,IX,_Z,H,2010-06,101.2014,A,0,2,
OECD.SDD.STES:DSD_STES@DF_CLI(4.1),GBR,M,LI,IX,_Z,AA,IX,_Z,H,2010-05,101.3849,A,0,2,
OECD.SDD.STES:DSD_STES@DF_CLI(4.1),GBR,M,LI,IX,_Z,AA,IX,_Z,H,2010-04,101.5659,A,0,2,
OECD.SDD.STES:DSD_STES@DF_CLI(4.1),GBR,M,LI,IX,_Z,AA,IX,_Z,H,2010-03,101.7048,A,0,2,
OECD.SDD.STES:DSD_STES@DF_CLI(4.1),GBR,M,LI,IX,_Z,AA,IX,_Z,H,2010-02,101.7837,A,0,2,
OECD.SDD.STES:DSD_STES@DF_CLI(4.1),GBR,M,LI,IX,_Z,AA,IX,_Z,H,2010-01,101.7854,A,0,2,
OECD.SDD.STES:DSD_STES@DF_CLI(4.1),GBR,M,LI,IX,_Z,AA,IX,_Z,H,2009-12,101.6746,A,0,2,
OECD.SDD.STES:DSD_STES@DF_CLI(4.1),GBR,M,LI,IX,_Z,AA,IX,_Z,H,2009-11,101.399,A,0,2,
OECD.SDD.STES:DSD_STES@DF_CLI(4.1),GBR,M,LI,IX,_Z,AA,IX,_Z,H,2009-10,100.9121,A,0,2,
OECD.SDD.STES:DSD_STES@DF_CLI(4.1),GBR,M,LI,IX,_Z,AA,IX,_Z,H,2009-09,100.1865,A,0,2,
OECD.SDD.STES:DSD_STES@DF_CLI(4.1),GBR,M,LI,IX,_Z,AA,IX,_Z,H,2009-08,99.26314,A,0,2,
OECD.SDD.STES:DSD_STES@DF_CLI(4.1),GBR,M,LI,IX,_Z,AA,IX,_Z,H,2009-07,98.21136,A,0,2,
OECD.SDD.STES:DSD_STES@DF_CLI(4.1),GBR,M,LI,IX,_Z,AA,IX,_Z,H,2009-06,97.1234,A,0,2,
OECD.SDD.STES:DSD_STES@DF_CLI(4.1),GBR,M,LI,IX,_Z,AA,IX,_Z,H,2009-05,96.10177,A,0,2,
OECD.SDD.STES:DSD_STES@DF_CLI(4.1),GBR,M,LI,IX,_Z,AA,IX,_Z,H,2009-04,95.21864,A,0,2,
OECD.SDD.STES:DSD_STES@DF_CLI(4.1),GBR,M,LI,IX,_Z,AA,IX,_Z,H,2009-03,94.53062,A,0,2,
OECD.SDD.STES:DSD_STES@DF_CLI(4.1),GBR,M,LI,IX,_Z,AA,IX,_Z,H,2009-02,94.09725,A,0,2,
OECD.SDD.STES:DSD_STES@DF_CLI(4.1),GBR,M,LI,IX,_Z,AA,IX,_Z,H,2009-01,93.93041,A,0,2,
OECD.SDD.STES:DSD_STES@DF_CLI(4.1),GBR,M,LI,IX,_Z,AA,IX,_Z,H,2008-12,94.01823,A,0,2,
OECD.SDD.STES:DSD_STES@DF_CLI(4.1),GBR,M,LI,IX,_Z,AA,IX,_Z,H,2008-11,94.32033,A,0,2,
OECD.SDD.STES:DSD_STES@DF_CLI(4.1),GBR,M,LI,IX,_Z,AA,IX,_Z,H,2008-10,94.83746,A,0,2,
OECD.SDD.STES:DSD_STES@DF_CLI(4.1),GBR,M,LI,IX,_Z,AA,IX,_Z,H,2008-09,95.52715,A,0,2,
OECD.SDD.STES:DSD_STES@DF_CLI(4.1),GBR,M,LI,IX,_Z,AA,IX,_Z,H,2008-08,96.3217,A,0,2,
OECD.SDD.STES:DSD_STES@DF_CLI(4.1),GBR,M,LI,IX,_Z,AA,IX,_Z,H,2008-07,97.17439,A,0,2,
OECD.SDD.STES:DSD_STES@DF_CLI(4.1),GBR,M,LI,IX,_Z,AA,IX,_Z,H,2008-06,98.06326,A,0,2,
OECD.SDD.STES:DSD_STES@DF_CLI(4.1),GBR,M,LI,IX,_Z,AA,IX,_Z,H,2008-05,98.92182,A,0,2,
OECD.SDD.STES:DSD_STES@DF_CLI(4.1),TUR,M,LI,IX,_Z,AA,IX,_Z,H,2017-03,100.9287,A,0,2,
OECD.SDD.STES:DSD_STES@DF_CLI(4.1),TUR,M,LI,IX,_Z,AA,IX,_Z,H,2017-02,100.6955,A,0,2,
OECD.SDD.STES:DSD_STES@DF_CLI(4.1),TUR,M,LI,IX,_Z,AA,IX,_Z,H,2017-01,100.5102,A,0,2,
OECD.SDD.STES:DSD_STES@DF_CLI(4.1),TUR,M,LI,IX,_Z,AA,IX,_Z,H,2016-12,100.4166,A,0,2,
OECD.SDD.STES:DSD_STES@DF_CLI(4.1),TUR,M,LI,IX,_Z,AA,IX,_Z,H,2016-11,100.3422,A,0,2,
OECD.SDD.STES:DSD_STES@DF_CLI(4.1),TUR,M,LI,IX,_Z,AA,IX,_Z,H,2016-10,100.234,A,0,2,
OECD.SDD.STES:DSD_STES@DF_CLI(4.1),TUR,M,LI,IX,_Z,AA,IX,_Z,H,2016-09,100.0757,A,0,2,
OECD.SDD.STES:DSD_STES@DF_CLI(4.1),TUR,M,LI,IX,_Z,AA,IX,_Z,H,2016-08,99.86393,A,0,2,
OECD.SDD.STES:DSD_STES@DF_CLI(4.1),TUR,M,LI,IX,_Z,AA,IX,_Z,H,2016-07,99.64146,A,0,2,
OECD.SDD.STES:DSD_STES@DF_CLI(4.1),TUR,M,LI,IX,_Z,AA,IX,_Z,H,2016-06,99.40165,A,0,2,
OECD.SDD.STES:DSD_STES@DF_CLI(4.1),TUR,M,LI,IX,_Z,AA,IX,_Z,H,2016-05,99.15406,A,0,2,
OECD.SDD.STES:DSD_STES@DF_CLI(4.1),TUR,M,LI,IX,_Z,AA,IX,_Z,H,2016-04,98.9362,A,0,2,
OECD.SDD.STES:DSD_STES@DF_CLI(4.1),TUR,M,LI,IX,_Z,AA,IX,_Z,H,2016-03,98.79971,A,0,2,
OECD.SDD.STES:DSD_STES@DF_CLI(4.1),TUR,M,LI,IX,_Z,AA,IX,_Z,H,2016-02,98.78687,A,0,2,
OECD.SDD.STES:DSD_STES@DF_CLI(4.1),TUR,M,LI,IX,_Z,AA,IX,_Z,H,2016-01,98.89958,A,0,2,
OECD.SDD.STES:DSD_STES@DF_CLI(4.1),TUR,M,LI,IX,_Z,AA,IX,_Z,H,2015-12,99.01537,A,0,2,
OECD.SDD.STES:DSD_STES@DF_CLI(4.1),TUR,M,LI,IX,_Z,AA,IX,_Z,H,2015-11,99.03369,A,0,2,
OECD.SDD.STES:DSD_STES@DF_CLI(4.1),TUR,M,LI,IX,_Z,AA,IX,_Z,H,2015-10,98.96478,A,0,2,
OECD.SDD.STES:DSD_STES@DF_CLI(4.1),TUR,M,LI,IX,_Z,AA,IX,_Z,H,2015-09,98.89262,A,0,2,
OECD.SDD.STES:DSD_STES@DF_CLI(4.1),TUR,M,LI,IX,_Z,AA,IX,_Z,H,2015-08,98.88512,A,0,2,
OECD.SDD.STES:DSD_STES@DF_CLI(4.1),TUR,M,LI,IX,_Z,AA,IX,_Z,H,2015-07,98.95604,A,0,2,
OECD.SDD.STES:DSD_STES@DF_CLI(4.1),TUR,M,LI,IX,_Z,AA,IX,_Z,H,2015-06,99.12415,A,0,2,
OECD.SDD.STES:DSD_STES@DF_CLI(4.1),TUR,M,LI,IX,_Z,AA,IX,_Z,H,2015-05,99.42556,A,0,2,
OECD.SDD.STES:DSD_STES@DF_CLI(4.1),TUR,M,LI,IX,_Z,AA,IX,_Z,H,2015-04,99.75815,A,0,2,
OECD.SDD.STES:DSD_STES@DF_CLI(4.1),TUR,M,LI,IX,_Z,AA,IX,_Z,H,2015-03,100.0793,A,0,2,
OECD.SDD.STES:DSD_STES@DF_CLI(4.1),TUR,M,LI,IX,_Z,AA,IX,_Z,H,2015-02,100.3651,A,0,2,
OECD.SDD.STES:DSD_STES@DF_CLI(4.1),TUR,M,LI,IX,_Z,AA,IX,_Z,H,2015-01,100.5641,A,0,2,
OECD.SDD.STES:DSD_STES@DF_CLI(4.1),TUR,M,LI,IX,_Z,AA,IX,_Z,H,2014-12,100.6752,A,0,2,
OECD.SDD.STES:DSD_STES@DF_CLI(4.1),TUR,M,LI,IX,_Z,AA,IX,_Z,H,2014-11,100.7345,A,0,2,
OECD.SDD.STES:DSD_STES@DF_CLI(4.1),TUR,M,LI,IX,_Z,AA,IX,_Z,H,2014-10,100.7492,A,0,2,
OECD.SDD.STES:DSD_STES@DF_CLI(4.1),TUR,M,LI,IX,_Z,AA,IX,_Z,H,2014-09,100.7184,A,0,2,
OECD.SDD.STES:DSD_STES@DF_CLI(4.1),TUR,M,LI,IX,_Z,AA,IX,_Z,H,2014-08,100.6394,A,0,2,
OECD.SDD.STES:DSD_STES@DF_CLI(4.1),TUR,M,LI,IX,_Z,AA,IX,_Z,H,2014-07,100.5326,A,0,2,
OECD.SDD.STES:DSD_STES@DF_CLI(4.1),TUR,M,LI,IX,_Z,AA,IX,_Z,H,2014-06,100.3781,A,0,2,
OECD.SDD.STES:DSD_STES@DF_CLI(4.1),TUR,M,LI,IX,_Z,AA,IX,_Z,H,2014-05,100.1426,A,0,2,
OECD.SDD.STES:DSD_STES@DF_CLI(4.1),TUR,M,LI,IX,_Z,AA,IX,_Z,H,2014-04,99.84164,A,0,2,
OECD.SDD.STES:DSD_STES@DF_CLI(4.1),TUR,M,LI,IX,_Z,AA,IX,_Z,H,2014-03,99.54325,A,0,2,
OECD.SDD.STES:DSD_STES@DF_CLI(4.1),TUR,M,LI,IX,_Z,AA,IX,_Z,H,2006-08,100.015,A,0,2,
OECD.SDD.STES:DSD_STES@DF_CLI(4.1),TUR,M,LI,IX,_Z,AA,IX,_Z,H,2006-07,99.97266,A,0,2,
OECD.SDD.STES:DSD_STES@DF_CLI(4.1),TUR,M,LI,IX,_Z,AA,IX,_Z,H,2010-11,102.2044,A,0,2,
OECD.SDD.STES:DSD_STES@DF_CLI(4.1),TUR,M,LI,IX,_Z,AA,IX,_Z,H,2010-10,102.1291,A,0,2,
OECD.SDD.STES:DSD_STES@DF_CLI(4.1),TUR,M,LI,IX,_Z,AA,IX,_Z,H,2010-09,101.9956,A,0,2,
OECD.SDD.STES:DSD_STES@DF_CLI(4.1),TUR,M,LI,IX,_Z,AA,IX,_Z,H,2010-08,101.796,A,0,2,
OECD.SDD.STES:DSD_STES@DF_CLI(4.1),TUR,M,LI,IX,_Z,AA,IX,_Z,H,2010-07,101.5546,A,0,2,
OECD.SDD.STES:DSD_STES@DF_CLI(4.1),TUR,M,LI,IX,_Z,AA,IX,_Z,H,2010-06,101.3725,A,0,2,
OECD.SDD.STES:DSD_STES@DF_CLI(4.1),TUR,M,LI,IX,_Z,AA,IX,_Z,H,2010-05,101.2846,A,0,2,
OECD.SDD.STES:DSD_STES@DF_CLI(4.1),TUR,M,LI,IX,_Z,AA,IX,_Z,H,2010-04,101.2867,A,0,2,
OECD.SDD.STES:DSD_STES@DF_CLI(4.1),TUR,M,LI,IX,_Z,AA,IX,_Z,H,2010-03,101.2914,A,0,2,
OECD.SDD.STES:DSD_STES@DF_CLI(4.1),TUR,M,LI,IX,_Z,AA,IX,_Z,H,2010-02,101.2471,A,0,2,
OECD.SDD.STES:DSD_STES@DF_CLI(4.1),TUR,M,LI,IX,_Z,AA,IX,_Z,H,2010-01,101.1343,A,0,2,
OECD.SDD.STES:DSD_STES@DF_CLI(4.1),TUR,M,LI,IX,_Z,AA,IX,_Z,H,2009-12,100.8709,A,0,2,
OECD.SDD.STES:DSD_STES@DF_CLI(4.1),TUR,M,LI,IX,_Z,AA,IX,_Z,H,2009-11,100.4778,A,0,2,
OECD.SDD.STES:DSD_STES@DF_CLI(4.1),TUR,M,LI,IX,_Z,AA,IX,_Z,H,2009-10,100.0073,A,0,2,
OECD.SDD.STES:DSD_STES@DF_CLI(4.1),TUR,M,LI,IX,_Z,AA,IX,_Z,H,2009-09,99.49573,A,0,2,
OECD.SDD.STES:DSD_STES@DF_CLI(4.1),TUR,M,LI,IX,_Z,AA,IX,_Z,H,2009-08,98.96173,A,0,2,
OECD.SDD.STES:DSD_STES@DF_CLI(4.1),TUR,M,LI,IX,_Z,AA,IX,_Z,H,2009-07,98.28601,A,0,2,
OECD.SDD.STES:DSD_STES@DF_CLI(4.1),TUR,M,LI,IX,_Z,AA,IX,_Z,H,2009-06,97.31768,A,0,2,
OECD.SDD.STES:DSD_STES@DF_CLI(4.1),TUR,M,LI,IX,_Z,AA,IX,_Z,H,2009-05,95.9981,A,0,2,
OECD.SDD.STES:DSD_STES@DF_CLI(4.1),TUR,M,LI,IX,_Z,AA,IX,_Z,H,2009-04,94.31476,A,0,2,
OECD.SDD.STES:DSD_STES@DF_CLI(4.1),TUR,M,LI,IX,_Z,AA,IX,_Z,H,2009-03,92.47614,A,0,2,
OECD.SDD.STES:DSD_STES@DF_CLI(4.1),TUR,M,LI,IX,_Z,AA,IX,_Z,H,2009-02,90.83789,A,0,2,
OECD.SDD.STES:DSD_STES@DF_CLI(4.1),TUR,M,LI,IX,_Z,AA,IX,_Z,H,2009-01,89.76355,A,0,2,
OECD.SDD.STES:DSD_STES@DF_CLI(4.1),TUR,M,LI,IX,_Z,AA,IX,_Z,H,2008-12,89.48811,A,0,2,
OECD.SDD.STES:DSD_STES@DF_CLI(4.1),TUR,M,LI,IX,_Z,AA,IX,_Z,H,2008-11,90.1401,A,0,2,
OECD.SDD.STES:DSD_STES@DF_CLI(4.1),TUR,M,LI,IX,_Z,AA,IX,_Z,H,2008-10,91.71206,A,0,2,
OECD.SDD.STES:DSD_STES@DF_CLI(4.1),TUR,M,LI,IX,_Z,AA,IX,_Z,H,2008-09,93.8759,A,0,2,
OECD.SDD.STES:DSD_STES@DF_CLI(4.1),TUR,M,LI,IX,_Z,AA,IX,_Z,H,2008-08,96.13979,A,0,2,
OECD.SDD.STES:DSD_STES@DF_CLI(4.1),TUR,M,LI,IX,_Z,AA,IX,_Z,H,2008-07,98.1787,A,0,2,
OECD.SDD.STES:DSD_STES@DF_CLI(4.1),TUR,M,LI,IX,_Z,AA,IX,_Z,H,2008-06,99.91238,A,0,2,
OECD.SDD.STES:DSD_STES@DF_CLI(4.1),TUR,M,LI,IX,_Z,AA,IX,_Z,H,2008-05,101.3301,A,0,2,
OECD.SDD.STES:DSD_STES@DF_CLI(4.1),TUR,M,LI,IX,_Z,AA,IX,_Z,H,2008-04,102.4821,A,0,2,
OECD.SDD.STES:DSD_STES@DF_CLI(4.1),GBR,M,LI,IX,_Z,AA,IX,_Z,H,2021-10,101.8476,A,0,2,
OECD.SDD.STES:DSD_STES@DF_CLI(4.1),GBR,M,LI,IX,_Z,AA,IX,_Z,H,2021-09,102.1506,A,0,2,
OECD.SDD.STES:DSD_STES@DF_CLI(4.1),GBR,M,LI,IX,_Z,AA,IX,_Z,H,2021-08,102.3474,A,0,2,
OECD.SDD.STES:DSD_STES@DF_CLI(4.1),GBR,M,LI,IX,_Z,AA,IX,_Z,H,2021-07,102.3859,A,0,2,
OECD.SDD.STES:DSD_STES@DF_CLI(4.1),GBR,M,LI,IX,_Z,AA,IX,_Z,H,2021-06,102.2316,A,0,2,
OECD.SDD.STES:DSD_STES@DF_CLI(4.1),GBR,M,LI,IX,_Z,AA,IX,_Z,H,2021-05,101.8746,A,0,2,
OECD.SDD.STES:DSD_STES@DF_CLI(4.1),GBR,M,LI,IX,_Z,AA,IX,_Z,H,2021-04,101.3602,A,0,2,
OECD.SDD.STES:DSD_STES@DF_CLI(4.1),GBR,M,LI,IX,_Z,AA,IX,_Z,H,2021-03,100.6571,A,0,2,
OECD.SDD.STES:DSD_STES@DF_CLI(4.1),GBR,M,LI,IX,_Z,AA,IX,_Z,H,2021-02,99.42107,A,0,2,
OECD.SDD.STES:DSD_STES@DF_CLI(4.1),GBR,M,LI,IX,_Z,AA,IX,_Z,H,2021-01,98.63763,A,0,2,
OECD.SDD.STES:DSD_STES@DF_CLI(4.1),GBR,M,LI,IX,_Z,AA,IX,_Z,H,2020-12,99.03011,A,0,2,
OECD.SDD.STES:DSD_STES@DF_CLI(4.1),GBR,M,LI,IX,_Z,AA,IX,_Z,H,2020-11,97.90779,A,0,2,
OECD.SDD.STES:DSD_STES@DF_CLI(4.1),GBR,M,LI,IX,_Z,AA,IX,_Z,H,2020-10,97.95556,A,0,2,
OECD.SDD.STES:DSD_STES@DF_CLI(4.1),GBR,M,LI,IX,_Z,AA,IX,_Z,H,2020-09,98.46413,A,0,2,
OECD.SDD.STES:DSD_STES@DF_CLI(4.1),GBR,M,LI,IX,_Z,AA,IX,_Z,H,2020-08,99.40659,A,0,2,
OECD.SDD.STES:DSD_STES@DF_CLI(4.1),GBR,M,LI,IX,_Z,AA,IX,_Z,H,2020-07,99.30933,A,0,2,
OECD.SDD.STES:DSD_STES@DF_CLI(4.1),GBR,M,LI,IX,_Z,AA,IX,_Z,H,2020-06,94.82999,A,0,2,
OECD.SDD.STES:DSD_STES@DF_CLI(4.1),GBR,M,LI,IX,_Z,AA,IX,_Z,H,2020-05,89.46647,A,0,2,
OECD.SDD.STES:DSD_STES@DF_CLI(4.1),GBR,M,LI,IX,_Z,AA,IX,_Z,H,2020-04,86.9659,A,0,2,
OECD.SDD.STES:DSD_STES@DF_CLI(4.1),GBR,M,LI,IX,_Z,AA,IX,_Z,H,2020-03,95.81692,A,0,2,
OECD.SDD.STES:DSD_STES@DF_CLI(4.1),GBR,M,LI,IX,_Z,AA,IX,_Z,H,2020-02,99.10661,A,0,2,
OECD.SDD.STES:DSD_STES@DF_CLI(4.1),GBR,M,LI,IX,_Z,AA,IX,_Z,H,2020-01,98.68642,A,0,2,
OECD.SDD.STES:DSD_STES@DF_CLI(4.1),GBR,M,LI,IX,_Z,AA,IX,_Z,H,2019-12,98.35098,A,0,2,
OECD.SDD.STES:DSD_STES@DF_CLI(4.1),GBR,M,LI,IX,_Z,AA,IX,_Z,H,2019-11,98.10869,A,0,2,
OECD.SDD.STES:DSD_STES@DF_CLI(4.1),GBR,M,LI,IX,_Z,AA,IX,_Z,H,2019-10,97.96362,A,0,2,
OECD.SDD.STES:DSD_STES@DF_CLI(4.1),GBR,M,LI,IX,_Z,AA,IX,_Z,H,2019-09,97.91216,A,0,2,
OECD.SDD.STES:DSD_STES@DF_CLI(4.1),GBR,M,LI,IX,_Z,AA,IX,_Z,H,2019-08,97.90888,A,0,2,
OECD.SDD.STES:DSD_STES@DF_CLI(4.1),GBR,M,LI,IX,_Z,AA,IX,_Z,H,2019-07,97.90591,A,0,2,
OECD.SDD.STES:DSD_STES@DF_CLI(4.1),GBR,M,LI,IX,_Z,AA,IX,_Z,H,2019-06,97.88889,A,0,2,
OECD.SDD.STES:DSD_STES@DF_CLI(4.1),GBR,M,LI,IX,_Z,AA,IX,_Z,H,2019-05,97.86105,A,0,2,
OECD.SDD.STES:DSD_STES@DF_CLI(4.1),GBR,M,LI,IX,_Z,AA,IX,_Z,H,2019-04,97.82599,A,0,2,
OECD.SDD.STES:DSD_STES@DF_CLI(4.1),GBR,M,LI,IX,_Z,AA,IX,_Z,H,2019-03,97.80739,A,0,2,
OECD.SDD.STES:DSD_STES@DF_CLI(4.1),GBR,M,LI,IX,_Z,AA,IX,_Z,H,2019-02,97.82632,A,0,2,
OECD.SDD.STES:DSD_STES@DF_CLI(4.1),TUR,M,LI,IX,_Z,AA,IX,_Z,H,2013-05,101.0212,A,0,2,
OECD.SDD.STES:DSD_STES@DF_CLI(4.1),TUR,M,LI,IX,_Z,AA,IX,_Z,H,2013-04,100.9656,A,0,2,
OECD.SDD.STES:DSD_STES@DF_CLI(4.1),TUR,M,LI,IX,_Z,AA,IX,_Z,H,2013-03,100.8236,A,0,2,
OECD.SDD.STES:DSD_STES@DF_CLI(4.1),TUR,M,LI,IX,_Z,AA,IX,_Z,H,2013-02,100.5975,A,0,2,
OECD.SDD.STES:DSD_STES@DF_CLI(4.1),TUR,M,LI,IX,_Z,AA,IX,_Z,H,2013-01,100.3553,A,0,2,
OECD.SDD.STES:DSD_STES@DF_CLI(4.1),TUR,M,LI,IX,_Z,AA,IX,_Z,H,2012-12,100.1685,A,0,2,
OECD.SDD.STES:DSD_STES@DF_CLI(4.1),TUR,M,LI,IX,_Z,AA,IX,_Z,H,2012-11,100.0654,A,0,2,
OECD.SDD.STES:DSD_STES@DF_CLI(4.1),TUR,M,LI,IX,_Z,AA,IX,_Z,H,2012-10,100.0402,A,0,2,
OECD.SDD.STES:DSD_STES@DF_CLI(4.1),TUR,M,LI,IX,_Z,AA,IX,_Z,H,2012-09,100.0714,A,0,2,
OECD.SDD.STES:DSD_STES@DF_CLI(4.1),TUR,M,LI,IX,_Z,AA,IX,_Z,H,2012-08,100.1341,A,0,2,
OECD.SDD.STES:DSD_STES@DF_CLI(4.1),TUR,M,LI,IX,_Z,AA,IX,_Z,H,2012-07,100.2301,A,0,2,
OECD.SDD.STES:DSD_STES@DF_CLI(4.1),TUR,M,LI,IX,_Z,AA,IX,_Z,H,2012-06,100.3631,A,0,2,
OECD.SDD.STES:DSD_STES@DF_CLI(4.1),TUR,M,LI,IX,_Z,AA,IX,_Z,H,2012-05,100.5515,A,0,2,
OECD.SDD.STES:DSD_STES@DF_CLI(4.1),TUR,M,LI,IX,_Z,AA,IX,_Z,H,2012-04,100.7641,A,0,2,
OECD.SDD.STES:DSD_STES@DF_CLI(4.1),TUR,M,LI,IX,_Z,AA,IX,_Z,H,2012-03,100.9755,A,0,2,
OECD.SDD.STES:DSD_STES@DF_CLI(4.1),TUR,M,LI,IX,_Z,AA,IX,_Z,H,2012-02,101.1041,A,0,2,
OECD.SDD.STES:DSD_STES@DF_CLI(4.1),TUR,M,LI,IX,_Z,AA,IX,_Z,H,2012-01,101.1689,A,0,2,
OECD.SDD.STES:DSD_STES@DF_CLI(4.1),TUR,M,LI,IX,_Z,AA,IX,_Z,H,2011-12,101.2444,A,0,2,
OECD.SDD.STES:DSD_STES@DF_CLI(4.1),TUR,M,LI,IX,_Z,AA,IX,_Z,H,2011-11,101.2956,A,0,2,
OECD.SDD.STES:DSD_STES@DF_CLI(4.1),TUR,M,LI,IX,_Z,AA,IX,_Z,H,2011-10,101.297,A,0,2,
OECD.SDD.STES:DSD_STES@DF_CLI(4.1),TUR,M,LI,IX,_Z,AA,IX,_Z,H,2011-09,101.2604,A,0,2,
OECD.SDD.STES:DSD_STES@DF_CLI(4.1),TUR,M,LI,IX,_Z,AA,IX,_Z,H,2011-08,101.1783,A,0,2,
OECD.SDD.STES:DSD_STES@DF_CLI(4.1),TUR,M,LI,IX,_Z,AA,IX,_Z,H,2011-07,101.148,A,0,2,
OECD.SDD.STES:DSD_STES@DF_CLI(4.1),TUR,M,LI,IX,_Z,AA,IX,_Z,H,2011-06,101.2093,A,0,2,
OECD.SDD.STES:DSD_STES@DF_CLI(4.1),TUR,M,LI,IX,_Z,AA,IX,_Z,H,2011-05,101.3636,A,0,2,
OECD.SDD.STES:DSD_STES@DF_CLI(4.1),TUR,M,LI,IX,_Z,AA,IX,_Z,H,2011-04,101.5781,A,0,2,
OECD.SDD.STES:DSD_STES@DF_CLI(4.1),TUR,M,LI,IX,_Z,AA,IX,_Z,H,2011-03,101.8092,A,0,2,
OECD.SDD.STES:DSD_STES@DF_CLI(4.1),TUR,M,LI,IX,_Z,AA,IX,_Z,H,2011-02,102.0306,A,0,2,
OECD.SDD.STES:DSD_STES@DF_CLI(4.1),TUR,M,LI,IX,_Z,AA,IX,_Z,H,2004-04,101.5235,A,0,2,
OECD.SDD.STES:DSD_STES@DF_CLI(4.1),TUR,M,LI,IX,_Z,AA,IX,_Z,H,2004-03,101.8882,A,0,2,
OECD.SDD.STES:DSD_STES@DF_CLI(4.1),TUR,M,LI,IX,_Z,AA,IX,_Z,H,2004-02,102.2527,A,0,2,
OECD.SDD.STES:DSD_STES@DF_CLI(4.1),TUR,M,LI,IX,_Z,AA,IX,_Z,H,2004-01,102.5123,A,0,2,
OECD.SDD.STES:DSD_STES@DF_CLI(4.1),TUR,M,LI,IX,_Z,AA,IX,_Z,H,2003-12,102.598,A,0,2,
OECD.SDD.STES:DSD_STES@DF_CLI(4.1),TUR,M,LI,IX,_Z,AA,IX,_Z,H,2003-11,102.4311,A,0,2,
OECD.SDD.STES:DSD_STES@DF_CLI(4.1),TUR,M,LI,IX,_Z,AA,IX,_Z,H,2003-10,102.024,A,0,2,
OECD.SDD.STES:DSD_STES@DF_CLI(4.1),TUR,M,LI,IX,_Z,AA,IX,_Z,H,2003-09,101.4538,A,0,2,
OECD.SDD.STES:DSD_STES@DF_CLI(4.1),TUR,M,LI,IX,_Z,AA,IX,_Z,H,2003-08,100.8349,A,0,2,
OECD.SDD.STES:DSD_STES@DF_CLI(4.1),TUR,M,LI,IX,_Z,AA,IX,_Z,H,2003-07,100.2129,A,0,2,
OECD.SDD.STES:DSD_STES@DF_CLI(4.1),TUR,M,LI,IX,_Z,AA,IX,_Z,H,2003-06,99.62157,A,0,2,
OECD.SDD.STES:DSD_STES@DF_CLI(4.1),TUR,M,LI,IX,_Z,AA,IX,_Z,H,2003-05,99.09469,A,0,2,
OECD.SDD.STES:DSD_STES@DF_CLI(4.1),TUR,M,LI,IX,_Z,AA,IX,_Z,H,2003-04,98.7402,A,0,2,
OECD.SDD.STES:DSD_STES@DF_CLI(4.1),TUR,M,LI,IX,_Z,AA,IX,_Z,H,2003-03,98.69001,A,0,2,
OECD.SDD.STES:DSD_STES@DF_CLI(4.1),TUR,M,LI,IX,_Z,AA,IX,_Z,H,2003-02,98.96685,A,0,2,
OECD.SDD.STES:DSD_STES@DF_CLI(4.1),GBR,M,LI,IX,_Z,AA,IX,_Z,H,2004-03,100.2573,A,0,2,
OECD.SDD.STES:DSD_STES@DF_CLI(4.1),GBR,M,LI,IX,_Z,AA,IX,_Z,H,2004-02,100.2405,A,0,2,
OECD.SDD.STES:DSD_STES@DF_CLI(4.1),GBR,M,LI,IX,_Z,AA,IX,_Z,H,2026-06,100.6065,A,0,2,
OECD.SDD.STES:DSD_STES@DF_CLI(4.1),GBR,M,LI,IX,_Z,AA,IX,_Z,H,2026-05,100.4346,A,0,2,
OECD.SDD.STES:DSD_STES@DF_CLI(4.1),GBR,M,LI,IX,_Z,AA,IX,_Z,H,2026-04,100.3645,A,0,2,
OECD.SDD.STES:DSD_STES@DF_CLI(4.1),GBR,M,LI,IX,_Z,AA,IX,_Z,H,2026-03,100.3943,A,0,2,
OECD.SDD.STES:DSD_STES@DF_CLI(4.1),GBR,M,LI,IX,_Z,AA,IX,_Z,H,2026-02,100.481,A,0,2,
OECD.SDD.STES:DSD_STES@DF_CLI(4.1),GBR,M,LI,IX,_Z,AA,IX,_Z,H,2012-06,98.39788,A,0,2,
OECD.SDD.STES:DSD_STES@DF_CLI(4.1),GBR,M,LI,IX,_Z,AA,IX,_Z,H,2012-05,98.27152,A,0,2,
OECD.SDD.STES:DSD_STES@DF_CLI(4.1),GBR,M,LI,IX,_Z,AA,IX,_Z,H,2012-04,98.20042,A,0,2,
OECD.SDD.STES:DSD_STES@DF_CLI(4.1),GBR,M,LI,IX,_Z,AA,IX,_Z,H,2012-03,98.15645,A,0,2,
OECD.SDD.STES:DSD_STES@DF_CLI(4.1),GBR,M,LI,IX,_Z,AA,IX,_Z,H,2012-02,98.12804,A,0,2,
OECD.SDD.STES:DSD_STES@DF_CLI(4.1),GBR,M,LI,IX,_Z,AA,IX,_Z,H,2012-01,98.12839,A,0,2,
OECD.SDD.STES:DSD_STES@DF_CLI(4.1),GBR,M,LI,IX,_Z,AA,IX,_Z,H,2011-12,98.18353,A,0,2,
OECD.SDD.STES:DSD_STES@DF_CLI(4.1),GBR,M,LI,IX,_Z,AA,IX,_Z,H,2011-11,98.32263,A,0,2,
OECD.SDD.STES:DSD_STES@DF_CLI(4.1),GBR,M,LI,IX,_Z,AA,IX,_Z,H,2026-09,101.3762,A,0,2,
OECD.SDD.STES:DSD_STES@DF_CLI(4.1),GBR,M,LI,IX,_Z,AA,IX,_Z,H,2026-08,101.1364,A,0,2,
OECD.SDD.STES:DSD_STES@DF_CLI(4.1),GBR,M,LI,IX,_Z,AA,IX,_Z,H,2026-07,100.8609,A,0,2,
OECD.SDD.STES:DSD_STES@DF_CLI(4.1),GBR,M,LI,IX,_Z,AA,IX,_Z,H,2014-07,102.1123,A,0,2,
OECD.SDD.STES:DSD_STES@DF_CLI(4.1),GBR,M,LI,IX,_Z,AA,IX,_Z,H,2014-06,102.2507,A,0,2,
OECD.SDD.STES:DSD_STES@DF_CLI(4.1),GBR,M,LI,IX,_Z,AA,IX,_Z,H,2014-05,102.3481,A,0,2,
OECD.SDD.STES:DSD_STES@DF_CLI(4.1),GBR,M,LI,IX,_Z,AA,IX,_Z,H,2014-04,102.3866,A,0,2,
OECD.SDD.STES:DSD_STES@DF_CLI(4.1),GBR,M,LI,IX,_Z,AA,IX,_Z,H,2014-03,102.3651,A,0,2,
OECD.SDD.STES:DSD_STES@DF_CLI(4.1),GBR,M,LI,IX,_Z,AA,IX,_Z,H,2014-02,102.2968,A,0,2,
OECD.SDD.STES:DSD_STES@DF_CLI(4.1),GBR,M,LI,IX,_Z,AA,IX,_Z,H,2014-01,102.2076,A,0,2,
OECD.SDD.STES:DSD_STES@DF_CLI(4.1),GBR,M,LI,IX,_Z,AA,IX,_Z,H,2013-12,102.1041,A,0,2,
OECD.SDD.STES:DSD_STES@DF_CLI(4.1),GBR,M,LI,IX,_Z,AA,IX,_Z,H,2013-11,101.9973,A,0,2,
OECD.SDD.STES:DSD_STES@DF_CLI(4.1),GBR,M,LI,IX,_Z,AA,IX,_Z,H,2013-10,101.8872,A,0,2,
OECD.SDD.STES:DSD_STES@DF_CLI(4.1),GBR,M,LI,IX,_Z,AA,IX,_Z,H,2013-09,101.7565,A,0,2,
OECD.SDD.STES:DSD_STES@DF_CLI(4.1),GBR,M,LI,IX,_Z,AA,IX,_Z,H,2013-08,101.5735,A,0,2,
OECD.SDD.STES:DSD_STES@DF_CLI(4.1),GBR,M,LI,IX,_Z,AA,IX,_Z,H,2013-07,101.3419,A,0,2,
OECD.SDD.STES:DSD_STES@DF_CLI(4.1),GBR,M,LI,IX,_Z,AA,IX,_Z,H,2013-06,101.0767,A,0,2,
OECD.SDD.STES:DSD_STES@DF_CLI(4.1),GBR,M,LI,IX,_Z,AA,IX,_Z,H,2017-07,101.1372,A,0,2,
OECD.SDD.STES:DSD_STES@DF_CLI(4.1),GBR,M,LI,IX,_Z,AA,IX,_Z,H,2017-06,101.1541,A,0,2,
OECD.SDD.STES:DSD_STES@DF_CLI(4.1),GBR,M,LI,IX,_Z,AA,IX,_Z,H,2017-05,101.1545,A,0,2,
OECD.SDD.STES:DSD_STES@DF_CLI(4.1),GBR,M,LI,IX,_Z,AA,IX,_Z,H,2017-04,101.1474,A,0,2,
OECD.SDD.STES:DSD_STES@DF_CLI(4.1),GBR,M,LI,IX,_Z,AA,IX,_Z,H,2017-03,101.1489,A,0,2,
OECD.SDD.STES:DSD_STES@DF_CLI(4.1),GBR,M,LI,IX,_Z,AA,IX,_Z,H,2017-02,101.1111,A,0,2,
OECD.SDD.STES:DSD_STES@DF_CLI(4.1),GBR,M,LI,IX,_Z,AA,IX,_Z,H,2017-01,101.0394,A,0,2,
OECD.SDD.STES:DSD_STES@DF_CLI(4.1),GBR,M,LI,IX,_Z,AA,IX,_Z,H,2016-12,100.9367,A,0,2,
OECD.SDD.STES:DSD_STES@DF_CLI(4.1),GBR,M,LI,IX,_Z,AA,IX,_Z,H,2016-11,100.7933,A,0,2,
OECD.SDD.STES:DSD_STES@DF_CLI(4.1),GBR,M,LI,IX,_Z,AA,IX,_Z,H,2016-10,100.6181,A,0,2,
OECD.SDD.STES:DSD_STES@DF_CLI(4.1),GBR,M,LI,IX,_Z,AA,IX,_Z,H,2016-09,100.4092,A,0,2,
OECD.SDD.STES:DSD_STES@DF_CLI(4.1),GBR,M,LI,IX,_Z,AA,IX,_Z,H,2016-08,100.1798,A,0,2,
OECD.SDD.STES:DSD_STES@DF_CLI(4.1),GBR,M,LI,IX,_Z,AA,IX,_Z,H,2016-07,99.99921,A,0,2,
OECD.SDD.STES:DSD_STES@DF_CLI(4.1),GBR,M,LI,IX,_Z,AA,IX,_Z,H,2016-06,99.90147,A,0,2,
OECD.SDD.STES:DSD_STES@DF_CLI(4.1),GBR,M,LI,IX,_Z,AA,IX,_Z,H,2016-05,99.86322,A,0,2,
OECD.SDD.STES:DSD_STES@DF_CLI(4.1),GBR,M,LI,IX,_Z,AA,IX,_Z,H,2016-04,99.87021,A,0,2,
OECD.SDD.STES:DSD_STES@DF_CLI(4.1),GBR,M,LI,IX,_Z,AA,IX,_Z,H,2016-03,99.91548,A,0,2,
OECD.SDD.STES:DSD_STES@DF_CLI(4.1),GBR,M,LI,IX,_Z,AA,IX,_Z,H,2016-02,99.99722,A,0,2,
OECD.SDD.STES:DSD_STES@DF_CLI(4.1),GBR,M,LI,IX,_Z,AA,IX,_Z,H,2016-01,100.1251,A,0,2,
OECD.SDD.STES:DSD_STES@DF_CLI(4.1),GBR,M,LI,IX,_Z,AA,IX,_Z,H,2015-12,100.2798,A,0,2,
OECD.SDD.STES:DSD_STES@DF_CLI(4.1),GBR,M,LI,IX,_Z,AA,IX,_Z,H,2015-11,100.4384,A,0,2,
OECD.SDD.STES:DSD_STES@DF_CLI(4.1),GBR,M,LI,IX,_Z,AA,IX,_Z,H,2015-10,100.6083,A,0,2,
OECD.SDD.STES:DSD_STES@DF_CLI(4.1),GBR,M,LI,IX,_Z,AA,IX,_Z,H,2015-09,100.7853,A,0,2,
OECD.SDD.STES:DSD_STES@DF_CLI(4.1),GBR,M,LI,IX,_Z,AA,IX,_Z,H,2015-08,100.961,A,0,2,
OECD.SDD.STES:DSD_STES@DF_CLI(4.1),GBR,M,LI,IX,_Z,AA,IX,_Z,H,2015-07,101.116,A,0,2,
OECD.SDD.STES:DSD_STES@DF_CLI(4.1),GBR,M,LI,IX,_Z,AA,IX,_Z,H,2015-06,101.2362,A,0,2,
OECD.SDD.STES:DSD_STES@DF_CLI(4.1),GBR,M,LI,IX,_Z,AA,IX,_Z,H,2015-05,101.3103,A,0,2,
OECD.SDD.STES:DSD_STES@DF_CLI(4.1),GBR,M,LI,IX,_Z,AA,IX,_Z,H,2015-04,101.3526,A,0,2,
OECD.SDD.STES:DSD_STES@DF_CLI(4.1),GBR,M,LI,IX,_Z,AA,IX,_Z,H,2015-03,101.3643,A,0,2,
OECD.SDD.STES:DSD_STES@DF_CLI(4.1),GBR,M,LI,IX,_Z,AA,IX,_Z,H,2026-01,100.5764,A,0,2,
OECD.SDD.STES:DSD_STES@DF_CLI(4.1),GBR,M,LI,IX,_Z,AA,IX,_Z,H,2025-12,100.6607,A,0,2,
OECD.SDD.STES:DSD_STES@DF_CLI(4.1),GBR,M,LI,IX,_Z,AA,IX,_Z,H,2025-11,100.7331,A,0,2,
OECD.SDD.STES:DSD_STES@DF_CLI(4.1),GBR,M,LI,IX,_Z,AA,IX,_Z,H,2025-10,100.8053,A,0,2,
OECD.SDD.STES:DSD_STES@DF_CLI(4.1),GBR,M,LI,IX,_Z,AA,IX,_Z,H,2025-09,100.8531,A,0,2,
OECD.SDD.STES:DSD_STES@DF_CLI(4.1),GBR,M,LI,IX,_Z,AA,IX,_Z,H,2025-08,100.8535,A,0,2,
OECD.SDD.STES:DSD_STES@DF_CLI(4.1),GBR,M,LI,IX,_Z,AA,IX,_Z,H,2025-07,100.7837,A,0,2,
OECD.SDD.STES:DSD_STES@DF_CLI(4.1),GBR,M,LI,IX,_Z,AA,IX,_Z,H,2025-06,100.6468,A,0,2,
OECD.SDD.STES:DSD_STES@DF_CLI(4.1),GBR,M,LI,IX,_Z,AA,IX,_Z,H,2025-05,100.4558,A,0,2,
OECD.SDD.STES:DSD_STES@DF_CLI(4.1),GBR,M,LI,IX,_Z,AA,IX,_Z,H,2025-04,100.2589,A,0,2,
OECD.SDD.STES:DSD_STES@DF_CLI(4.1),GBR,M,LI,IX,_Z,AA,IX,_Z,H,2025-03,100.1257,A,0,2,
OECD.SDD.STES:DSD_STES@DF_CLI(4.1),GBR,M,LI,IX,_Z,AA,IX,_Z,H,2025-02,100.048,A,0,2,
OECD.SDD.STES:DSD_STES@DF_CLI(4.1),GBR,M,LI,IX,_Z,AA,IX,_Z,H,2025-01,100.0308,A,0,2,
OECD.SDD.STES:DSD_STES@DF_CLI(4.1),GBR,M,LI,IX,_Z,AA,IX,_Z,H,2024-12,100.1003,A,0,2,
OECD.SDD.STES:DSD_STES@DF_CLI(4.1),GBR,M,LI,IX,_Z,AA,IX,_Z,H,2024-11,100.2295,A,0,2,
OECD.SDD.STES:DSD_STES@DF_CLI(4.1),GBR,M,LI,IX,_Z,AA,IX,_Z,H,2024-10,100.3838,A,0,2,
OECD.SDD.STES:DSD_STES@DF_CLI(4.1),GBR,M,LI,IX,_Z,AA,IX,_Z,H,2024-09,100.5414,A,0,2,
OECD.SDD.STES:DSD_STES@DF_CLI(4.1),GBR,M,LI,IX,_Z,AA,IX,_Z,H,2024-08,100.667,A,0,2,
OECD.SDD.STES:DSD_STES@DF_CLI(4.1),GBR,M,LI,IX,_Z,AA,IX,_Z,H,2024-07,100.6886,A,0,2,
OECD.SDD.STES:DSD_STES@DF_CLI(4.1),GBR,M,LI,IX,_Z,AA,IX,_Z,H,2024-06,100.5877,A,0,2,
OECD.SDD.STES:DSD_STES@DF_CLI(4.1),GBR,M,LI,IX,_Z,AA,IX,_Z,H,2024-05,100.3933,A,0,2,
OECD.SDD.STES:DSD_STES@DF_CLI(4.1),GBR,M,LI,IX,_Z,AA,IX,_Z,H,2024-04,100.1521,A,0,2,
OECD.SDD.STES:DSD_STES@DF_CLI(4.1),GBR,M,LI,IX,_Z,AA,IX,_Z,H,2024-03,99.91903,A,0,2,
OECD.SDD.STES:DSD_STES@DF_CLI(4.1),GBR,M,LI,IX,_Z,AA,IX,_Z,H,2024-02,99.7264,A,0,2,
OECD.SDD.STES:DSD_STES@DF_CLI(4.1),GBR,M,LI,IX,_Z,AA,IX,_Z,H,2024-01,99.5752,A,0,2,
OECD.SDD.STES:DSD_STES@DF_CLI(4.1),GBR,M,LI,IX,_Z,AA,IX,_Z,H,2023-12,99.44314,A,0,2,
OECD.SDD.STES:DSD_STES@DF_CLI(4.1),GBR,M,LI,IX,_Z,AA,IX,_Z,H,2014-08,101.9554,A,0,2,
OECD.SDD.STES:DSD_STES@DF_CLI(4.1),GBR,M,LI,IX,_Z,AA,IX,_Z,H,2006-06,101.346,A,0,2,
OECD.SDD.STES:DSD_STES@DF_CLI(4.1),GBR,M,LI,IX,_Z,AA,IX,_Z,H,2006-05,101.2048,A,0,2,
OECD.SDD.STES:DSD_STES@DF_CLI(4.1),GBR,M,LI,IX,_Z,AA,IX,_Z,H,2006-04,101.0573,A,0,2,
OECD.SDD.STES:DSD_STES@DF_CLI(4.1),GBR,M,LI,IX,_Z,AA,IX,_Z,H,2006-03,100.8957,A,0,2,
OECD.SDD.STES:DSD_STES@DF_CLI(4.1),GBR,M,LI,IX,_Z,AA,IX,_Z,H,2006-02,100.727,A,0,2,
OECD.SDD.STES:DSD_STES@DF_CLI(4.1),GBR,M,LI,IX,_Z,AA,IX,_Z,H,2006-01,100.5567,A,0,2,
OECD.SDD.STES:DSD_STES@DF_CLI(4.1),GBR,M,LI,IX,_Z,AA,IX,_Z,H,2005-12,100.4044,A,0,2,
OECD.SDD.STES:DSD_STES@DF_CLI(4.1),GBR,M,LI,IX,_Z,AA,IX,_Z,H,2005-11,100.2542,A,0,2,
OECD.SDD.STES:DSD_STES@DF_CLI(4.1),GBR,M,LI,IX,_Z,AA,IX,_Z,H,2005-10,100.1366,A,0,2,
OECD.SDD.STES:DSD_STES@DF_CLI(4.1),GBR,M,LI,IX,_Z,AA,IX,_Z,H,2005-09,100.068,A,0,2,
OECD.SDD.STES:DSD_STES@DF_CLI(4.1),GBR,M,LI,IX,_Z,AA,IX,_Z,H,2005-08,100.0397,A,0,2,
OECD.SDD.STES:DSD_STES@DF_CLI(4.1),GBR,M,LI,IX,_Z,AA,IX,_Z,H,2005-07,100.0533,A,0,2,
OECD.SDD.STES:DSD_STES@DF_CLI(4.1),GBR,M,LI,IX,_Z,AA,IX,_Z,H,2005-06,100.0943,A,0,2,
OECD.SDD.STES:DSD_STES@DF_CLI(4.1),GBR,M,LI,IX,_Z,AA,IX,_Z,H,2005-05,100.163,A,0,2,
OECD.SDD.STES:DSD_STES@DF_CLI(4.1),GBR,M,LI,IX,_Z,AA,IX,_Z,H,2005-04,100.2473,A,0,2,
OECD.SDD.STES:DSD_STES@DF_CLI(4.1),GBR,M,LI,IX,_Z,AA,IX,_Z,H,2005-03,100.3214,A,0,2,
OECD.SDD.STES:DSD_STES@DF_CLI(4.1),GBR,M,LI,IX,_Z,AA,IX,_Z,H,2005-02,100.3711,A,0,2,
OECD.SDD.STES:DSD_STES@DF_CLI(4.1),GBR,M,LI,IX,_Z,AA,IX,_Z,H,2005-01,100.3884,A,0,2,
OECD.SDD.STES:DSD_STES@DF_CLI(4.1),GBR,M,LI,IX,_Z,AA,IX,_Z,H,2004-12,100.3671,A,0,2,
OECD.SDD.STES:DSD_STES@DF_CLI(4.1),GBR,M,LI,IX,_Z,AA,IX,_Z,H,2004-11,100.313,A,0,2,
OECD.SDD.STES:DSD_STES@DF_CLI(4.1),GBR,M,LI,IX,_Z,AA,IX,_Z,H,2004-10,100.2339,A,0,2,
OECD.SDD.STES:DSD_STES@DF_CLI(4.1),GBR,M,LI,IX,_Z,AA,IX,_Z,H,2004-09,100.1524,A,0,2,
OECD.SDD.STES:DSD_STES@DF_CLI(4.1),GBR,M,LI,IX,_Z,AA,IX,_Z,H,2004-08,100.101,A,0,2,
OECD.SDD.STES:DSD_STES@DF_CLI(4.1),GBR,M,LI,IX,_Z,AA,IX,_Z,H,2004-07,100.0923,A,0,2,
OECD.SDD.STES:DSD_STES@DF_CLI(4.1),GBR,M,LI,IX,_Z,AA,IX,_Z,H,2004-06,100.1253,A,0,2,
OECD.SDD.STES:DSD_STES@DF_CLI(4.1),GBR,M,LI,IX,_Z,AA,IX,_Z,H,2004-05,100.1783,A,0,2,
OECD.SDD.STES:DSD_STES@DF_CLI(4.1),GBR,M,LI,IX,_Z,AA,IX,_Z,H,2004-04,100.2295,A,0,2,
OECD.SDD.STES:DSD_STES@DF_CLI(4.1),GBR,M,LI,IX,_Z,AA,IX,_Z,H,2023-11,99.31023,A,0,2,
OECD.SDD.STES:DSD_STES@DF_CLI(4.1),GBR,M,LI,IX,_Z,AA,IX,_Z,H,2023-10,99.17356,A,0,2,
OECD.SDD.STES:DSD_STES@DF_CLI(4.1),GBR,M,LI,IX,_Z,AA,IX,_Z,H,2023-09,99.00111,A,0,2,
OECD.SDD.STES:DSD_STES@DF_CLI(4.1),GBR,M,LI,IX,_Z,AA,IX,_Z,H,2023-08,98.7914,A,0,2,
OECD.SDD.STES:DSD_STES@DF_CLI(4.1),GBR,M,LI,IX,_Z,AA,IX,_Z,H,2023-07,98.55862,A,0,2,
OECD.SDD.STES:DSD_STES@DF_CLI(4.1),GBR,M,LI,IX,_Z,AA,IX,_Z,H,2023-06,98.29978,A,0,2,
OECD.SDD.STES:DSD_STES@DF_CLI(4.1),GBR,M,LI,IX,_Z,AA,IX,_Z,H,2023-05,97.97005,A,0,2,
OECD.SDD.STES:DSD_STES@DF_CLI(4.1),GBR,M,LI,IX,_Z,AA,IX,_Z,H,2023-04,97.55642,A,0,2,
OECD.SDD.STES:DSD_STES@DF_CLI(4.1),GBR,M,LI,IX,_Z,AA,IX,_Z,H,2023-03,97.08118,A,0,2,
OECD.SDD.STES:DSD_STES@DF_CLI(4.1),GBR,M,LI,IX,_Z,AA,IX,_Z,H,2023-02,96.61121,A,0,2,
OECD.SDD.STES:DSD_STES@DF_CLI(4.1),GBR,M,LI,IX,_Z,AA,IX,_Z,H,2023-01,96.16555,A,0,2,
OECD.SDD.STES:DSD_STES@DF_CLI(4.1),GBR,M,LI,IX,_Z,AA,IX,_Z,H,2022-12,95.79166,A,0,2,
OECD.SDD.STES:DSD_STES@DF_CLI(4.1),GBR,M,LI,IX,_Z,AA,IX,_Z,H,2022-11,95.51597,A,0,2,
OECD.SDD.STES:DSD_STES@DF_CLI(4.1),GBR,M,LI,IX,_Z,AA,IX,_Z,H,2022-10,95.36018,A,0,2,
OECD.SDD.STES:DSD_STES@DF_CLI(4.1),GBR,M,LI,IX,_Z,AA,IX,_Z,H,2022-09,95.35943,A,0,2,
OECD.SDD.STES:DSD_STES@DF_CLI(4.1),GBR,M,LI,IX,_Z,AA,IX,_Z,H,2022-08,95.53493,A,0,2,
OECD.SDD.STES:DSD_STES@DF_CLI(4.1),GBR,M,LI,IX,_Z,AA,IX,_Z,H,2022-07,95.83929,A,0,2,
OECD.SDD.STES:DSD_STES@DF_CLI(4.1),GBR,M,LI,IX,_Z,AA,IX,_Z,H,2022-06,96.26128,A,0,2,
OECD.SDD.STES:DSD_STES@DF_CLI(4.1),GBR,M,LI,IX,_Z,AA,IX,_Z,H,2022-05,96.81458,A,0,2,
OECD.SDD.STES:DSD_STES@DF_CLI(4.1),GBR,M,LI,IX,_Z,AA,IX,_Z,H,2022-04,97.50012,A,0,2,
OECD.SDD.STES:DSD_STES@DF_CLI(4.1),GBR,M,LI,IX,_Z,AA,IX,_Z,H,2022-03,98.3184,A,0,2,
OECD.SDD.STES:DSD_STES@DF_CLI(4.1),GBR,M,LI,IX,_Z,AA,IX,_Z,H,2022-02,99.23405,A,0,2,
OECD.SDD.STES:DSD_STES@DF_CLI(4.1),GBR,M,LI,IX,_Z,AA,IX,_Z,H,2022-01,100.1246,A,0,2,
OECD.SDD.STES:DSD_STES@DF_CLI(4.1),GBR,M,LI,IX,_Z,AA,IX,_Z,H,2021-12,100.8717,A,0,2,
OECD.SDD.STES:DSD_STES@DF_CLI(4.1),GBR,M,LI,IX,_Z,AA,IX,_Z,H,2021-11,101.4366,A,0,2,
OECD.SDD.STES:DSD_STES@DF_CLI(4.1),USA,M,LI,IX,_Z,AA,IX,_Z,H,2018-10,100.3812,A,0,2,
OECD.SDD.STES:DSD_STES@DF_CLI(4.1),USA,M,LI,IX,_Z,AA,IX,_Z,H,2018-09,100.5655,A,0,2,
OECD.SDD.STES:DSD_STES@DF_CLI(4.1),USA,M,LI,IX,_Z,AA,IX,_Z,H,2018-08,100.7053,A,0,2,
OECD.SDD.STES:DSD_STES@DF_CLI(4.1),USA,M,LI,IX,_Z,AA,IX,_Z,H,2018-07,100.8054,A,0,2,
OECD.SDD.STES:DSD_STES@DF_CLI(4.1),USA,M,LI,IX,_Z,AA,IX,_Z,H,2018-06,100.8803,A,0,2,
OECD.SDD.STES:DSD_STES@DF_CLI(4.1),USA,M,LI,IX,_Z,AA,IX,_Z,H,2018-05,100.9273,A,0,2,
OECD.SDD.STES:DSD_STES@DF_CLI(4.1),USA,M,LI,IX,_Z,AA,IX,_Z,H,2018-04,100.9434,A,0,2,
OECD.SDD.STES:DSD_STES@DF_CLI(4.1),USA,M,LI,IX,_Z,AA,IX,_Z,H,2018-03,100.9171,A,0,2,
OECD.SDD.STES:DSD_STES@DF_CLI(4.1),USA,M,LI,IX,_Z,AA,IX,_Z,H,2018-02,100.8396,A,0,2,
OECD.SDD.STES:DSD_STES@DF_CLI(4.1),USA,M,LI,IX,_Z,AA,IX,_Z,H,2018-01,100.7176,A,0,2,
OECD.SDD.STES:DSD_STES@DF_CLI(4.1),USA,M,LI,IX,_Z,AA,IX,_Z,H,2017-12,100.5833,A,0,2,
OECD.SDD.STES:DSD_STES@DF_CLI(4.1),USA,M,LI,IX,_Z,AA,IX,_Z,H,2017-11,100.4476,A,0,2,
OECD.SDD.STES:DSD_STES@DF_CLI(4.1),USA,M,LI,IX,_Z,AA,IX,_Z,H,2017-10,100.3111,A,0,2,
OECD.SDD.STES:DSD_STES@DF_CLI(4.1),USA,M,LI,IX,_Z,AA,IX,_Z,H,2017-09,100.1781,A,0,2,
OECD.SDD.STES:DSD_STES@DF_CLI(4.1),USA,M,LI,IX,_Z,AA,IX,_Z,H,2017-08,100.0669,A,0,2,
OECD.SDD.STES:DSD_STES@DF_CLI(4.1),USA,M,LI,IX,_Z,AA,IX,_Z,H,2017-07,99.9898,A,0,2,
OECD.SDD.STES:DSD_STES@DF_CLI(4.1),USA,M,LI,IX,_Z,AA,IX,_Z,H,2017-06,99.95487,A,0,2,
OECD.SDD.STES:DSD_STES@DF_CLI(4.1),USA,M,LI,IX,_Z,AA,IX,_Z,H,2017-05,99.93668,A,0,2,
OECD.SDD.STES:DSD_STES@DF_CLI(4.1),USA,M,LI,IX,_Z,AA,IX,_Z,H,2017-04,99.92921,A,0,2,
OECD.SDD.STES:DSD_STES@DF_CLI(4.1),USA,M,LI,IX,_Z,AA,IX,_Z,H,2017-03,99.91725,A,0,2,
OECD.SDD.STES:DSD_STES@DF_CLI(4.1),USA,M,LI,IX,_Z,AA,IX,_Z,H,2017-02,99.88023,A,0,2,
OECD.SDD.STES:DSD_STES@DF_CLI(4.1),USA,M,LI,IX,_Z,AA,IX,_Z,H,2017-01,99.80272,A,0,2,
OECD.SDD.STES:DSD_STES@DF_CLI(4.1),USA,M,LI,IX,_Z,AA,IX,_Z,H,2016-12,99.68373,A,0,2,
OECD.SDD.STES:DSD_STES@DF_CLI(4.1),USA,M,LI,IX,_Z,AA,IX,_Z,H,2016-11,99.53501,A,0,2,
OECD.SDD.STES:DSD_STES@DF_CLI(4.1),USA,M,LI,IX,_Z,AA,IX,_Z,H,2016-10,99.38693,A,0,2,
OECD.SDD.STES:DSD_STES@DF_CLI(4.1),GBR,M,LI,IX,_Z,AA,IX,_Z,H,2019-01,97.91082,A,0,2,
OECD.SDD.STES:DSD_STES@DF_CLI(4.1),GBR,M,LI,IX,_Z,AA,IX,_Z,H,2018-12,98.09268,A,0,2,
OECD.SDD.STES:DSD_STES@DF_CLI(4.1),GBR,M,LI,IX,_Z,AA,IX,_Z,H,2018-11,98.36762,A,0,2,
OECD.SDD.STES:DSD_STES@DF_CLI(4.1),GBR,M,LI,IX,_Z,AA,IX,_Z,H,2018-10,98.70542,A,0,2,
OECD.SDD.STES:DSD_STES@DF_CLI(4.1),GBR,M,LI,IX,_Z,AA,IX,_Z,H,2018-09,99.06831,A,0,2,
OECD.SDD.STES:DSD_STES@DF_CLI(4.1),GBR,M,LI,IX,_Z,AA,IX,_Z,H,2018-08,99.41527,A,0,2,
OECD.SDD.STES:DSD_STES@DF_CLI(4.1),GBR,M,LI,IX,_Z,AA,IX,_Z,H,2018-07,99.69125,A,0,2,
OECD.SDD.STES:DSD_STES@DF_CLI(4.1),GBR,M,LI,IX,_Z,AA,IX,_Z,H,2011-10,98.5509,A,0,2,
OECD.SDD.STES:DSD_STES@DF_CLI(4.1),GBR,M,LI,IX,_Z,AA,IX,_Z,H,2011-09,98.85811,A,0,2,
OECD.SDD.STES:DSD_STES@DF_CLI(4.1),GBR,M,LI,IX,_Z,AA,IX,_Z,H,2011-08,99.2205,A,0,2,
OECD.SDD.STES:DSD_STES@DF_CLI(4.1),GBR,M,LI,IX,_Z,AA,IX,_Z,H,2011-07,99.60306,A,0,2,
OECD.SDD.STES:DSD_STES@DF_CLI(4.1),GBR,M,LI,IX,_Z,AA,IX,_Z,H,2011-06,99.96612,A,0,2,
OECD.SDD.STES:DSD_STES@DF_CLI(4.1),GBR,M,LI,IX,_Z,AA,IX,_Z,H,2011-05,100.2693,A,0,2,
OECD.SDD.STES:DSD_STES@DF_CLI(4.1),GBR,M,LI,IX,_Z,AA,IX,_Z,H,2011-04,100.4878,A,0,2,
OECD.SDD.STES:DSD_STES@DF_CLI(4.1),GBR,M,LI,IX,_Z,AA,IX,_Z,H,2011-03,100.6419,A,0,2,
OECD.SDD.STES:DSD_STES@DF_CLI(4.1),GBR,M,LI,IX,_Z,AA,IX,_Z,H,2011-02,100.7381,A,0,2,
OECD.SDD.STES:DSD_STES@DF_CLI(4.1),GBR,M,LI,IX,_Z,AA,IX,_Z,H,2011-01,100.783,A,0,2,
OECD.SDD.STES:DSD_STES@DF_CLI(4.1),GBR,M,LI,IX,_Z,AA,IX,_Z,H,2010-12,100.8046,A,0,2,
OECD.SDD.STES:DSD_STES@DF_CLI(4.1),GBR,M,LI,IX,_Z,AA,IX,_Z,H,2010-11,100.8132,A,0,2,
OECD.SDD.STES:DSD_STES@DF_CLI(4.1),GBR,M,LI,IX,_Z,AA,IX,_Z,H,2010-10,100.8276,A,0,2,
OECD.SDD.STES:DSD_STES@DF_CLI(4.1),GBR,M,LI,IX,_Z,AA,IX,_Z,H,2010-09,100.8621,A,0,2,
OECD.SDD.STES:DSD_STES@DF_CLI(4.1),GBR,M,LI,IX,_Z,AA,IX,_Z,H,2010-08,100.9294,A,0,2,
OECD.SDD.STES:DSD_STES@DF_CLI(4.1),GBR,M,LI,IX,_Z,AA,IX,_Z,H,2010-07,101.0405,A,0,2,
OECD.SDD.STES:DSD_STES@DF_CLI(4.1),GBR,M,LI,IX,_Z,AA,IX,_Z,H,2004-01,100.1741,A,0,2,
OECD.SDD.STES:DSD_STES@DF_CLI(4.1),GBR,M,LI,IX,_Z,AA,IX,_Z,H,2003-12,100.0582,A,0,2,
OECD.SDD.STES:DSD_STES@DF_CLI(4.1),GBR,M,LI,IX,_Z,AA,IX,_Z,H,2003-11,99.91058,A,0,2,
OECD.SDD.STES:DSD_STES@DF_CLI(4.1),GBR,M,LI,IX,_Z,AA,IX,_Z,H,2003-10,99.76055,A,0,2,
OECD.SDD.STES:DSD_STES@DF_CLI(4.1),GBR,M,LI,IX,_Z,AA,IX,_Z,H,2003-09,99.61421,A,0,2,
OECD.SDD.STES:DSD_STES@DF_CLI(4.1),GBR,M,LI,IX,_Z,AA,IX,_Z,H,2003-08,99.46911,A,0,2,
OECD.SDD.STES:DSD_STES@DF_CLI(4.1),GBR,M,LI,IX,_Z,AA,IX,_Z,H,2003-07,99.3256,A,0,2,
OECD.SDD.STES:DSD_STES@DF_CLI(4.1),GBR,M,LI,IX,_Z,AA,IX,_Z,H,2003-06,99.1782,A,0,2,
OECD.SDD.STES:DSD_STES@DF_CLI(4.1),GBR,M,LI,IX,_Z,AA,IX,_Z,H,2003-05,99.03373,A,0,2,
OECD.SDD.STES:DSD_STES@DF_CLI(4.1),GBR,M,LI,IX,_Z,AA,IX,_Z,H,2003-04,98.92238,A,0,2,
OECD.SDD.STES:DSD_STES@DF_CLI(4.1),GBR,M,LI,IX,_Z,AA,IX,_Z,H,2003-03,98.87484,A,0,2,
OECD.SDD.STES:DSD_STES@DF_CLI(4.1),GBR,M,LI,IX,_Z,AA,IX,_Z,H,2003-02,98.93729,A,0,2,
OECD.SDD.STES:DSD_STES@DF_CLI(4.1),GBR,M,LI,IX,_Z,AA,IX,_Z,H,2003-01,99.11944,A,0,2,
OECD.SDD.STES:DSD_STES@DF_CLI(4.1),GBR,M,LI,IX,_Z,AA,IX,_Z,H,2002-12,99.39653,A,0,2,
OECD.SDD.STES:DSD_STES@DF_CLI(4.1),GBR,M,LI,IX,_Z,AA,IX,_Z,H,2002-11,99.69722,A,0,2,
OECD.SDD.STES:DSD_STES@DF_CLI(4.1),GBR,M,LI,IX,_Z,AA,IX,_Z,H,2002-10,99.9718,A,0,2,
OECD.SDD.STES:DSD_STES@DF_CLI(4.1),GBR,M,LI,IX,_Z,AA,IX,_Z,H,2002-09,100.2019,A,0,2,
OECD.SDD.STES:DSD_STES@DF_CLI(4.1),GBR,M,LI,IX,_Z,AA,IX,_Z,H,2002-08,100.3859,A,0,2,
OECD.SDD.STES:DSD_STES@DF_CLI(4.1),GBR,M,LI,IX,_Z,AA,IX,_Z,H,2002-07,100.5311,A,0,2,
OECD.SDD.STES:DSD_STES@DF_CLI(4.1),GBR,M,LI,IX,_Z,AA,IX,_Z,H,2002-06,100.6374,A,0,2,
OECD.SDD.STES:DSD_STES@DF_CLI(4.1),GBR,M,LI,IX,_Z,AA,IX,_Z,H,2002-05,100.6969,A,0,2,
OECD.SDD.STES:DSD_STES@DF_CLI(4.1),GBR,M,LI,IX,_Z,AA,IX,_Z,H,2002-04,100.6728,A,0,2,
OECD.SDD.STES:DSD_STES@DF_CLI(4.1),GBR,M,LI,IX,_Z,AA,IX,_Z,H,2002-03,100.557,A,0,2,
OECD.SDD.STES:DSD_STES@DF_CLI(4.1),GBR,M,LI,IX,_Z,AA,IX,_Z,H,2002-02,100.4013,A,0,2,
OECD.SDD.STES:DSD_STES@DF_CLI(4.1),GBR,M,LI,IX,_Z,AA,IX,_Z,H,2002-01,100.2463,A,0,2,
OECD.SDD.STES:DSD_STES@DF_CLI(4.1),GBR,M,LI,IX,_Z,AA,IX,_Z,H,2001-12,100.1355,A,0,2,
OECD.SDD.STES:DSD_STES@DF_CLI(4.1),GBR,M,LI,IX,_Z,AA,IX,_Z,H,2001-11,100.1018,A,0,2,
OECD.SDD.STES:DSD_STES@DF_CLI(4.1),GBR,M,LI,IX,_Z,AA,IX,_Z,H,2001-10,100.1537,A,0,2,
OECD.SDD.STES:DSD_STES@DF_CLI(4.1),GBR,M,LI,IX,_Z,AA,IX,_Z,H,2001-09,100.2871,A,0,2,
OECD.SDD.STES:DSD_STES@DF_CLI(4.1),GBR,M,LI,IX,_Z,AA,IX,_Z,H,2001-08,100.4451,A,0,2,
OECD.SDD.STES:DSD_STES@DF_CLI(4.1),GBR,M,LI,IX,_Z,AA,IX,_Z,H,2001-07,100.5859,A,0,2,
OECD.SDD.STES:DSD_STES@DF_CLI(4.1),GBR,M,LI,IX,_Z,AA,IX,_Z,H,2001-06,100.6731,A,0,2,
OECD.SDD.STES:DSD_STES@DF_CLI(4.1),GBR,M,LI,IX,_Z,AA,IX,_Z,H,2001-05,100.7029,A,0,2,
OECD.SDD.STES:DSD_STES@DF_CLI(4.1),GBR,M,LI,IX,_Z,AA,IX,_Z,H,2001-04,100.6968,A,0,2,
OECD.SDD.STES:DSD_STES@DF_CLI(4.1),GBR,M,LI,IX,_Z,AA,IX,_Z,H,2001-03,100.6809,A,0,2,
OECD.SDD.STES:DSD_STES@DF_CLI(4.1),GBR,M,LI,IX,_Z,AA,IX,_Z,H,2001-02,100.6597,A,0,2,
OECD.SDD.STES:DSD_STES@DF_CLI(4.1),GBR,M,LI,IX,_Z,AA,IX,_Z,H,2001-01,100.6413,A,0,2,
OECD.SDD.STES:DSD_STES@DF_CLI(4.1),GBR,M,LI,IX,_Z,AA,IX,_Z,H,2000-12,100.6137,A,0,2,
OECD.SDD.STES:DSD_STES@DF_CLI(4.1),GBR,M,LI,IX,_Z,AA,IX,_Z,H,2000-11,100.5655,A,0,2,
OECD.SDD.STES:DSD_STES@DF_CLI(4.1),GBR,M,LI,IX,_Z,AA,IX,_Z,H,2000-10,100.5164,A,0,2,
OECD.SDD.STES:DSD_STES@DF_CLI(4.1),GBR,M,LI,IX,_Z,AA,IX,_Z,H,2000-09,100.4885,A,0,2,
OECD.SDD.STES:DSD_STES@DF_CLI(4.1),GBR,M,LI,IX,_Z,AA,IX,_Z,H,2000-08,100.4718,A,0,2,
OECD.SDD.STES:DSD_STES@DF_CLI(4.1),GBR,M,LI,IX,_Z,AA,IX,_Z,H,2000-07,100.454,A,0,2,
OECD.SDD.STES:DSD_STES@DF_CLI(4.1),GBR,M,LI,IX,_Z,AA,IX,_Z,H,2000-06,100.4272,A,0,2,
OECD.SDD.STES:DSD_STES@DF_CLI(4.1),GBR,M,LI,IX,_Z,AA,IX,_Z,H,2000-05,100.3771,A,0,2,
OECD.SDD.STES:DSD_STES@DF_CLI(4.1),GBR,M,LI,IX,_Z,AA,IX,_Z,H,2000-04,100.3022,A,0,2,
OECD.SDD.STES:DSD_STES@DF_CLI(4.1),GBR,M,LI,IX,_Z,AA,IX,_Z,H,2000-03,100.2313,A,0,2,
OECD.SDD.STES:DSD_STES@DF_CLI(4.1),GBR,M,LI,IX,_Z,AA,IX,_Z,H,2000-02,100.2045,A,0,2,
OECD.SDD.STES:DSD_STES@DF_CLI(4.1),GBR,M,LI,IX,_Z,AA,IX,_Z,H,2000-01,100.2568,A,0,2,
OECD.SDD.STES:DSD_STES@DF_CLI(4.1),GBR,M,LI,IX,_Z,AA,IX,_Z,H,2018-06,99.89651,A,0,2,
OECD.SDD.STES:DSD_STES@DF_CLI(4.1),GBR,M,LI,IX,_Z,AA,IX,_Z,H,2018-05,100.0353,A,0,2,
OECD.SDD.STES:DSD_STES@DF_CLI(4.1),GBR,M,LI,IX,_Z,AA,IX,_Z,H,2018-04,100.1236,A,0,2,
OECD.SDD.STES:DSD_STES@DF_CLI(4.1),GBR,M,LI,IX,_Z,AA,IX,_Z,H,2018-03,100.2097,A,0,2,
OECD.SDD.STES:DSD_STES@DF_CLI(4.1),GBR,M,LI,IX,_Z,AA,IX,_Z,H,2018-02,100.3146,A,0,2,
OECD.SDD.STES:DSD_STES@DF_CLI(4.1),GBR,M,LI,IX,_Z,AA,IX,_Z,H,2018-01,100.4397,A,0,2,
OECD.SDD.STES:DSD_STES@DF_CLI(4.1),GBR,M,LI,IX,_Z,AA,IX,_Z,H,2017-12,100.5825,A,0,2,
OECD.SDD.STES:DSD_STES@DF_CLI(4.1),GBR,M,LI,IX,_Z,AA,IX,_Z,H,2017-11,100.7369,A,0,2,
OECD.SDD.STES:DSD_STES@DF_CLI(4.1),GBR,M,LI,IX,_Z,AA,IX,_Z,H,2017-10,100.8931,A,0,2,
OECD.SDD.STES:DSD_STES@DF_CLI(4.1),GBR,M,LI,IX,_Z,AA,IX,_Z,H,2017-09,101.0208,A,0,2,
OECD.SDD.STES:DSD_STES@DF_CLI(4.1),GBR,M,LI,IX,_Z,AA,IX,_Z,H,2017-08,101.0946,A,0,2,
OECD.SDD.STES:DSD_STES@DF_CLI(4.1),USA,M,LI,IX,_Z,AA,IX,_Z,H,2008-11,96.40958,A,0,2,
OECD.SDD.STES:DSD_STES@DF_CLI(4.1),USA,M,LI,IX,_Z,AA,IX,_Z,H,2008-10,97.29601,A,0,2,
OECD.SDD.STES:DSD_STES@DF_CLI(4.1),USA,M,LI,IX,_Z,AA,IX,_Z,H,2008-09,98.2217,A,0,2,
OECD.SDD.STES:DSD_STES@DF_CLI(4.1),USA,M,LI,IX,_Z,AA,IX,_Z,H,2008-08,99.0633,A,0,2,
OECD.SDD.STES:DSD_STES@DF_CLI(4.1),USA,M,LI,IX,_Z,AA,IX,_Z,H,2008-07,99.75838,A,0,2,
OECD.SDD.STES:DSD_STES@DF_CLI(4.1),USA,M,LI,IX,_Z,AA,IX,_Z,H,2008-06,100.2938,A,0,2,
OECD.SDD.STES:DSD_STES@DF_CLI(4.1),USA,M,LI,IX,_Z,AA,IX,_Z,H,2008-05,100.6862,A,0,2,
OECD.SDD.STES:DSD_STES@DF_CLI(4.1),USA,M,LI,IX,_Z,AA,IX,_Z,H,2008-04,100.9675,A,0,2,
OECD.SDD.STES:DSD_STES@DF_CLI(4.1),USA,M,LI,IX,_Z,AA,IX,_Z,H,2008-03,101.1753,A,0,2,
OECD.SDD.STES:DSD_STES@DF_CLI(4.1),USA,M,LI,IX,_Z,AA,IX,_Z,H,2008-02,101.3422,A,0,2,
OECD.SDD.STES:DSD_STES@DF_CLI(4.1),USA,M,LI,IX,_Z,AA,IX,_Z,H,2008-01,101.4925,A,0,2,
OECD.SDD.STES:DSD_STES@DF_CLI(4.1),USA,M,LI,IX,_Z,AA,IX,_Z,H,2007-12,101.6242,A,0,2,
OECD.SDD.STES:DSD_STES@DF_CLI(4.1),USA,M,LI,IX,_Z,AA,IX,_Z,H,2007-11,101.7495,A,0,2,
OECD.SDD.STES:DSD_STES@DF_CLI(4.1),USA,M,LI,IX,_Z,AA,IX,_Z,H,2007-10,101.8786,A,0,2,
OECD.SDD.STES:DSD_STES@DF_CLI(4.1),USA,M,LI,IX,_Z,AA,IX,_Z,H,2007-09,101.9997,A,0,2,
OECD.SDD.STES:DSD_STES@DF_CLI(4.1),USA,M,LI,IX,_Z,AA,IX,_Z,H,2007-08,102.1078,A,0,2,
OECD.SDD.STES:DSD_STES@DF_CLI(4.1),USA,M,LI,IX,_Z,AA,IX,_Z,H,2007-07,102.1821,A,0,2,
OECD.SDD.STES:DSD_STES@DF_CLI(4.1),USA,M,LI,IX,_Z,AA,IX,_Z,H,2007-06,102.1951,A,0,2,
OECD.SDD.STES:DSD_STES@DF_CLI(4.1),USA,M,LI,IX,_Z,AA,IX,_Z,H,2007-05,102.1496,A,0,2,
OECD.SDD.STES:DSD_STES@DF_CLI(4.1),USA,M,LI,IX,_Z,AA,IX,_Z,H,2007-04,102.0621,A,0,2,
OECD.SDD.STES:DSD_STES@DF_CLI(4.1),USA,M,LI,IX,_Z,AA,IX,_Z,H,2007-03,101.9467,A,0,2,
OECD.SDD.STES:DSD_STES@DF_CLI(4.1),GBR,M,LI,IX,_Z,AA,IX,_Z,H,2015-02,101.3609,A,0,2,
OECD.SDD.STES:DSD_STES@DF_CLI(4.1),GBR,M,LI,IX,_Z,AA,IX,_Z,H,2015-01,101.3704,A,0,2,
OECD.SDD.STES:DSD_STES@DF_CLI(4.1),GBR,M,LI,IX,_Z,AA,IX,_Z,H,2014-12,101.4197,A,0,2,
OECD.SDD.STES:DSD_STES@DF_CLI(4.1),GBR,M,LI,IX,_Z,AA,IX,_Z,H,2014-11,101.512,A,0,2,
OECD.SDD.STES:DSD_STES@DF_CLI(4.1),GBR,M,LI,IX,_Z,AA,IX,_Z,H,2014-10,101.6403,A,0,2,
OECD.SDD.STES:DSD_STES@DF_CLI(4.1),GBR,M,LI,IX,_Z,AA,IX,_Z,H,2014-09,101.7911,A,0,2,
OECD.SDD.STES:DSD_STES@DF_CLI(4.1),GBR,M,LI,IX,_Z,AA,IX,_Z,H,2008-04,99.69463,A,0,2,
OECD.SDD.STES:DSD_STES@DF_CLI(4.1),GBR,M,LI,IX,_Z,AA,IX,_Z,H,2008-03,100.3599,A,0,2,
OECD.SDD.STES:DSD_STES@DF_CLI(4.1),GBR,M,LI,IX,_Z,AA,IX,_Z,H,2008-02,100.9219,A,0,2,
OECD.SDD.STES:DSD_STES@DF_CLI(4.1),GBR,M,LI,IX,_Z,AA,IX,_Z,H,2008-01,101.42,A,0,2,
OECD.SDD.STES:DSD_STES@DF_CLI(4.1),GBR,M,LI,IX,_Z,AA,IX,_Z,H,2007-12,101.8567,A,0,2,
OECD.SDD.STES:DSD_STES@DF_CLI(4.1),GBR,M,LI,IX,_Z,AA,IX,_Z,H,2007-11,102.2337,A,0,2,
OECD.SDD.STES:DSD_STES@DF_CLI(4.1),GBR,M,LI,IX,_Z,AA,IX,_Z,H,2007-10,102.5562,A,0,2,
OECD.SDD.STES:DSD_STES@DF_CLI(4.1),GBR,M,LI,IX,_Z,AA,IX,_Z,H,2007-09,102.8121,A,0,2,
OECD.SDD.STES:DSD_STES@DF_CLI(4.1),GBR,M,LI,IX,_Z,AA,IX,_Z,H,2007-08,103.0193,A,0,2,
OECD.SDD.STES:DSD_STES@DF_CLI(4.1),GBR,M,LI,IX,_Z,AA,IX,_Z,H,2007-07,103.1864,A,0,2,
OECD.SDD.STES:DSD_STES@DF_CLI(4.1),GBR,M,LI,IX,_Z,AA,IX,_Z,H,2007-06,103.2968,A,0,2,
OECD.SDD.STES:DSD_STES@DF_CLI(4.1),GBR,M,LI,IX,_Z,AA,IX,_Z,H,2007-05,103.3231,A,0,2,
OECD.SDD.STES:DSD_STES@DF_CLI(4.1),GBR,M,LI,IX,_Z,AA,IX,_Z,H,2007-04,103.2645,A,0,2,
OECD.SDD.STES:DSD_STES@DF_CLI(4.1),GBR,M,LI,IX,_Z,AA,IX,_Z,H,2007-03,103.1419,A,0,2,
OECD.SDD.STES:DSD_STES@DF_CLI(4.1),GBR,M,LI,IX,_Z,AA,IX,_Z,H,2007-02,102.9734,A,0,2,
OECD.SDD.STES:DSD_STES@DF_CLI(4.1),GBR,M,LI,IX,_Z,AA,IX,_Z,H,2007-01,102.7774,A,0,2,
OECD.SDD.STES:DSD_STES@DF_CLI(4.1),GBR,M,LI,IX,_Z,AA,IX,_Z,H,2006-12,102.5718,A,0,2,
OECD.SDD.STES:DSD_STES@DF_CLI(4.1),GBR,M,LI,IX,_Z,AA,IX,_Z,H,2006-11,102.3494,A,0,2,
OECD.SDD.STES:DSD_STES@DF_CLI(4.1),GBR,M,LI,IX,_Z,AA,IX,_Z,H,2006-10,102.12,A,0,2,
OECD.SDD.STES:DSD_STES@DF_CLI(4.1),GBR,M,LI,IX,_Z,AA,IX,_Z,H,2006-09,101.8901,A,0,2,
OECD.SDD.STES:DSD_STES@DF_CLI(4.1),GBR,M,LI,IX,_Z,AA,IX,_Z,H,2006-08,101.6769,A,0,2,
OECD.SDD.STES:DSD_STES@DF_CLI(4.1),USA,M,LI,IX,_Z,AA,IX,_Z,H,2002-02,99.16,A,0,2,
OECD.SDD.STES:DSD_STES@DF_CLI(4.1),USA,M,LI,IX,_Z,AA,IX,_Z,H,2012-05,99.82883,A,0,2,
OECD.SDD.STES:DSD_STES@DF_CLI(4.1),USA,M,LI,IX,_Z,AA,IX,_Z,H,2012-10,99.69538,A,0,2,
OECD.SDD.STES:DSD_STES@DF_CLI(4.1),USA,M,LI,IX,_Z,AA,IX,_Z,H,2012-09,99.62103,A,0,2,
OECD.SDD.STES:DSD_STES@DF_CLI(4.1),USA,M,LI,IX,_Z,AA,IX,_Z,H,2012-08,99.58871,A,0,2,
OECD.SDD.STES:DSD_STES@DF_CLI(4.1),USA,M,LI,IX,_Z,AA,IX,_Z,H,2012-07,99.62418,A,0,2,
OECD.SDD.STES:DSD_STES@DF_CLI(4.1),USA,M,LI,IX,_Z,AA,IX,_Z,H,2012-06,99.71312,A,0,2,
OECD.SDD.STES:DSD_STES@DF_CLI(4.1),USA,M,LI,IX,_Z,AA,IX,_Z,H,2013-09,100.7462,A,0,2,
OECD.SDD.STES:DSD_STES@DF_CLI(4.1),USA,M,LI,IX,_Z,AA,IX,_Z,H,2013-08,100.734,A,0,2,
OECD.SDD.STES:DSD_STES@DF_CLI(4.1),USA,M,LI,IX,_Z,AA,IX,_Z,H,2013-07,100.7044,A,0,2,
OECD.SDD.STES:DSD_STES@DF_CLI(4.1),USA,M,LI,IX,_Z,AA,IX,_Z,H,2013-06,100.6511,A,0,2,
OECD.SDD.STES:DSD_STES@DF_CLI(4.1),USA,M,LI,IX,_Z,AA,IX,_Z,H,2013-05,100.5618,A,0,2,
OECD.SDD.STES:DSD_STES@DF_CLI(4.1),USA,M,LI,IX,_Z,AA,IX,_Z,H,2013-04,100.4479,A,0,2,
OECD.SDD.STES:DSD_STES@DF_CLI(4.1),USA,M,LI,IX,_Z,AA,IX,_Z,H,2013-03,100.3324,A,0,2,
OECD.SDD.STES:DSD_STES@DF_CLI(4.1),USA,M,LI,IX,_Z,AA,IX,_Z,H,2013-02,100.2084,A,0,2,
OECD.SDD.STES:DSD_STES@DF_CLI(4.1),USA,M,LI,IX,_Z,AA,IX,_Z,H,2013-01,100.0616,A,0,2,
OECD.SDD.STES:DSD_STES@DF_CLI(4.1),USA,M,LI,IX,_Z,AA,IX,_Z,H,2012-12,99.91803,A,0,2,
OECD.SDD.STES:DSD_STES@DF_CLI(4.1),USA,M,LI,IX,_Z,AA,IX,_Z,H,2012-11,99.79387,A,0,2,
OECD.SDD.STES:DSD_STES@DF_CLI(4.1),USA,M,LI,IX,_Z,AA,IX,_Z,H,2015-10,99.48998,A,0,2,
OECD.SDD.STES:DSD_STES@DF_CLI(4.1),USA,M,LI,IX,_Z,AA,IX,_Z,H,2015-09,99.634,A,0,2,
OECD.SDD.STES:DSD_STES@DF_CLI(4.1),USA,M,LI,IX,_Z,AA,IX,_Z,H,2015-08,99.80806,A,0,2,
OECD.SDD.STES:DSD_STES@DF_CLI(4.1),USA,M,LI,IX,_Z,AA,IX,_Z,H,2015-07,99.98758,A,0,2,
OECD.SDD.STES:DSD_STES@DF_CLI(4.1),USA,M,LI,IX,_Z,AA,IX,_Z,H,2015-06,100.1436,A,0,2,
OECD.SDD.STES:DSD_STES@DF_CLI(4.1),USA,M,LI,IX,_Z,AA,IX,_Z,H,2015-05,100.2657,A,0,2,
OECD.SDD.STES:DSD_STES@DF_CLI(4.1),USA,M,LI,IX,_Z,AA,IX,_Z,H,2015-04,100.3758,A,0,2,
OECD.SDD.STES:DSD_STES@DF_CLI(4.1),USA,M,LI,IX,_Z,AA,IX,_Z,H,2015-03,100.4797,A,0,2,
OECD.SDD.STES:DSD_STES@DF_CLI(4.1),USA,M,LI,IX,_Z,AA,IX,_Z,H,2015-02,100.5859,A,0,2,
OECD.SDD.STES:DSD_STES@DF_CLI(4.1),USA,M,LI,IX,_Z,AA,IX,_Z,H,2015-01,100.6938,A,0,2,
OECD.SDD.STES:DSD_STES@DF_CLI(4.1),USA,M,LI,IX,_Z,AA,IX,_Z,H,2014-12,100.7895,A,0,2,
OECD.SDD.STES:DSD_STES@DF_CLI(4.1),USA,M,LI,IX,_Z,AA,IX,_Z,H,2014-11,100.8637,A,0,2,
OECD.SDD.STES:DSD_STES@DF_CLI(4.1),USA,M,LI,IX,_Z,AA,IX,_Z,H,2014-10,100.9134,A,0,2,
OECD.SDD.STES:DSD_STES@DF_CLI(4.1),USA,M,LI,IX,_Z,AA,IX,_Z,H,2014-09,100.944,A,0,2,
OECD.SDD.STES:DSD_STES@DF_CLI(4.1),USA,M,LI,IX,_Z,AA,IX,_Z,H,2014-08,100.9567,A,0,2,
OECD.SDD.STES:DSD_STES@DF_CLI(4.1),USA,M,LI,IX,_Z,AA,IX,_Z,H,2014-07,100.956,A,0,2,
OECD.SDD.STES:DSD_STES@DF_CLI(4.1),USA,M,LI,IX,_Z,AA,IX,_Z,H,2014-06,100.9394,A,0,2,
OECD.SDD.STES:DSD_STES@DF_CLI(4.1),USA,M,LI,IX,_Z,AA,IX,_Z,H,2014-05,100.9046,A,0,2,
OECD.SDD.STES:DSD_STES@DF_CLI(4.1),USA,M,LI,IX,_Z,AA,IX,_Z,H,2014-04,100.8556,A,0,2,
OECD.SDD.STES:DSD_STES@DF_CLI(4.1),USA,M,LI,IX,_Z,AA,IX,_Z,H,2014-03,100.7993,A,0,2,
OECD.SDD.STES:DSD_STES@DF_CLI(4.1),USA,M,LI,IX,_Z,AA,IX,_Z,H,2014-02,100.7538,A,0,2,
OECD.SDD.STES:DSD_STES@DF_CLI(4.1),USA,M,LI,IX,_Z,AA,IX,_Z,H,2014-01,100.7378,A,0,2,
OECD.SDD.STES:DSD_STES@DF_CLI(4.1),USA,M,LI,IX,_Z,AA,IX,_Z,H,2013-12,100.7502,A,0,2,
OECD.SDD.STES:DSD_STES@DF_CLI(4.1),USA,M,LI,IX,_Z,AA,IX,_Z,H,2013-11,100.7564,A,0,2,
OECD.SDD.STES:DSD_STES@DF_CLI(4.1),USA,M,LI,IX,_Z,AA,IX,_Z,H,2013-10,100.7509,A,0,2,
OECD.SDD.STES:DSD_STES@DF_CLI(4.1),USA,M,LI,IX,_Z,AA,IX,_Z,H,2006-07,101.1873,A,0,2,
OECD.SDD.STES:DSD_STES@DF_CLI(4.1),USA,M,LI,IX,_Z,AA,IX,_Z,H,2006-06,101.2268,A,0,2,
OECD.SDD.STES:DSD_STES@DF_CLI(4.1),USA,M,LI,IX,_Z,AA,IX,_Z,H,2006-05,101.2882,A,0,2,
OECD.SDD.STES:DSD_STES@DF_CLI(4.1),USA,M,LI,IX,_Z,AA,IX,_Z,H,2006-04,101.3501,A,0,2,
OECD.SDD.STES:DSD_STES@DF_CLI(4.1),USA,M,LI,IX,_Z,AA,IX,_Z,H,2006-03,101.3763,A,0,2,
OECD.SDD.STES:DSD_STES@DF_CLI(4.1),USA,M,LI,IX,_Z,AA,IX,_Z,H,2006-02,101.3439,A,0,2,
OECD.SDD.STES:DSD_STES@DF_CLI(4.1),USA,M,LI,IX,_Z,AA,IX,_Z,H,2006-01,101.2572,A,0,2,
OECD.SDD.STES:DSD_STES@DF_CLI(4.1),USA,M,LI,IX,_Z,AA,IX,_Z,H,2005-12,101.1223,A,0,2,
OECD.SDD.STES:DSD_STES@DF_CLI(4.1),USA,M,LI,IX,_Z,AA,IX,_Z,H,2005-11,100.9487,A,0,2,
OECD.SDD.STES:DSD_STES@DF_CLI(4.1),USA,M,LI,IX,_Z,AA,IX,_Z,H,2019-06,99.12743,A,0,2,
OECD.SDD.STES:DSD_STES@DF_CLI(4.1),USA,M,LI,IX,_Z,AA,IX,_Z,H,2019-05,99.22868,A,0,2,
OECD.SDD.STES:DSD_STES@DF_CLI(4.1),USA,M,LI,IX,_Z,AA,IX,_Z,H,2019-04,99.34078,A,0,2,
OECD.SDD.STES:DSD_STES@DF_CLI(4.1),USA,M,LI,IX,_Z,AA,IX,_Z,H,2019-03,99.46079,A,0,2,
OECD.SDD.STES:DSD_STES@DF_CLI(4.1),USA,M,LI,IX,_Z,AA,IX,_Z,H,2019-02,99.59144,A,0,2,
OECD.SDD.STES:DSD_STES@DF_CLI(4.1),USA,M,LI,IX,_Z,AA,IX,_Z,H,2019-01,99.7553,A,0,2,
OECD.SDD.STES:DSD_STES@DF_CLI(4.1),USA,M,LI,IX,_Z,AA,IX,_Z,H,2018-12,99.95388,A,0,2,
OECD.SDD.STES:DSD_STES@DF_CLI(4.1),USA,M,LI,IX,_Z,AA,IX,_Z,H,2018-11,100.1697,A,0,2,
OECD.SDD.STES:DSD_STES@DF_CLI(4.1),USA,M,LI,IX,_Z,AA,IX,_Z,H,2026-05,100.65,A,0,2,
OECD.SDD.STES:DSD_STES@DF_CLI(4.1),USA,M,LI,IX,_Z,AA,IX,_Z,H,2026-04,100.5444,A,0,2,
OECD.SDD.STES:DSD_STES@DF_CLI(4.1),USA,M,LI,IX,_Z,AA,IX,_Z,H,2026-03,100.4315,A,0,2,
OECD.SDD.STES:DSD_STES@DF_CLI(4.1),USA,M,LI,IX,_Z,AA,IX,_Z,H,2026-02,100.3057,A,0,2,
OECD.SDD.STES:DSD_STES@DF_CLI(4.1),USA,M,LI,IX,_Z,AA,IX,_Z,H,2026-01,100.1517,A,0,2,
OECD.SDD.STES:DSD_STES@DF_CLI(4.1),USA,M,LI,IX,_Z,AA,IX,_Z,H,2025-12,99.97923,A,0,2,
OECD.SDD.STES:DSD_STES@DF_CLI(4.1),USA,M,LI,IX,_Z,AA,IX,_Z,H,2025-11,99.82158,A,0,2,
OECD.SDD.STES:DSD_STES@DF_CLI(4.1),USA,M,LI,IX,_Z,AA,IX,_Z,H,2025-10,99.69538,A,0,2,
OECD.SDD.STES:DSD_STES@DF_CLI(4.1),USA,M,LI,IX,_Z,AA,IX,_Z,H,2025-09,99.60722,A,0,2,
OECD.SDD.STES:DSD_STES@DF_CLI(4.1),USA,M,LI,IX,_Z,AA,IX,_Z,H,2025-08,99.54735,A,0,2,
OECD.SDD.STES:DSD_STES@DF_CLI(4.1),USA,M,LI,IX,_Z,AA,IX,_Z,H,2025-07,99.50542,A,0,2,
OECD.SDD.STES:DSD_STES@DF_CLI(4.1),USA,M,LI,IX,_Z,AA,IX,_Z,H,2025-06,99.47252,A,0,2,
OECD.SDD.STES:DSD_STES@DF_CLI(4.1),USA,M,LI,IX,_Z,AA,IX,_Z,H,2025-05,99.45961,A,0,2,
OECD.SDD.STES:DSD_STES@DF_CLI(4.1),USA,M,LI,IX,_Z,AA,IX,_Z,H,2025-04,99.49651,A,0,2,
OECD.SDD.STES:DSD_STES@DF_CLI(4.1),USA,M,LI,IX,_Z,AA,IX,_Z,H,2025-03,99.5894,A,0,2,
OECD.SDD.STES:DSD_STES@DF_CLI(4.1),USA,M,LI,IX,_Z,AA,IX,_Z,H,2025-02,99.68948,A,0,2,
OECD.SDD.STES:DSD_STES@DF_CLI(4.1),USA,M,LI,IX,_Z,AA,IX,_Z,H,2025-01,99.75335,A,0,2,
OECD.SDD.STES:DSD_STES@DF_CLI(4.1),USA,M,LI,IX,_Z,AA,IX,_Z,H,2016-09,99.26044,A,0,2,
OECD.SDD.STES:DSD_STES@DF_CLI(4.1),USA,M,LI,IX,_Z,AA,IX,_Z,H,2016-08,99.17155,A,0,2,
OECD.SDD.STES:DSD_STES@DF_CLI(4.1),USA,M,LI,IX,_Z,AA,IX,_Z,H,2016-07,99.12533,A,0,2,
OECD.SDD.STES:DSD_STES@DF_CLI(4.1),USA,M,LI,IX,_Z,AA,IX,_Z,H,2016-06,99.10728,A,0,2,
OECD.SDD.STES:DSD_STES@DF_CLI(4.1),USA,M,LI,IX,_Z,AA,IX,_Z,H,2016-05,99.10514,A,0,2,
OECD.SDD.STES:DSD_STES@DF_CLI(4.1),USA,M,LI,IX,_Z,AA,IX,_Z,H,2016-04,99.10034,A,0,2,
OECD.SDD.STES:DSD_STES@DF_CLI(4.1),USA,M,LI,IX,_Z,AA,IX,_Z,H,2016-03,99.09949,A,0,2,
OECD.SDD.STES:DSD_STES@DF_CLI(4.1),USA,M,LI,IX,_Z,AA,IX,_Z,H,2016-02,99.11855,A,0,2,
OECD.SDD.STES:DSD_STES@DF_CLI(4.1),USA,M,LI,IX,_Z,AA,IX,_Z,H,2016-01,99.17632,A,0,2,
OECD.SDD.STES:DSD_STES@DF_CLI(4.1),USA,M,LI,IX,_Z,AA,IX,_Z,H,2015-12,99.26193,A,0,2,
OECD.SDD.STES:DSD_STES@DF_CLI(4.1),USA,M,LI,IX,_Z,AA,IX,_Z,H,2015-11,99.36811,A,0,2,
OECD.SDD.STES:DSD_STES@DF_CLI(4.1),USA,M,LI,IX,_Z,AA,IX,_Z,H,2023-04,98.56754,A,0,2,
OECD.SDD.STES:DSD_STES@DF_CLI(4.1),USA,M,LI,IX,_Z,AA,IX,_Z,H,2023-03,98.57808,A,0,2,
OECD.SDD.STES:DSD_STES@DF_CLI(4.1),USA,M,LI,IX,_Z,AA,IX,_Z,H,2023-02,98.62457,A,0,2,
OECD.SDD.STES:DSD_STES@DF_CLI(4.1),USA,M,LI,IX,_Z,AA,IX,_Z,H,2023-01,98.68313,A,0,2,
OECD.SDD.STES:DSD_STES@DF_CLI(4.1),USA,M,LI,IX,_Z,AA,IX,_Z,H,2022-12,98.74248,A,0,2,
OECD.SDD.STES:DSD_STES@DF_CLI(4.1),USA,M,LI,IX,_Z,AA,IX,_Z,H,2022-11,98.82322,A,0,2,
OECD.SDD.STES:DSD_STES@DF_CLI(4.1),USA,M,LI,IX,_Z,AA,IX,_Z,H,2022-10,98.93385,A,0,2,
OECD.SDD.STES:DSD_STES@DF_CLI(4.1),USA,M,LI,IX,_Z,AA,IX,_Z,H,2022-09,99.07067,A,0,2,
OECD.SDD.STES:DSD_STES@DF_CLI(4.1),USA,M,LI,IX,_Z,AA,IX,_Z,H,2022-08,99.24112,A,0,2,
OECD.SDD.STES:DSD_STES@DF_CLI(4.1),USA,M,LI,IX,_Z,AA,IX,_Z,H,2022-07,99.45829,A,0,2,
OECD.SDD.STES:DSD_STES@DF_CLI(4.1),USA,M,LI,IX,_Z,AA,IX,_Z,H,2022-06,99.73785,A,0,2,
OECD.SDD.STES:DSD_STES@DF_CLI(4.1),USA,M,LI,IX,_Z,AA,IX,_Z,H,2022-05,100.0652,A,0,2,
OECD.SDD.STES:DSD_STES@DF_CLI(4.1),USA,M,LI,IX,_Z,AA,IX,_Z,H,2022-04,100.3907,A,0,2,
OECD.SDD.STES:DSD_STES@DF_CLI(4.1),USA,M,LI,IX,_Z,AA,IX,_Z,H,2022-03,100.6653,A,0,2,
OECD.SDD.STES:DSD_STES@DF_CLI(4.1),USA,M,LI,IX,_Z,AA,IX,_Z,H,2022-02,100.8795,A,0,2,
OECD.SDD.STES:DSD_STES@DF_CLI(4.1),USA,M,LI,IX,_Z,AA,IX,_Z,H,2022-01,101.0301,A,0,2,
OECD.SDD.STES:DSD_STES@DF_CLI(4.1),USA,M,LI,IX,_Z,AA,IX,_Z,H,2021-12,101.1259,A,0,2,
OECD.SDD.STES:DSD_STES@DF_CLI(4.1),USA,M,LI,IX,_Z,AA,IX,_Z,H,2021-11,101.1736,A,0,2,
OECD.SDD.STES:DSD_STES@DF_CLI(4.1),USA,M,LI,IX,_Z,AA,IX,_Z,H,2021-10,101.1981,A,0,2,
OECD.SDD.STES:DSD_STES@DF_CLI(4.1),USA,M,LI,IX,_Z,AA,IX,_Z,H,2021-09,101.2288,A,0,2,
OECD.SDD.STES:DSD_STES@DF_CLI(4.1),USA,M,LI,IX,_Z,AA,IX,_Z,H,2021-08,101.2817,A,0,2,
OECD.SDD.STES:DSD_STES@DF_CLI(4.1),USA,M,LI,IX,_Z,AA,IX,_Z,H,2021-07,101.3518,A,0,2,
OECD.SDD.STES:DSD_STES@DF_CLI(4.1),USA,M,LI,IX,_Z,AA,IX,_Z,H,2021-06,101.4063,A,0,2,
OECD.SDD.STES:DSD_STES@DF_CLI(4.1),USA,M,LI,IX,_Z,AA,IX,_Z,H,2021-05,101.4108,A,0,2,
OECD.SDD.STES:DSD_STES@DF_CLI(4.1),USA,M,LI,IX,_Z,AA,IX,_Z,H,2021-04,101.3496,A,0,2,
OECD.SDD.STES:DSD_STES@DF_CLI(4.1),USA,M,LI,IX,_Z,AA,IX,_Z,H,2021-03,101.111,A,0,2,
OECD.SDD.STES:DSD_STES@DF_CLI(4.1),USA,M,LI,IX,_Z,AA,IX,_Z,H,2021-02,100.7998,A,0,2,
OECD.SDD.STES:DSD_STES@DF_CLI(4.1),USA,M,LI,IX,_Z,AA,IX,_Z,H,2021-01,100.446,A,0,2,
OECD.SDD.STES:DSD_STES@DF_CLI(4.1),USA,M,LI,IX,_Z,AA,IX,_Z,H,2020-12,100.0796,A,0,2,
OECD.SDD.STES:DSD_STES@DF_CLI(4.1),USA,M,LI,IX,_Z,AA,IX,_Z,H,2020-11,99.66386,A,0,2,
OECD.SDD.STES:DSD_STES@DF_CLI(4.1),USA,M,LI,IX,_Z,AA,IX,_Z,H,2020-10,99.26421,A,0,2,
OECD.SDD.STES:DSD_STES@DF_CLI(4.1),USA,M,LI,IX,_Z,AA,IX,_Z,H,2020-09,98.89587,A,0,2,
OECD.SDD.STES:DSD_STES@DF_CLI(4.1),USA,M,LI,IX,_Z,AA,IX,_Z,H,2020-08,98.59524,A,0,2,
OECD.SDD.STES:DSD_STES@DF_CLI(4.1),USA,M,LI,IX,_Z,AA,IX,_Z,H,2020-07,97.88734,A,0,2,
OECD.SDD.STES:DSD_STES@DF_CLI(4.1),USA,M,LI,IX,_Z,AA,IX,_Z,H,2020-06,96.34279,A,0,2,
OECD.SDD.STES:DSD_STES@DF_CLI(4.1),USA,M,LI,IX,_Z,AA,IX,_Z,H,2020-05,94.45891,A,0,2,
OECD.SDD.STES:DSD_STES@DF_CLI(4.1),USA,M,LI,IX,_Z,AA,IX,_Z,H,2020-04,92.93273,A,0,2,
OECD.SDD.STES:DSD_STES@DF_CLI(4.1),USA,M,LI,IX,_Z,AA,IX,_Z,H,2020-03,97.802,A,0,2,
OECD.SDD.STES:DSD_STES@DF_CLI(4.1),USA,M,LI,IX,_Z,AA,IX,_Z,H,2020-02,99.21421,A,0,2,
OECD.SDD.STES:DSD_STES@DF_CLI(4.1),USA,M,LI,IX,_Z,AA,IX,_Z,H,2020-01,99.25109,A,0,2,
OECD.SDD.STES:DSD_STES@DF_CLI(4.1),USA,M,LI,IX,_Z,AA,IX,_Z,H,2019-12,99.2149,A,0,2,
OECD.SDD.STES:DSD_STES@DF_CLI(4.1),USA,M,LI,IX,_Z,AA,IX,_Z,H,2019-11,99.13517,A,0,2,
OECD.SDD.STES:DSD_STES@DF_CLI(4.1),USA,M,LI,IX,_Z,AA,IX,_Z,H,2019-10,99.05112,A,0,2,
OECD.SDD.STES:DSD_STES@DF_CLI(4.1),USA,M,LI,IX,_Z,AA,IX,_Z,H,2019-09,98.99567,A,0,2,
OECD.SDD.STES:DSD_STES@DF_CLI(4.1),USA,M,LI,IX,_Z,AA,IX,_Z,H,2019-08,98.99186,A,0,2,
OECD.SDD.STES:DSD_STES@DF_CLI(4.1),USA,M,LI,IX,_Z,AA,IX,_Z,H,2019-07,99.04464,A,0,2,
OECD.SDD.STES:DSD_STES@DF_CLI(4.1),USA,M,LI,IX,_Z,AA,IX,_Z,H,2011-09,99.13213,A,0,2,
OECD.SDD.STES:DSD_STES@DF_CLI(4.1),USA,M,LI,IX,_Z,AA,IX,_Z,H,2011-08,99.25582,A,0,2,
OECD.SDD.STES:DSD_STES@DF_CLI(4.1),USA,M,LI,IX,_Z,AA,IX,_Z,H,2011-07,99.49422,A,0,2,
OECD.SDD.STES:DSD_STES@DF_CLI(4.1),USA,M,LI,IX,_Z,AA,IX,_Z,H,2011-06,99.78041,A,0,2,
OECD.SDD.STES:DSD_STES@DF_CLI(4.1),USA,M,LI,IX,_Z,AA,IX,_Z,H,2011-05,100.0487,A,0,2,
OECD.SDD.STES:DSD_STES@DF_CLI(4.1),USA,M,LI,IX,_Z,AA,IX,_Z,H,2011-04,100.2483,A,0,2,
OECD.SDD.STES:DSD_STES@DF_CLI(4.1),USA,M,LI,IX,_Z,AA,IX,_Z,H,2011-03,100.3563,A,0,2,
OECD.SDD.STES:DSD_STES@DF_CLI(4.1),USA,M,LI,IX,_Z,AA,IX,_Z,H,2011-02,100.3612,A,0,2,
OECD.SDD.STES:DSD_STES@DF_CLI(4.1),USA,M,LI,IX,_Z,AA,IX,_Z,H,2011-01,100.2658,A,0,2,
OECD.SDD.STES:DSD_STES@DF_CLI(4.1),USA,M,LI,IX,_Z,AA,IX,_Z,H,2010-12,100.1058,A,0,2,
OECD.SDD.STES:DSD_STES@DF_CLI(4.1),USA,M,LI,IX,_Z,AA,IX,_Z,H,2010-11,99.91633,A,0,2,
OECD.SDD.STES:DSD_STES@DF_CLI(4.1),USA,M,LI,IX,_Z,AA,IX,_Z,H,2010-10,99.73712,A,0,2,
OECD.SDD.STES:DSD_STES@DF_CLI(4.1),USA,M,LI,IX,_Z,AA,IX,_Z,H,2010-09,99.60554,A,0,2,
OECD.SDD.STES:DSD_STES@DF_CLI(4.1),USA,M,LI,IX,_Z,AA,IX,_Z,H,2010-08,99.53367,A,0,2,
OECD.SDD.STES:DSD_STES@DF_CLI(4.1),USA,M,LI,IX,_Z,AA,IX,_Z,H,2010-07,99.53532,A,0,2,
OECD.SDD.STES:DSD_STES@DF_CLI(4.1),USA,M,LI,IX,_Z,AA,IX,_Z,H,2010-06,99.59907,A,0,2,
OECD.SDD.STES:DSD_STES@DF_CLI(4.1),USA,M,LI,IX,_Z,AA,IX,_Z,H,2010-05,99.6749,A,0,2,
OECD.SDD.STES:DSD_STES@DF_CLI(4.1),USA,M,LI,IX,_Z,AA,IX,_Z,H,2010-04,99.69805,A,0,2,
OECD.SDD.STES:DSD_STES@DF_CLI(4.1),USA,M,LI,IX,_Z,AA,IX,_Z,H,2010-03,99.62843,A,0,2,
OECD.SDD.STES:DSD_STES@DF_CLI(4.1),USA,M,LI,IX,_Z,AA,IX,_Z,H,2010-02,99.45547,A,0,2,
OECD.SDD.STES:DSD_STES@DF_CLI(4.1),USA,M,LI,IX,_Z,AA,IX,_Z,H,2010-01,99.19576,A,0,2,
OECD.SDD.STES:DSD_STES@DF_CLI(4.1),USA,M,LI,IX,_Z,AA,IX,_Z,H,2009-12,98.84548,A,0,2,
OECD.SDD.STES:DSD_STES@DF_CLI(4.1),USA,M,LI,IX,_Z,AA,IX,_Z,H,2009-11,98.4395,A,0,2,
OECD.SDD.STES:DSD_STES@DF_CLI(4.1),USA,M,LI,IX,_Z,AA,IX,_Z,H,2009-10,97.99724,A,0,2,
OECD.SDD.STES:DSD_STES@DF_CLI(4.1),USA,M,LI,IX,_Z,AA,IX,_Z,H,2009-09,97.51364,A,0,2,
OECD.SDD.STES:DSD_STES@DF_CLI(4.1),USA,M,LI,IX,_Z,AA,IX,_Z,H,2009-08,96.98649,A,0,2,
OECD.SDD.STES:DSD_STES@DF_CLI(4.1),USA,M,LI,IX,_Z,AA,IX,_Z,H,2009-07,96.43385,A,0,2,
OECD.SDD.STES:DSD_STES@DF_CLI(4.1),USA,M,LI,IX,_Z,AA,IX,_Z,H,2009-06,95.88684,A,0,2,
OECD.SDD.STES:DSD_STES@DF_CLI(4.1),USA,M,LI,IX,_Z,AA,IX,_Z,H,2009-05,95.38651,A,0,2,
OECD.SDD.STES:DSD_STES@DF_CLI(4.1),USA,M,LI,IX,_Z,AA,IX,_Z,H,2009-04,94.99537,A,0,2,
OECD.SDD.STES:DSD_STES@DF_CLI(4.1),USA,M,LI,IX,_Z,AA,IX,_Z,H,2009-03,94.78477,A,0,2,
OECD.SDD.STES:DSD_STES@DF_CLI(4.1),USA,M,LI,IX,_Z,AA,IX,_Z,H,2009-02,94.82361,A,0,2,
OECD.SDD.STES:DSD_STES@DF_CLI(4.1),USA,M,LI,IX,_Z,AA,IX,_Z,H,2009-01,95.12247,A,0,2,
OECD.SDD.STES:DSD_STES@DF_CLI(4.1),USA,M,LI,IX,_Z,AA,IX,_Z,H,2008-12,95.66367,A,0,2,
OECD.SDD.STES:DSD_STES@DF_CLI(4.1),USA,M,LI,IX,_Z,AA,IX,_Z,H,2024-06,99.30333,A,0,2,
OECD.SDD.STES:DSD_STES@DF_CLI(4.1),USA,M,LI,IX,_Z,AA,IX,_Z,H,2024-05,99.31429,A,0,2,
OECD.SDD.STES:DSD_STES@DF_CLI(4.1),USA,M,LI,IX,_Z,AA,IX,_Z,H,2024-04,99.31683,A,0,2,
OECD.SDD.STES:DSD_STES@DF_CLI(4.1),USA,M,LI,IX,_Z,AA,IX,_Z,H,2024-03,99.28094,A,0,2,
OECD.SDD.STES:DSD_STES@DF_CLI(4.1),USA,M,LI,IX,_Z,AA,IX,_Z,H,2024-02,99.19873,A,0,2,
OECD.SDD.STES:DSD_STES@DF_CLI(4.1),USA,M,LI,IX,_Z,AA,IX,_Z,H,2024-01,99.09195,A,0,2,
OECD.SDD.STES:DSD_STES@DF_CLI(4.1),USA,M,LI,IX,_Z,AA,IX,_Z,H,2023-12,98.98518,A,0,2,
OECD.SDD.STES:DSD_STES@DF_CLI(4.1),USA,M,LI,IX,_Z,AA,IX,_Z,H,2023-11,98.90288,A,0,2,
OECD.SDD.STES:DSD_STES@DF_CLI(4.1),USA,M,LI,IX,_Z,AA,IX,_Z,H,2023-10,98.85823,A,0,2,
OECD.SDD.STES:DSD_STES@DF_CLI(4.1),USA,M,LI,IX,_Z,AA,IX,_Z,H,2023-09,98.83511,A,0,2,
OECD.SDD.STES:DSD_STES@DF_CLI(4.1),USA,M,LI,IX,_Z,AA,IX,_Z,H,2023-08,98.80217,A,0,2,
OECD.SDD.STES:DSD_STES@DF_CLI(4.1),USA,M,LI,IX,_Z,AA,IX,_Z,H,2023-07,98.74563,A,0,2,
OECD.SDD.STES:DSD_STES@DF_CLI(4.1),USA,M,LI,IX,_Z,AA,IX,_Z,H,2023-06,98.66925,A,0,2,
OECD.SDD.STES:DSD_STES@DF_CLI(4.1),USA,M,LI,IX,_Z,AA,IX,_Z,H,2007-02,101.8251,A,0,2,
OECD.SDD.STES:DSD_STES@DF_CLI(4.1),USA,M,LI,IX,_Z,AA,IX,_Z,H,2007-01,101.7072,A,0,2,
OECD.SDD.STES:DSD_STES@DF_CLI(4.1),USA,M,LI,IX,_Z,AA,IX,_Z,H,2006-12,101.5865,A,0,2,
OECD.SDD.STES:DSD_STES@DF_CLI(4.1),USA,M,LI,IX,_Z,AA,IX,_Z,H,2006-11,101.4624,A,0,2,
OECD.SDD.STES:DSD_STES@DF_CLI(4.1),USA,M,LI,IX,_Z,AA,IX,_Z,H,2006-10,101.3475,A,0,2,
OECD.SDD.STES:DSD_STES@DF_CLI(4.1),USA,M,LI,IX,_Z,AA,IX,_Z,H,2006-09,101.2525,A,0,2,
OECD.SDD.STES:DSD_STES@DF_CLI(4.1),USA,M,LI,IX,_Z,AA,IX,_Z,H,2006-08,101.1919,A,0,2,
OECD.SDD.STES:DSD_STES@DF_CLI(4.1),USA,M,LI,IX,_Z,AA,IX,_Z,H,2012-04,99.92085,A,0,2,
OECD.SDD.STES:DSD_STES@DF_CLI(4.1),USA,M,LI,IX,_Z,AA,IX,_Z,H,2012-03,99.94851,A,0,2,
OECD.SDD.STES:DSD_STES@DF_CLI(4.1),USA,M,LI,IX,_Z,AA,IX,_Z,H,2012-02,99.88796,A,0,2,
OECD.SDD.STES:DSD_STES@DF_CLI(4.1),USA,M,LI,IX,_Z,AA,IX,_Z,H,2012-01,99.73501,A,0,2,
OECD.SDD.STES:DSD_STES@DF_CLI(4.1),USA,M,LI,IX,_Z,AA,IX,_Z,H,2011-12,99.5169,A,0,2,
OECD.SDD.STES:DSD_STES@DF_CLI(4.1),USA,M,LI,IX,_Z,AA,IX,_Z,H,2011-11,99.29851,A,0,2,
OECD.SDD.STES:DSD_STES@DF_CLI(4.1),USA,M,LI,IX,_Z,AA,IX,_Z,H,2011-10,99.15298,A,0,2,
OECD.SDD.STES:DSD_STES@DF_CLI(4.1),USA,M,LI,IX,_Z,AA,IX,_Z,H,2000-07,100.601,A,0,2,
OECD.SDD.STES:DSD_STES@DF_CLI(4.1),USA,M,LI,IX,_Z,AA,IX,_Z,H,2000-06,100.783,A,0,2,
OECD.SDD.STES:DSD_STES@DF_CLI(4.1),USA,M,LI,IX,_Z,AA,IX,_Z,H,2000-05,100.9471,A,0,2,
OECD.SDD.STES:DSD_STES@DF_CLI(4.1),USA,M,LI,IX,_Z,AA,IX,_Z,H,2000-04,101.0928,A,0,2,
OECD.SDD.STES:DSD_STES@DF_CLI(4.1),USA,M,LI,IX,_Z,AA,IX,_Z,H,2000-03,101.2111,A,0,2,
OECD.SDD.STES:DSD_STES@DF_CLI(4.1),USA,M,LI,IX,_Z,AA,IX,_Z,H,2000-02,101.3074,A,0,2,
OECD.SDD.STES:DSD_STES@DF_CLI(4.1),USA,M,LI,IX,_Z,AA,IX,_Z,H,2000-01,101.3727,A,0,2,
OECD.SDD.STES:DSD_STES@DF_CLI(4.1),USA,M,LI,IX,_Z,AA,IX,_Z,H,2002-01,98.87014,A,0,2,
OECD.SDD.STES:DSD_STES@DF_CLI(4.1),USA,M,LI,IX,_Z,AA,IX,_Z,H,2001-12,98.56412,A,0,2,
OECD.SDD.STES:DSD_STES@DF_CLI(4.1),USA,M,LI,IX,_Z,AA,IX,_Z,H,2001-11,98.29974,A,0,2,
OECD.SDD.STES:DSD_STES@DF_CLI(4.1),USA,M,LI,IX,_Z,AA,IX,_Z,H,2001-10,98.13154,A,0,2,
OECD.SDD.STES:DSD_STES@DF_CLI(4.1),USA,M,LI,IX,_Z,AA,IX,_Z,H,2001-09,98.08069,A,0,2,
OECD.SDD.STES:DSD_STES@DF_CLI(4.1),USA,M,LI,IX,_Z,AA,IX,_Z,H,2001-08,98.12148,A,0,2,
OECD.SDD.STES:DSD_STES@DF_CLI(4.1),USA,M,LI,IX,_Z,AA,IX,_Z,H,2001-07,98.18441,A,0,2,
OECD.SDD.STES:DSD_STES@DF_CLI(4.1),USA,M,LI,IX,_Z,AA,IX,_Z,H,2001-06,98.2291,A,0,2,
OECD.SDD.STES:DSD_STES@DF_CLI(4.1),USA,M,LI,IX,_Z,AA,IX,_Z,H,2001-05,98.25233,A,0,2,
OECD.SDD.STES:DSD_STES@DF_CLI(4.1),USA,M,LI,IX,_Z,AA,IX,_Z,H,2001-04,98.27859,A,0,2,
OECD.SDD.STES:DSD_STES@DF_CLI(4.1),USA,M,LI,IX,_Z,AA,IX,_Z,H,2001-03,98.36252,A,0,2,
OECD.SDD.STES:DSD_STES@DF_CLI(4.1),USA,M,LI,IX,_Z,AA,IX,_Z,H,2001-02,98.5294,A,0,2,
OECD.SDD.STES:DSD_STES@DF_CLI(4.1),USA,M,LI,IX,_Z,AA,IX,_Z,H,2001-01,98.78753,A,0,2,
OECD.SDD.STES:DSD_STES@DF_CLI(4.1),USA,M,LI,IX,_Z,AA,IX,_Z,H,2000-12,99.12421,A,0,2,
OECD.SDD.STES:DSD_STES@DF_CLI(4.1),USA,M,LI,IX,_Z,AA,IX,_Z,H,2000-11,99.49332,A,0,2,
OECD.SDD.STES:DSD_STES@DF_CLI(4.1),USA,M,LI,IX,_Z,AA,IX,_Z,H,2000-10,99.83617,A,0,2,
OECD.SDD.STES:DSD_STES@DF_CLI(4.1),USA,M,LI,IX,_Z,AA,IX,_Z,H,2000-09,100.1375,A,0,2,
OECD.SDD.STES:DSD_STES@DF_CLI(4.1),USA,M,LI,IX,_Z,AA,IX,_Z,H,2000-08,100.3869,A,0,2,
OECD.SDD.STES:DSD_STES@DF_CLI(4.1),USA,M,LI,IX,_Z,AA,IX,_Z,H,2005-05,100.3533,A,0,2,
OECD.SDD.STES:DSD_STES@DF_CLI(4.1),USA,M,LI,IX,_Z,AA,IX,_Z,H,2005-04,100.36,A,0,2,
OECD.SDD.STES:DSD_STES@DF_CLI(4.1),USA,M,LI,IX,_Z,AA,IX,_Z,H,2005-03,100.4129,A,0,2,
OECD.SDD.STES:DSD_STES@DF_CLI(4.1),USA,M,LI,IX,_Z,AA,IX,_Z,H,2005-02,100.4865,A,0,2,
OECD.SDD.STES:DSD_STES@DF_CLI(4.1),USA,M,LI,IX,_Z,AA,IX,_Z,H,2005-01,100.5449,A,0,2,
OECD.SDD.STES:DSD_STES@DF_CLI(4.1),USA,M,LI,IX,_Z,AA,IX,_Z,H,2004-12,100.5767,A,0,2,
OECD.SDD.STES:DSD_STES@DF_CLI(4.1),USA,M,LI,IX,_Z,AA,IX,_Z,H,2004-11,100.5882,A,0,2,
OECD.SDD.STES:DSD_STES@DF_CLI(4.1),USA,M,LI,IX,_Z,AA,IX,_Z,H,2004-10,100.6153,A,0,2,
OECD.SDD.STES:DSD_STES@DF_CLI(4.1),USA,M,LI,IX,_Z,AA,IX,_Z,H,2004-09,100.6846,A,0,2,
OECD.SDD.STES:DSD_STES@DF_CLI(4.1),USA,M,LI,IX,_Z,AA,IX,_Z,H,2004-08,100.7876,A,0,2,
OECD.SDD.STES:DSD_STES@DF_CLI(4.1),USA,M,LI,IX,_Z,AA,IX,_Z,H,2004-07,100.9058,A,0,2,
OECD.SDD.STES:DSD_STES@DF_CLI(4.1),USA,M,LI,IX,_Z,AA,IX,_Z,H,2004-06,101.0121,A,0,2,
OECD.SDD.STES:DSD_STES@DF_CLI(4.1),USA,M,LI,IX,_Z,AA,IX,_Z,H,2004-05,101.0896,A,0,2,
OECD.SDD.STES:DSD_STES@DF_CLI(4.1),USA,M,LI,IX,_Z,AA,IX,_Z,H,2004-04,101.1322,A,0,2,
OECD.SDD.STES:DSD_STES@DF_CLI(4.1),USA,M,LI,IX,_Z,AA,IX,_Z,H,2004-03,101.13,A,0,2,
OECD.SDD.STES:DSD_STES@DF_CLI(4.1),USA,M,LI,IX,_Z,AA,IX,_Z,H,2004-02,101.0633,A,0,2,
OECD.SDD.STES:DSD_STES@DF_CLI(4.1),USA,M,LI,IX,_Z,AA,IX,_Z,H,2004-01,100.9197,A,0,2,
OECD.SDD.STES:DSD_STES@DF_CLI(4.1),USA,M,LI,IX,_Z,AA,IX,_Z,H,2003-12,100.6805,A,0,2,
OECD.SDD.STES:DSD_STES@DF_CLI(4.1),USA,M,LI,IX,_Z,AA,IX,_Z,H,2003-11,100.3629,A,0,2,
OECD.SDD.STES:DSD_STES@DF_CLI(4.1),USA,M,LI,IX,_Z,AA,IX,_Z,H,2003-10,99.98395,A,0,2,
OECD.SDD.STES:DSD_STES@DF_CLI(4.1),USA,M,LI,IX,_Z,AA,IX,_Z,H,2003-09,99.57682,A,0,2,
OECD.SDD.STES:DSD_STES@DF_CLI(4.1),USA,M,LI,IX,_Z,AA,IX,_Z,H,2003-08,99.17459,A,0,2,
OECD.SDD.STES:DSD_STES@DF_CLI(4.1),USA,M,LI,IX,_Z,AA,IX,_Z,H,2003-07,98.79874,A,0,2,
OECD.SDD.STES:DSD_STES@DF_CLI(4.1),USA,M,LI,IX,_Z,AA,IX,_Z,H,2003-06,98.46124,A,0,2,
OECD.SDD.STES:DSD_STES@DF_CLI(4.1),USA,M,LI,IX,_Z,AA,IX,_Z,H,2003-05,98.17337,A,0,2,
OECD.SDD.STES:DSD_STES@DF_CLI(4.1),USA,M,LI,IX,_Z,AA,IX,_Z,H,2003-04,97.94975,A,0,2,
OECD.SDD.STES:DSD_STES@DF_CLI(4.1),USA,M,LI,IX,_Z,AA,IX,_Z,H,2003-03,97.81718,A,0,2,
OECD.SDD.STES:DSD_STES@DF_CLI(4.1),USA,M,LI,IX,_Z,AA,IX,_Z,H,2003-02,97.78146,A,0,2,
OECD.SDD.STES:DSD_STES@DF_CLI(4.1),USA,M,LI,IX,_Z,AA,IX,_Z,H,2003-01,97.81531,A,0,2,
OECD.SDD.STES:DSD_STES@DF_CLI(4.1),USA,M,LI,IX,_Z,AA,IX,_Z,H,2002-12,97.88641,A,0,2,
OECD.SDD.STES:DSD_STES@DF_CLI(4.1),USA,M,LI,IX,_Z,AA,IX,_Z,H,2002-11,97.98411,A,0,2,
OECD.SDD.STES:DSD_STES@DF_CLI(4.1),USA,M,LI,IX,_Z,AA,IX,_Z,H,2002-10,98.12964,A,0,2,
OECD.SDD.STES:DSD_STES@DF_CLI(4.1),USA,M,LI,IX,_Z,AA,IX,_Z,H,2002-09,98.34973,A,0,2,
OECD.SDD.STES:DSD_STES@DF_CLI(4.1),USA,M,LI,IX,_Z,AA,IX,_Z,H,2002-08,98.62935,A,0,2,
OECD.SDD.STES:DSD_STES@DF_CLI(4.1),USA,M,LI,IX,_Z,AA,IX,_Z,H,2002-07,98.9307,A,0,2,
OECD.SDD.STES:DSD_STES@DF_CLI(4.1),USA,M,LI,IX,_Z,AA,IX,_Z,H,2002-06,99.21305,A,0,2,
OECD.SDD.STES:DSD_STES@DF_CLI(4.1),USA,M,LI,IX,_Z,AA,IX,_Z,H,2002-05,99.40943,A,0,2,
OECD.SDD.STES:DSD_STES@DF_CLI(4.1),USA,M,LI,IX,_Z,AA,IX,_Z,H,2002-04,99.46718,A,0,2,
OECD.SDD.STES:DSD_STES@DF_CLI(4.1),USA,M,LI,IX,_Z,AA,IX,_Z,H,2002-03,99.37753,A,0,2,
OECD.SDD.STES:DSD_STES@DF_CLI(4.1),USA,M,LI,IX,_Z,AA,IX,_Z,H,2005-10,100.7673,A,0,2,
OECD.SDD.STES:DSD_STES@DF_CLI(4.1),USA,M,LI,IX,_Z,AA,IX,_Z,H,2005-09,100.6174,A,0,2,
OECD.SDD.STES:DSD_STES@DF_CLI(4.1),USA,M,LI,IX,_Z,AA,IX,_Z,H,2005-08,100.5134,A,0,2,
OECD.SDD.STES:DSD_STES@DF_CLI(4.1),USA,M,LI,IX,_Z,AA,IX,_Z,H,2005-07,100.4427,A,0,2,
OECD.SDD.STES:DSD_STES@DF_CLI(4.1),USA,M,LI,IX,_Z,AA,IX,_Z,H,2005-06,100.3896,A,0,2,
OECD.SDD.STES:DSD_STES@DF_CLI(4.1),FRA,M,LI,IX,_Z,AA,IX,_Z,H,2002-07,98.95007,A,0,2,
OECD.SDD.STES:DSD_STES@DF_CLI(4.1),DEU,M,LI,IX,_Z,AA,IX,_Z,H,2017-07,101.1952,A,0,2,
OECD.SDD.STES:DSD_STES@DF_CLI(4.1),ITA,M,LI,IX,_Z,AA,IX,_Z,H,2020-03,93.80689,A,0,2,
OECD.SDD.STES:DSD_STES@DF_CLI(4.1),JPN,M,LI,IX,_Z,AA,IX,_Z,H,2024-02,99.80141,A,0,2,
OECD.SDD.STES:DSD_STES@DF_CLI(4.1),ESP,M,LI,IX,_Z,AA,IX,_Z,H,2023-02,99.57851,A,0,2,
OECD.SDD.STES:DSD_STES@DF_CLI(4.1),TUR,M,LI,IX,_Z,AA,IX,_Z,H,2003-01,99.40618,A,0,2,
OECD.SDD.STES:DSD_STES@DF_CLI(4.1),GBR,M,LI,IX,_Z,AA,IX,_Z,H,2006-07,101.4978,A,0,2,
OECD.SDD.STES:DSD_STES@DF_CLI(4.1),USA,M,LI,IX,_Z,AA,IX,_Z,H,2023-05,98.59883,A,0,2,
OECD.SDD.STES:DSD_STES@DF_CLI(4.1),USA,M,LI,IX,_Z,AA,IX,_Z,H,2026-09,100.9993,A,0,2,
OECD.SDD.STES:DSD_STES@DF_CLI(4.1),USA,M,LI,IX,_Z,AA,IX,_Z,H,2026-08,100.9464,A,0,2,
OECD.SDD.STES:DSD_STES@DF_CLI(4.1),USA,M,LI,IX,_Z,AA,IX,_Z,H,2026-07,100.8691,A,0,2,
OECD.SDD.STES:DSD_STES@DF_CLI(4.1),USA,M,LI,IX,_Z,AA,IX,_Z,H,2026-06,100.763,A,0,2,
OECD.SDD.STES:DSD_STES@DF_CLI(4.1),USA,M,LI,IX,_Z,AA,IX,_Z,H,2024-10,99.58716,A,0,2,
OECD.SDD.STES:DSD_STES@DF_CLI(4.1),USA,M,LI,IX,_Z,AA,IX,_Z,H,2024-09,99.47209,A,0,2,
